bam_id	giab_id	trio	description	coverage	input_fqs	aligner	ref_genome	ftp_readme_url	ftp_dir	ftp_bam_file	ftp_bai_file	ftp_md5_list_file	sra_ids	bioproject_id	other_seq_data	notes	md5key
AL-20001	HG002	ASHKENAZI_JEWISH	COMPREHEND	300x	SR-20003	Novoalign	GRCh38	https://ftp-trace.ncbi.nlm.nih.gov/ReferenceSamples/giab/data/AshkenazimTrio/HG002_NA24385_son/NIST_HiSeq_HG002_Homogeneity-10953946/NHGRI_Illumina300X_AJtrio_novoalign_bams/README_NHGRI_Novoalign_bams	https://ftp-trace.ncbi.nlm.nih.gov/ReferenceSamples/giab/data/AshkenazimTrio/HG002_NA24385_son/NIST_HiSeq_HG002_Homogeneity-10953946/NHGRI_Illumina300X_AJtrio_novoalign_bams/	https://ftp-trace.ncbi.nlm.nih.gov/ReferenceSamples/giab/data/AshkenazimTrio/HG002_NA24385_son/NIST_HiSeq_HG002_Homogeneity-10953946/NHGRI_Illumina300X_AJtrio_novoalign_bams/HG002.GRCh38.300x.bam	https://ftp-trace.ncbi.nlm.nih.gov/ReferenceSamples/giab/data/AshkenazimTrio/HG002_NA24385_son/NIST_HiSeq_HG002_Homogeneity-10953946/NHGRI_Illumina300X_AJtrio_novoalign_bams/HG002.GRCh38.300x.bam.bai	NA	NA	NA	NA	NA	846c2e73298f7d37501801cf2d1b334c
AL-20002	HG002	ASHKENAZI_JEWISH	HiSeq2500_Homogeneity_2014-11-13	300x	SR-20003	Novoalign	GRCh38	https://ftp-trace.ncbi.nlm.nih.gov/ReferenceSamples/giab/data/AshkenazimTrio/HG002_NA24385_son/NIST_HiSeq_HG002_Homogeneity-10953946/NHGRI_Illumina300X_AJtrio_novoalign_bams/README_NHGRI_Novoalign_bams	https://ftp-trace.ncbi.nlm.nih.gov/ReferenceSamples/giab/data/AshkenazimTrio/HG002_NA24385_son/NIST_HiSeq_HG002_Homogeneity-10953946/NHGRI_Illumina300X_AJtrio_novoalign_bams/	https://ftp-trace.ncbi.nlm.nih.gov/ReferenceSamples/giab/data/AshkenazimTrio/HG002_NA24385_son/NIST_HiSeq_HG002_Homogeneity-10953946/NHGRI_Illumina300X_AJtrio_novoalign_bams/HG002.GRCh38.300x_chr20.bam	https://ftp-trace.ncbi.nlm.nih.gov/ReferenceSamples/giab/data/AshkenazimTrio/HG002_NA24385_son/NIST_HiSeq_HG002_Homogeneity-10953946/NHGRI_Illumina300X_AJtrio_novoalign_bams/HG002.GRCh38.300x_chr20.bam.bai	NA	NA	NA	NA	chr20 Only	29fd3b71f3242bc55da3120df866ddc0
AL-20003	HG002	ASHKENAZI_JEWISH	HiSeq2500_Homogeneity_2014-11-13	60x	SR-20003	Novoalign	GRCh38	https://ftp-trace.ncbi.nlm.nih.gov/ReferenceSamples/giab/data/AshkenazimTrio/HG002_NA24385_son/NIST_HiSeq_HG002_Homogeneity-10953946/NHGRI_Illumina300X_AJtrio_novoalign_bams/README_NHGRI_Novoalign_bams	https://ftp-trace.ncbi.nlm.nih.gov/ReferenceSamples/giab/data/AshkenazimTrio/HG002_NA24385_son/NIST_HiSeq_HG002_Homogeneity-10953946/NHGRI_Illumina300X_AJtrio_novoalign_bams/	https://ftp-trace.ncbi.nlm.nih.gov/ReferenceSamples/giab/data/AshkenazimTrio/HG002_NA24385_son/NIST_HiSeq_HG002_Homogeneity-10953946/NHGRI_Illumina300X_AJtrio_novoalign_bams/HG002.GRCh38.60x.1.bam	https://ftp-trace.ncbi.nlm.nih.gov/ReferenceSamples/giab/data/AshkenazimTrio/HG002_NA24385_son/NIST_HiSeq_HG002_Homogeneity-10953946/NHGRI_Illumina300X_AJtrio_novoalign_bams/HG002.GRCh38.60x.1.bam.bai	NA	NA	NA	NA	First 20% of reads	ca9fac4dbd21f3609eb8f6c957b321f4
AL-20004	HG002	ASHKENAZI_JEWISH	HiSeq2500_Homogeneity_2014-11-13	300x	SR-20003	Novoalign	hs37d5	https://ftp-trace.ncbi.nlm.nih.gov/ReferenceSamples/giab/data/AshkenazimTrio/HG002_NA24385_son/NIST_HiSeq_HG002_Homogeneity-10953946/NHGRI_Illumina300X_AJtrio_novoalign_bams/README_NHGRI_Novoalign_bams	https://ftp-trace.ncbi.nlm.nih.gov/ReferenceSamples/giab/data/AshkenazimTrio/HG002_NA24385_son/NIST_HiSeq_HG002_Homogeneity-10953946/NHGRI_Illumina300X_AJtrio_novoalign_bams/	https://ftp-trace.ncbi.nlm.nih.gov/ReferenceSamples/giab/data/AshkenazimTrio/HG002_NA24385_son/NIST_HiSeq_HG002_Homogeneity-10953946/NHGRI_Illumina300X_AJtrio_novoalign_bams/HG002.hs37d5.300x.bam	https://ftp-trace.ncbi.nlm.nih.gov/ReferenceSamples/giab/data/AshkenazimTrio/HG002_NA24385_son/NIST_HiSeq_HG002_Homogeneity-10953946/NHGRI_Illumina300X_AJtrio_novoalign_bams/HG002.hs37d5.300x.bam.bai	NA	NA	NA	NA	NA	e649513214e87040a023f8c21b39b65c
AL-20005	HG002	ASHKENAZI_JEWISH	HiSeq2500_Homogeneity_2014-11-13	300x	SR-20003	Novoalign	hs37d5	https://ftp-trace.ncbi.nlm.nih.gov/ReferenceSamples/giab/data/AshkenazimTrio/HG002_NA24385_son/NIST_HiSeq_HG002_Homogeneity-10953946/NHGRI_Illumina300X_AJtrio_novoalign_bams/README_NHGRI_Novoalign_bams	https://ftp-trace.ncbi.nlm.nih.gov/ReferenceSamples/giab/data/AshkenazimTrio/HG002_NA24385_son/NIST_HiSeq_HG002_Homogeneity-10953946/NHGRI_Illumina300X_AJtrio_novoalign_bams/	https://ftp-trace.ncbi.nlm.nih.gov/ReferenceSamples/giab/data/AshkenazimTrio/HG002_NA24385_son/NIST_HiSeq_HG002_Homogeneity-10953946/NHGRI_Illumina300X_AJtrio_novoalign_bams/HG002.hs37d5.300x_chr20.bam	https://ftp-trace.ncbi.nlm.nih.gov/ReferenceSamples/giab/data/AshkenazimTrio/HG002_NA24385_son/NIST_HiSeq_HG002_Homogeneity-10953946/NHGRI_Illumina300X_AJtrio_novoalign_bams/HG002.hs37d5.300x_chr20.bam.bai	NA	NA	NA	NA	chr20 only	0b712992dafbbc24984dbb7130fd82ab
AL-20006	HG002	ASHKENAZI_JEWISH	HiSeq2500_Homogeneity_2014-11-13	60x	SR-20003	Novoalign	hs37d5	https://ftp-trace.ncbi.nlm.nih.gov/ReferenceSamples/giab/data/AshkenazimTrio/HG002_NA24385_son/NIST_HiSeq_HG002_Homogeneity-10953946/NHGRI_Illumina300X_AJtrio_novoalign_bams/README_NHGRI_Novoalign_bams	https://ftp-trace.ncbi.nlm.nih.gov/ReferenceSamples/giab/data/AshkenazimTrio/HG002_NA24385_son/NIST_HiSeq_HG002_Homogeneity-10953946/NHGRI_Illumina300X_AJtrio_novoalign_bams/	https://ftp-trace.ncbi.nlm.nih.gov/ReferenceSamples/giab/data/AshkenazimTrio/HG002_NA24385_son/NIST_HiSeq_HG002_Homogeneity-10953946/NHGRI_Illumina300X_AJtrio_novoalign_bams/HG002.hs37d5.60x.1.bam	https://ftp-trace.ncbi.nlm.nih.gov/ReferenceSamples/giab/data/AshkenazimTrio/HG002_NA24385_son/NIST_HiSeq_HG002_Homogeneity-10953946/NHGRI_Illumina300X_AJtrio_novoalign_bams/HG002.hs37d5.60x.1.bam.bai	NA	NA	NA	NA	First 20% of reads	02e2e017ed8c290f8e0997c407dd1ea5
AL-20007	HG002	ASHKENAZI_JEWISH	HiSeq2500_Homogeneity_2014-11-13	40-50x	SR-20003	BWA	UCSC hg19	https://ftp-trace.ncbi.nlm.nih.gov/ReferenceSamples/giab/data/AshkenazimTrio/HG002_NA24385_son/NIST_HiSeq_HG002_Homogeneity-10953946/README_NIST_Illumina_pairedend_HG002.txt	https://ftp-trace.ncbi.nlm.nih.gov/ReferenceSamples/giab/data/AshkenazimTrio/HG002_NA24385_son/NIST_HiSeq_HG002_Homogeneity-10953946/HG002Run01-11419412/	https://ftp-trace.ncbi.nlm.nih.gov/ReferenceSamples/giab/data/AshkenazimTrio/HG002_NA24385_son/NIST_HiSeq_HG002_Homogeneity-10953946/HG002Run01-11419412/HG002run1_S1.bam	https://ftp-trace.ncbi.nlm.nih.gov/ReferenceSamples/giab/data/AshkenazimTrio/HG002_NA24385_son/NIST_HiSeq_HG002_Homogeneity-10953946/HG002Run01-11419412/HG002run1_S1.bam.bai	https://ftp-trace.ncbi.nlm.nih.gov/ReferenceSamples/giab/data/AshkenazimTrio/HG002_NA24385_son/NIST_HiSeq_HG002_Homogeneity-10953946/HG002Run01-11419412/HG002run1_S1.bam.md5	NA	NA	NA	Analyzed with BWA Whole Genome Sequencing (BaseSpace Workflow) 1.0.0.1	4f9ab9ce555ccfab834fbae788830bc7
AL-20008	HG002	ASHKENAZI_JEWISH	HiSeq2500_Homogeneity_2014-11-13	40-50x	SR-20003	BWA	UCSC hg19	https://ftp-trace.ncbi.nlm.nih.gov/ReferenceSamples/giab/data/AshkenazimTrio/HG002_NA24385_son/NIST_HiSeq_HG002_Homogeneity-10953946/README_NIST_Illumina_pairedend_HG002.txt	https://ftp-trace.ncbi.nlm.nih.gov/ReferenceSamples/giab/data/AshkenazimTrio/HG002_NA24385_son/NIST_HiSeq_HG002_Homogeneity-10953946/HG002Run02-11611685/	https://ftp-trace.ncbi.nlm.nih.gov/ReferenceSamples/giab/data/AshkenazimTrio/HG002_NA24385_son/NIST_HiSeq_HG002_Homogeneity-10953946/HG002Run02-11611685/HG002-Run2_S1.bam	https://ftp-trace.ncbi.nlm.nih.gov/ReferenceSamples/giab/data/AshkenazimTrio/HG002_NA24385_son/NIST_HiSeq_HG002_Homogeneity-10953946/HG002Run02-11611685/HG002-Run2_S1.bam.bai	NA	NA	NA	NA	Analyzed with BWA Whole Genome Sequencing (BaseSpace Workflow) 1.0.0.1	3ac540a3f1fb8de7a70e0b50847a6747
AL-20009	HG002	ASHKENAZI_JEWISH	HiSeq2500_2x250bps_2016-06-01	40-50x	SR-20002	Novoalign	GRCh38	https://ftp-trace.ncbi.nlm.nih.gov/ReferenceSamples/giab/data/AshkenazimTrio/HG002_NA24385_son/NIST_Illumina_2x250bps/novoalign_bams/README_update_feb2019	https://ftp-trace.ncbi.nlm.nih.gov/ReferenceSamples/giab/data/AshkenazimTrio/HG002_NA24385_son/NIST_Illumina_2x250bps/novoalign_bams/	https://ftp-trace.ncbi.nlm.nih.gov/ReferenceSamples/giab/data/AshkenazimTrio/HG002_NA24385_son/NIST_Illumina_2x250bps/novoalign_bams/HG002.GRCh38.2x250.bam	https://ftp-trace.ncbi.nlm.nih.gov/ReferenceSamples/giab/data/AshkenazimTrio/HG002_NA24385_son/NIST_Illumina_2x250bps/novoalign_bams/HG002.GRCh38.2x250.bam.bai	https://ftp-trace.ncbi.nlm.nih.gov/ReferenceSamples/giab/data/AshkenazimTrio/HG002_NA24385_son/NIST_Illumina_2x250bps/novoalign_bams/HG002_corrected_md5sums.feb19upload.txt	NA	NA	NA	Version 3.02.01 Novoalign used	42038a386e9b10e2d036c00aa51f3cf9
AL-20010	HG002	ASHKENAZI_JEWISH	HiSeq2500_2x250bps_2016-06-01	40-50x	SR-20002	Novoalign	hs37d5	https://ftp-trace.ncbi.nlm.nih.gov/ReferenceSamples/giab/data/AshkenazimTrio/HG002_NA24385_son/NIST_Illumina_2x250bps/novoalign_bams/README_update_feb2019	https://ftp-trace.ncbi.nlm.nih.gov/ReferenceSamples/giab/data/AshkenazimTrio/HG002_NA24385_son/NIST_Illumina_2x250bps/novoalign_bams/	https://ftp-trace.ncbi.nlm.nih.gov/ReferenceSamples/giab/data/AshkenazimTrio/HG002_NA24385_son/NIST_Illumina_2x250bps/novoalign_bams/HG002.hs37d5.2x250.bam	https://ftp-trace.ncbi.nlm.nih.gov/ReferenceSamples/giab/data/AshkenazimTrio/HG002_NA24385_son/NIST_Illumina_2x250bps/novoalign_bams/HG002.hs37d5.2x250.bam.bai	https://ftp-trace.ncbi.nlm.nih.gov/ReferenceSamples/giab/data/AshkenazimTrio/HG002_NA24385_son/NIST_Illumina_2x250bps/novoalign_bams/HG002_corrected_md5sums.feb19upload.txt	NA	NA	NA	Version 3.02.01 Novoalign used	3e52d6d34555e4666cd0c97fc9d50f2b
AL-20011	HG002	ASHKENAZI_JEWISH	HiSeq2500_6kb_matepair_2015-08-13	13-17x	SR-20001	BWA Mem	UCSC hg19	https://ftp-trace.ncbi.nlm.nih.gov/ReferenceSamples/giab/data/AshkenazimTrio/HG002_NA24385_son/NIST_Stanford_Illumina_6kb_matepair/README.NIST_Stanford_Illumina_6kb_matepair	https://ftp-trace.ncbi.nlm.nih.gov/ReferenceSamples/giab/data/AshkenazimTrio/HG002_NA24385_son/NIST_Stanford_Illumina_6kb_matepair/bams/	https://ftp-trace.ncbi.nlm.nih.gov/ReferenceSamples/giab/data/AshkenazimTrio/HG002_NA24385_son/NIST_Stanford_Illumina_6kb_matepair/bams/HG002.mate_pair.sorted.bam	https://ftp-trace.ncbi.nlm.nih.gov/ReferenceSamples/giab/data/AshkenazimTrio/HG002_NA24385_son/NIST_Stanford_Illumina_6kb_matepair/bams/HG002.mate_pair.sorted.bam.bai	NA	NA	NA	NA	NA	5f81c23b8f595d8008b8c66bca4e8e75
AL-20012	HG002	ASHKENAZI_JEWISH	HiSeq2500_6kb_matepair_2015-08-13	13-17x	SR-20001	BWA Mem	GRCh38	https://ftp-trace.ncbi.nlm.nih.gov/ReferenceSamples/giab/data/AshkenazimTrio/HG002_NA24385_son/NIST_Stanford_Illumina_6kb_matepair/README.NIST_Stanford_Illumina_6kb_matepair	https://ftp-trace.ncbi.nlm.nih.gov/ReferenceSamples/giab/data/AshkenazimTrio/HG002_NA24385_son/NIST_Stanford_Illumina_6kb_matepair/bams/GRCh38/	https://ftp-trace.ncbi.nlm.nih.gov/ReferenceSamples/giab/data/AshkenazimTrio/HG002_NA24385_son/NIST_Stanford_Illumina_6kb_matepair/bams/GRCh38/HG002.sorted.bam	https://ftp-trace.ncbi.nlm.nih.gov/ReferenceSamples/giab/data/AshkenazimTrio/HG002_NA24385_son/NIST_Stanford_Illumina_6kb_matepair/bams/GRCh38/HG002.sorted.bam.bai	https://ftp-trace.ncbi.nlm.nih.gov/ReferenceSamples/giab/data/AshkenazimTrio/HG002_NA24385_son/NIST_Stanford_Illumina_6kb_matepair/bams/GRCh38/md5sum	NA	NA	NA	NA	d6bf1af51afd1579095b1a2b91ab4146
AL-20013	HG003	ASHKENAZI_JEWISH	HiSeq2500_Homogeneity_2014-11-17	300x	SR-20006	Novoalign	GRCh38	https://ftp-trace.ncbi.nlm.nih.gov/ReferenceSamples/giab/data/AshkenazimTrio/HG003_NA24149_father/NIST_HiSeq_HG003_Homogeneity-12389378/NHGRI_Illumina300X_AJtrio_novoalign_bams/README_NHGRI_Novoalign_bams	https://ftp-trace.ncbi.nlm.nih.gov/ReferenceSamples/giab/data/AshkenazimTrio/HG003_NA24149_father/NIST_HiSeq_HG003_Homogeneity-12389378/NHGRI_Illumina300X_AJtrio_novoalign_bams/	https://ftp-trace.ncbi.nlm.nih.gov/ReferenceSamples/giab/data/AshkenazimTrio/HG003_NA24149_father/NIST_HiSeq_HG003_Homogeneity-12389378/NHGRI_Illumina300X_AJtrio_novoalign_bams/HG003.GRCh38.300x.bam	https://ftp-trace.ncbi.nlm.nih.gov/ReferenceSamples/giab/data/AshkenazimTrio/HG003_NA24149_father/NIST_HiSeq_HG003_Homogeneity-12389378/NHGRI_Illumina300X_AJtrio_novoalign_bams/HG003.GRCh38.300x.bam.bai	NA	NA	NA	NA	NA	a8f9b3bfa6d910e99acc4409be3b97c1
AL-20014	HG003	ASHKENAZI_JEWISH	HiSeq2500_Homogeneity_2014-11-17	60x	SR-20006	Novoalign	GRCh38	https://ftp-trace.ncbi.nlm.nih.gov/ReferenceSamples/giab/data/AshkenazimTrio/HG003_NA24149_father/NIST_HiSeq_HG003_Homogeneity-12389378/NHGRI_Illumina300X_AJtrio_novoalign_bams/README_NHGRI_Novoalign_bams	https://ftp-trace.ncbi.nlm.nih.gov/ReferenceSamples/giab/data/AshkenazimTrio/HG003_NA24149_father/NIST_HiSeq_HG003_Homogeneity-12389378/NHGRI_Illumina300X_AJtrio_novoalign_bams/	https://ftp-trace.ncbi.nlm.nih.gov/ReferenceSamples/giab/data/AshkenazimTrio/HG003_NA24149_father/NIST_HiSeq_HG003_Homogeneity-12389378/NHGRI_Illumina300X_AJtrio_novoalign_bams/HG003.GRCh38.60x.1.bam	https://ftp-trace.ncbi.nlm.nih.gov/ReferenceSamples/giab/data/AshkenazimTrio/HG003_NA24149_father/NIST_HiSeq_HG003_Homogeneity-12389378/NHGRI_Illumina300X_AJtrio_novoalign_bams/HG003.GRCh38.60x.1.bam.bai	NA	NA	NA	NA	First 20% of reads	89fdd09cc3ec37c1219c9560697be3e0
AL-20015	HG003	ASHKENAZI_JEWISH	HiSeq2500_Homogeneity_2014-11-17	300x	SR-20006	Novoalign	hs37d5	https://ftp-trace.ncbi.nlm.nih.gov/ReferenceSamples/giab/data/AshkenazimTrio/HG003_NA24149_father/NIST_HiSeq_HG003_Homogeneity-12389378/NHGRI_Illumina300X_AJtrio_novoalign_bams/README_NHGRI_Novoalign_bams	https://ftp-trace.ncbi.nlm.nih.gov/ReferenceSamples/giab/data/AshkenazimTrio/HG003_NA24149_father/NIST_HiSeq_HG003_Homogeneity-12389378/NHGRI_Illumina300X_AJtrio_novoalign_bams/	https://ftp-trace.ncbi.nlm.nih.gov/ReferenceSamples/giab/data/AshkenazimTrio/HG003_NA24149_father/NIST_HiSeq_HG003_Homogeneity-12389378/NHGRI_Illumina300X_AJtrio_novoalign_bams/HG003.hs37d5.300x.bam	https://ftp-trace.ncbi.nlm.nih.gov/ReferenceSamples/giab/data/AshkenazimTrio/HG003_NA24149_father/NIST_HiSeq_HG003_Homogeneity-12389378/NHGRI_Illumina300X_AJtrio_novoalign_bams/HG003.hs37d5.300x.bam.bai	NA	NA	NA	NA	NA	70c1b1ab63bcf14ddb8889da75101b6b
AL-20016	HG003	ASHKENAZI_JEWISH	HiSeq2500_Homogeneity_2014-11-17	60x	SR-20006	Novoalign	hs37d5	https://ftp-trace.ncbi.nlm.nih.gov/ReferenceSamples/giab/data/AshkenazimTrio/HG003_NA24149_father/NIST_HiSeq_HG003_Homogeneity-12389378/NHGRI_Illumina300X_AJtrio_novoalign_bams/README_NHGRI_Novoalign_bams	https://ftp-trace.ncbi.nlm.nih.gov/ReferenceSamples/giab/data/AshkenazimTrio/HG003_NA24149_father/NIST_HiSeq_HG003_Homogeneity-12389378/NHGRI_Illumina300X_AJtrio_novoalign_bams/	https://ftp-trace.ncbi.nlm.nih.gov/ReferenceSamples/giab/data/AshkenazimTrio/HG003_NA24149_father/NIST_HiSeq_HG003_Homogeneity-12389378/NHGRI_Illumina300X_AJtrio_novoalign_bams/HG003.hs37d5.60x.1.bam	https://ftp-trace.ncbi.nlm.nih.gov/ReferenceSamples/giab/data/AshkenazimTrio/HG003_NA24149_father/NIST_HiSeq_HG003_Homogeneity-12389378/NHGRI_Illumina300X_AJtrio_novoalign_bams/HG003.hs37d5.60x.1.bam.bai	NA	NA	NA	NA	First 20% of reads	5eb646bbda1d0ceadf13cba4e483a70b
AL-20017	HG003	ASHKENAZI_JEWISH	HiSeq2500_Homogeneity_2014-11-17	40-50x	SR-20006	BWA	UCSC hg19	https://ftp-trace.ncbi.nlm.nih.gov/ReferenceSamples/giab/data/AshkenazimTrio/HG003_NA24149_father/NIST_HiSeq_HG003_Homogeneity-12389378/README_NIST_Illumina_pairedend_HG003.txt	https://ftp-trace.ncbi.nlm.nih.gov/ReferenceSamples/giab/data/AshkenazimTrio/HG003_NA24149_father/NIST_HiSeq_HG003_Homogeneity-12389378/HG003Run01-13262252/	https://ftp-trace.ncbi.nlm.nih.gov/ReferenceSamples/giab/data/AshkenazimTrio/HG003_NA24149_father/NIST_HiSeq_HG003_Homogeneity-12389378/HG003Run01-13262252/HG003Run01_S1.bam	https://ftp-trace.ncbi.nlm.nih.gov/ReferenceSamples/giab/data/AshkenazimTrio/HG003_NA24149_father/NIST_HiSeq_HG003_Homogeneity-12389378/HG003Run01-13262252/HG003Run01_S1.bam.bai	NA	NA	NA	NA	Analyzed with BWA Whole Genome Sequencing (BaseSpace Workflow) 1.0.0.1	a3fcde375782c24526fb33ad6c4acc53
AL-20018	HG003	ASHKENAZI_JEWISH	HiSeq2500_Homogeneity_2014-11-17	40-50x	SR-20006	BWA	UCSC hg19	https://ftp-trace.ncbi.nlm.nih.gov/ReferenceSamples/giab/data/AshkenazimTrio/HG003_NA24149_father/NIST_HiSeq_HG003_Homogeneity-12389378/README_NIST_Illumina_pairedend_HG003.txt	https://ftp-trace.ncbi.nlm.nih.gov/ReferenceSamples/giab/data/AshkenazimTrio/HG003_NA24149_father/NIST_HiSeq_HG003_Homogeneity-12389378/HG003Run03-13288282/	https://ftp-trace.ncbi.nlm.nih.gov/ReferenceSamples/giab/data/AshkenazimTrio/HG003_NA24149_father/NIST_HiSeq_HG003_Homogeneity-12389378/HG003Run03-13288282/HG003Run03_S1.bam	https://ftp-trace.ncbi.nlm.nih.gov/ReferenceSamples/giab/data/AshkenazimTrio/HG003_NA24149_father/NIST_HiSeq_HG003_Homogeneity-12389378/HG003Run03-13288282/HG003Run03_S1.bam.bai	NA	NA	NA	NA	Analyzed with BWA Whole Genome Sequencing (BaseSpace Workflow) 1.0.0.1	6df55ec6490666812fe9429781077425
AL-20019	HG003	ASHKENAZI_JEWISH	HiSeq2500_2x250bps_2016-02-01	NA	SR-20005	Novoalign	GRCh38	https://ftp-trace.ncbi.nlm.nih.gov/ReferenceSamples/giab/data/AshkenazimTrio/HG003_NA24149_father/NIST_Illumina_2x250bps/novoalign_bams/README	https://ftp-trace.ncbi.nlm.nih.gov/ReferenceSamples/giab/data/AshkenazimTrio/HG003_NA24149_father/NIST_Illumina_2x250bps/novoalign_bams/	https://ftp-trace.ncbi.nlm.nih.gov/ReferenceSamples/giab/data/AshkenazimTrio/HG003_NA24149_father/NIST_Illumina_2x250bps/novoalign_bams/HG003.GRCh38.2x250.bam	https://ftp-trace.ncbi.nlm.nih.gov/ReferenceSamples/giab/data/AshkenazimTrio/HG003_NA24149_father/NIST_Illumina_2x250bps/novoalign_bams/HG003.GRCh38.2x250.bam.bai	NA	NA	NA	NA	Version 3.02.07 Novoalign used	81c07cbf057612533020e112455c04da
AL-20020	HG003	ASHKENAZI_JEWISH	HiSeq2500_2x250bps_2016-02-01	NA	SR-20005	Novoalign	hs37d5	https://ftp-trace.ncbi.nlm.nih.gov/ReferenceSamples/giab/data/AshkenazimTrio/HG003_NA24149_father/NIST_Illumina_2x250bps/novoalign_bams/README	https://ftp-trace.ncbi.nlm.nih.gov/ReferenceSamples/giab/data/AshkenazimTrio/HG003_NA24149_father/NIST_Illumina_2x250bps/novoalign_bams/	https://ftp-trace.ncbi.nlm.nih.gov/ReferenceSamples/giab/data/AshkenazimTrio/HG003_NA24149_father/NIST_Illumina_2x250bps/novoalign_bams/HG003.hs37d5.2x250.bam	https://ftp-trace.ncbi.nlm.nih.gov/ReferenceSamples/giab/data/AshkenazimTrio/HG003_NA24149_father/NIST_Illumina_2x250bps/novoalign_bams/HG003.hs37d5.2x250.bam.bai	NA	NA	NA	NA	Version 3.02.07 Novoalign used	519b0856fb743a9ea65c090ed88b36ef
AL-20021	HG003	ASHKENAZI_JEWISH	HiSeq2500_2x250bps_2016-02-01	NA	SR-20005	Isaac	UCSC hg19	https://ftp-trace.ncbi.nlm.nih.gov/ReferenceSamples/giab/data/AshkenazimTrio/HG003_NA24149_father/NIST_Illumina_2x250bps/README_NIST_Illumina_pairedend_2x250_HG003.txt	https://ftp-trace.ncbi.nlm.nih.gov/ReferenceSamples/giab/data/AshkenazimTrio/HG003_NA24149_father/NIST_Illumina_2x250bps/HG003_250bp_All_good-29988042/	https://ftp-trace.ncbi.nlm.nih.gov/ReferenceSamples/giab/data/AshkenazimTrio/HG003_NA24149_father/NIST_Illumina_2x250bps/HG003_250bp_All_good-29988042/HG003-250bp-All-good_S1.bam	https://ftp-trace.ncbi.nlm.nih.gov/ReferenceSamples/giab/data/AshkenazimTrio/HG003_NA24149_father/NIST_Illumina_2x250bps/HG003_250bp_All_good-29988042/HG003-250bp-All-good_S1.bam.bai	NA	NA	NA	NA	Analyzed with Isaac Whole Genome Sequencing (BaseSpace Workflow) 3.0.0.0	f65a1d8ec54c6ee7569ece0cf3886ef2
AL-20022	HG003	ASHKENAZI_JEWISH	HiSeq2500_6kb_matepair_2015-07-31	13-17x	SR-20004	BWA Mem	UCSC hg19	https://ftp-trace.ncbi.nlm.nih.gov/ReferenceSamples/giab/data/AshkenazimTrio/HG003_NA24149_father/NIST_Stanford_Illumina_6kb_matepair/README.NIST_Stanford_Illumina_6kb_matepair	https://ftp-trace.ncbi.nlm.nih.gov/ReferenceSamples/giab/data/AshkenazimTrio/HG003_NA24149_father/NIST_Stanford_Illumina_6kb_matepair/bams/	https://ftp-trace.ncbi.nlm.nih.gov/ReferenceSamples/giab/data/AshkenazimTrio/HG003_NA24149_father/NIST_Stanford_Illumina_6kb_matepair/bams/HG003.mate_pair.sorted.bam	https://ftp-trace.ncbi.nlm.nih.gov/ReferenceSamples/giab/data/AshkenazimTrio/HG003_NA24149_father/NIST_Stanford_Illumina_6kb_matepair/bams/HG003.mate_pair.sorted.bam.bai	NA	NA	NA	NA	NA	6ca4380b37874e176b9725d8ff7a80b3
AL-20023	HG003	ASHKENAZI_JEWISH	HiSeq2500_6kb_matepair_2015-07-31	13-17x	SR-20004	BWA Mem	GRCh38	https://ftp-trace.ncbi.nlm.nih.gov/ReferenceSamples/giab/data/AshkenazimTrio/HG003_NA24149_father/NIST_Stanford_Illumina_6kb_matepair/README.NIST_Stanford_Illumina_6kb_matepair	https://ftp-trace.ncbi.nlm.nih.gov/ReferenceSamples/giab/data/AshkenazimTrio/HG003_NA24149_father/NIST_Stanford_Illumina_6kb_matepair/bams/GRCh38/	https://ftp-trace.ncbi.nlm.nih.gov/ReferenceSamples/giab/data/AshkenazimTrio/HG003_NA24149_father/NIST_Stanford_Illumina_6kb_matepair/bams/GRCh38/HG003.sorted.bam	https://ftp-trace.ncbi.nlm.nih.gov/ReferenceSamples/giab/data/AshkenazimTrio/HG003_NA24149_father/NIST_Stanford_Illumina_6kb_matepair/bams/GRCh38/HG003.sorted.bam.bai	https://ftp-trace.ncbi.nlm.nih.gov/ReferenceSamples/giab/data/AshkenazimTrio/HG003_NA24149_father/NIST_Stanford_Illumina_6kb_matepair/bams/GRCh38/md5sum	NA	NA	NA	NA	01248ac172a46d4d9905f850a66133e7
AL-20024	HG004	ASHKENAZI_JEWISH	HiSeq2500_Homogeneity_2014-11-21	300x	SR-20009	Novoalign	GRCh38	https://ftp-trace.ncbi.nlm.nih.gov/ReferenceSamples/giab/data/AshkenazimTrio/HG004_NA24143_mother/NIST_HiSeq_HG004_Homogeneity-14572558/NHGRI_Illumina300X_AJtrio_novoalign_bams/README_NHGRI_Novoalign_bams	https://ftp-trace.ncbi.nlm.nih.gov/ReferenceSamples/giab/data/AshkenazimTrio/HG004_NA24143_mother/NIST_HiSeq_HG004_Homogeneity-14572558/NHGRI_Illumina300X_AJtrio_novoalign_bams/	https://ftp-trace.ncbi.nlm.nih.gov/ReferenceSamples/giab/data/AshkenazimTrio/HG004_NA24143_mother/NIST_HiSeq_HG004_Homogeneity-14572558/NHGRI_Illumina300X_AJtrio_novoalign_bams/HG004.GRCh38.300x.bam	https://ftp-trace.ncbi.nlm.nih.gov/ReferenceSamples/giab/data/AshkenazimTrio/HG004_NA24143_mother/NIST_HiSeq_HG004_Homogeneity-14572558/NHGRI_Illumina300X_AJtrio_novoalign_bams/HG004.GRCh38.300x.bam.bai	NA	NA	NA	NA	Version 3.02.07 Novoalign used	0fbd17b8f249093973feeb6016be6451
AL-20025	HG004	ASHKENAZI_JEWISH	HiSeq2500_Homogeneity_2014-11-21	60x	SR-20009	Novoalign	GRCh38	https://ftp-trace.ncbi.nlm.nih.gov/ReferenceSamples/giab/data/AshkenazimTrio/HG004_NA24143_mother/NIST_HiSeq_HG004_Homogeneity-14572558/NHGRI_Illumina300X_AJtrio_novoalign_bams/README_NHGRI_Novoalign_bams	https://ftp-trace.ncbi.nlm.nih.gov/ReferenceSamples/giab/data/AshkenazimTrio/HG004_NA24143_mother/NIST_HiSeq_HG004_Homogeneity-14572558/NHGRI_Illumina300X_AJtrio_novoalign_bams/	https://ftp-trace.ncbi.nlm.nih.gov/ReferenceSamples/giab/data/AshkenazimTrio/HG004_NA24143_mother/NIST_HiSeq_HG004_Homogeneity-14572558/NHGRI_Illumina300X_AJtrio_novoalign_bams/HG004.GRCh38.60x.1.bam	https://ftp-trace.ncbi.nlm.nih.gov/ReferenceSamples/giab/data/AshkenazimTrio/HG004_NA24143_mother/NIST_HiSeq_HG004_Homogeneity-14572558/NHGRI_Illumina300X_AJtrio_novoalign_bams/HG004.GRCh38.60x.1.bam.bai	NA	NA	NA	NA	Version 3.02.07 Novoalign used	054a0c356b66303b1504eeb39aeb3cb1
AL-20026	HG004	ASHKENAZI_JEWISH	HiSeq2500_Homogeneity_2014-11-21	300x	SR-20009	Novoalign	hs37d5	https://ftp-trace.ncbi.nlm.nih.gov/ReferenceSamples/giab/data/AshkenazimTrio/HG004_NA24143_mother/NIST_HiSeq_HG004_Homogeneity-14572558/NHGRI_Illumina300X_AJtrio_novoalign_bams/README_NHGRI_Novoalign_bams	https://ftp-trace.ncbi.nlm.nih.gov/ReferenceSamples/giab/data/AshkenazimTrio/HG004_NA24143_mother/NIST_HiSeq_HG004_Homogeneity-14572558/NHGRI_Illumina300X_AJtrio_novoalign_bams/	https://ftp-trace.ncbi.nlm.nih.gov/ReferenceSamples/giab/data/AshkenazimTrio/HG004_NA24143_mother/NIST_HiSeq_HG004_Homogeneity-14572558/NHGRI_Illumina300X_AJtrio_novoalign_bams/HG004.hs37d5.300x.bam	https://ftp-trace.ncbi.nlm.nih.gov/ReferenceSamples/giab/data/AshkenazimTrio/HG004_NA24143_mother/NIST_HiSeq_HG004_Homogeneity-14572558/NHGRI_Illumina300X_AJtrio_novoalign_bams/HG004.hs37d5.300x.bam.bai	NA	NA	NA	NA	Version 3.02.07 Novoalign used	6a8120222bd8c59ce6378f3c09dacf4c
AL-20027	HG004	ASHKENAZI_JEWISH	HiSeq2500_Homogeneity_2014-11-21	60x	SR-20009	Novoalign	hs37d5	https://ftp-trace.ncbi.nlm.nih.gov/ReferenceSamples/giab/data/AshkenazimTrio/HG004_NA24143_mother/NIST_HiSeq_HG004_Homogeneity-14572558/NHGRI_Illumina300X_AJtrio_novoalign_bams/README_NHGRI_Novoalign_bams	https://ftp-trace.ncbi.nlm.nih.gov/ReferenceSamples/giab/data/AshkenazimTrio/HG004_NA24143_mother/NIST_HiSeq_HG004_Homogeneity-14572558/NHGRI_Illumina300X_AJtrio_novoalign_bams/	https://ftp-trace.ncbi.nlm.nih.gov/ReferenceSamples/giab/data/AshkenazimTrio/HG004_NA24143_mother/NIST_HiSeq_HG004_Homogeneity-14572558/NHGRI_Illumina300X_AJtrio_novoalign_bams/HG004.hs37d5.60x.1.bam	https://ftp-trace.ncbi.nlm.nih.gov/ReferenceSamples/giab/data/AshkenazimTrio/HG004_NA24143_mother/NIST_HiSeq_HG004_Homogeneity-14572558/NHGRI_Illumina300X_AJtrio_novoalign_bams/HG004.hs37d5.60x.1.bam.bai	NA	NA	NA	NA	Version 3.02.07 Novoalign used	f2ee03d0967e58237d6e700293819576
AL-20028	HG004	ASHKENAZI_JEWISH	HiSeq2500_Homogeneity_2014-11-21	40-50x	SR-20009	BWA	UCSC hg19	https://ftp-trace.ncbi.nlm.nih.gov/ReferenceSamples/giab/data/AshkenazimTrio/HG004_NA24143_mother/NIST_HiSeq_HG004_Homogeneity-14572558/README_NIST_Illumina_pairedend_HG004.txt	https://ftp-trace.ncbi.nlm.nih.gov/ReferenceSamples/giab/data/AshkenazimTrio/HG004_NA24143_mother/NIST_HiSeq_HG004_Homogeneity-14572558/HG004Run01-15133132/	https://ftp-trace.ncbi.nlm.nih.gov/ReferenceSamples/giab/data/AshkenazimTrio/HG004_NA24143_mother/NIST_HiSeq_HG004_Homogeneity-14572558/HG004Run01-15133132/HG004Run01_S1.bam	https://ftp-trace.ncbi.nlm.nih.gov/ReferenceSamples/giab/data/AshkenazimTrio/HG004_NA24143_mother/NIST_HiSeq_HG004_Homogeneity-14572558/HG004Run01-15133132/HG004Run01_S1.bam.bai	NA	NA	NA	NA	Analyzed with BWA Whole Genome Sequencing (BaseSpace Workflow) 1.0.0.1	3d4b0ee39b165d839d3ee4cf95092062
AL-20029	HG004	ASHKENAZI_JEWISH	HiSeq2500_Homogeneity_2014-11-21	40-50x	SR-20009	BWA	UCSC hg19	https://ftp-trace.ncbi.nlm.nih.gov/ReferenceSamples/giab/data/AshkenazimTrio/HG004_NA24143_mother/NIST_HiSeq_HG004_Homogeneity-14572558/README_NIST_Illumina_pairedend_HG004.txt	https://ftp-trace.ncbi.nlm.nih.gov/ReferenceSamples/giab/data/AshkenazimTrio/HG004_NA24143_mother/NIST_HiSeq_HG004_Homogeneity-14572558/HG004run02-15332344/	https://ftp-trace.ncbi.nlm.nih.gov/ReferenceSamples/giab/data/AshkenazimTrio/HG004_NA24143_mother/NIST_HiSeq_HG004_Homogeneity-14572558/HG004run02-15332344/HG004run02_S1.bam	https://ftp-trace.ncbi.nlm.nih.gov/ReferenceSamples/giab/data/AshkenazimTrio/HG004_NA24143_mother/NIST_HiSeq_HG004_Homogeneity-14572558/HG004run02-15332344/HG004run02_S1.bam.bai	NA	NA	NA	NA	Analyzed with BWA Whole Genome Sequencing (BaseSpace Workflow) 1.0.0.1	0fbd17b8f249093973feeb6016be6451
AL-20030	HG004	ASHKENAZI_JEWISH	HiSeq2500_2x250bps_2016-02-02	NA	SR-20008	Novoalign	GRCh38	https://ftp-trace.ncbi.nlm.nih.gov/ReferenceSamples/giab/data/AshkenazimTrio/HG004_NA24143_mother/NIST_Illumina_2x250bps/novoalign_bams/README	https://ftp-trace.ncbi.nlm.nih.gov/ReferenceSamples/giab/data/AshkenazimTrio/HG004_NA24143_mother/NIST_Illumina_2x250bps/novoalign_bams/	https://ftp-trace.ncbi.nlm.nih.gov/ReferenceSamples/giab/data/AshkenazimTrio/HG004_NA24143_mother/NIST_Illumina_2x250bps/novoalign_bams/HG004.GRCh38.2x250.bam	https://ftp-trace.ncbi.nlm.nih.gov/ReferenceSamples/giab/data/AshkenazimTrio/HG004_NA24143_mother/NIST_Illumina_2x250bps/novoalign_bams/HG004.GRCh38.2x250.bam.bai	NA	NA	NA	NA	Version 3.02.07 Novoalign used	f29d0dd7fbc099536064bcd639ef7e17
AL-20031	HG004	ASHKENAZI_JEWISH	HiSeq2500_2x250bps_2016-02-02	NA	SR-20008	Novoalign	hs37d5	https://ftp-trace.ncbi.nlm.nih.gov/ReferenceSamples/giab/data/AshkenazimTrio/HG004_NA24143_mother/NIST_Illumina_2x250bps/novoalign_bams/README	https://ftp-trace.ncbi.nlm.nih.gov/ReferenceSamples/giab/data/AshkenazimTrio/HG004_NA24143_mother/NIST_Illumina_2x250bps/novoalign_bams/	https://ftp-trace.ncbi.nlm.nih.gov/ReferenceSamples/giab/data/AshkenazimTrio/HG004_NA24143_mother/NIST_Illumina_2x250bps/novoalign_bams/HG004.hs37d5.2x250.bam	https://ftp-trace.ncbi.nlm.nih.gov/ReferenceSamples/giab/data/AshkenazimTrio/HG004_NA24143_mother/NIST_Illumina_2x250bps/novoalign_bams/HG004.hs37d5.2x250.bam.bai	NA	NA	NA	NA	Version 3.02.07 Novoalign used	e244fbe9a53edc0e1adaa934fa7ca58c
AL-20032	HG004	ASHKENAZI_JEWISH	HiSeq2500_2x250bps_2016-02-02	NA	SR-20008	Isaac	UCSC hg19	https://ftp-trace.ncbi.nlm.nih.gov/ReferenceSamples/giab/data/AshkenazimTrio/HG004_NA24143_mother/NIST_Illumina_2x250bps/README_NIST_Illumina_pairedend_2x250_HG004.txt	https://ftp-trace.ncbi.nlm.nih.gov/ReferenceSamples/giab/data/AshkenazimTrio/HG004_NA24143_mother/NIST_Illumina_2x250bps/HG004_250bp_All-29933060/	https://ftp-trace.ncbi.nlm.nih.gov/ReferenceSamples/giab/data/AshkenazimTrio/HG004_NA24143_mother/NIST_Illumina_2x250bps/HG004_250bp_All-29933060/HG004-250bp-All_S1.bam	https://ftp-trace.ncbi.nlm.nih.gov/ReferenceSamples/giab/data/AshkenazimTrio/HG004_NA24143_mother/NIST_Illumina_2x250bps/HG004_250bp_All-29933060/HG004-250bp-All_S1.bam.bai	NA	NA	NA	NA	Analyzed with Isaac Whole Genome Sequencing (BaseSpace Workflow) 3.0.0.0	c7a8ac5ffeaf5b0a7377631a66ed77f0
AL-20033	HG004	ASHKENAZI_JEWISH	HiSeq2500_6kb_matepair_2015-07-31	13-17x	SR-20007	BWA Mem	UCSC hg19	https://ftp-trace.ncbi.nlm.nih.gov/ReferenceSamples/giab/data/AshkenazimTrio/HG004_NA24143_mother/NIST_Stanford_Illumina_6kb_matepair/README.NIST_Stanford_Illumina_6kb_matepair	https://ftp-trace.ncbi.nlm.nih.gov/ReferenceSamples/giab/data/AshkenazimTrio/HG004_NA24143_mother/NIST_Stanford_Illumina_6kb_matepair/bams	https://ftp-trace.ncbi.nlm.nih.gov/ReferenceSamples/giab/data/AshkenazimTrio/HG004_NA24143_mother/NIST_Stanford_Illumina_6kb_matepair/bams/HG004.mate_pair.sorted.bam	https://ftp-trace.ncbi.nlm.nih.gov/ReferenceSamples/giab/data/AshkenazimTrio/HG004_NA24143_mother/NIST_Stanford_Illumina_6kb_matepair/bams/HG004.mate_pair.sorted.bam.bai	NA	NA	NA	NA	NA	6ca4380b37874e176b9725d8ff7a80b3
AL-20034	HG004	ASHKENAZI_JEWISH	HiSeq2500_6kb_matepair_2015-07-31	13-17x	SR-20007	BWA Mem	GRCh38	https://ftp-trace.ncbi.nlm.nih.gov/ReferenceSamples/giab/data/AshkenazimTrio/HG004_NA24143_mother/NIST_Stanford_Illumina_6kb_matepair/README.NIST_Stanford_Illumina_6kb_matepair	https://ftp-trace.ncbi.nlm.nih.gov/ReferenceSamples/giab/data/AshkenazimTrio/HG004_NA24143_mother/NIST_Stanford_Illumina_6kb_matepair/bams/GRCh38	https://ftp-trace.ncbi.nlm.nih.gov/ReferenceSamples/giab/data/AshkenazimTrio/HG004_NA24143_mother/NIST_Stanford_Illumina_6kb_matepair/bams/GRCh38/HG004.sorted.bam	https://ftp-trace.ncbi.nlm.nih.gov/ReferenceSamples/giab/data/AshkenazimTrio/HG004_NA24143_mother/NIST_Stanford_Illumina_6kb_matepair/bams/GRCh38/HG004.sorted.bam.bai	https://ftp-trace.ncbi.nlm.nih.gov/ReferenceSamples/giab/data/AshkenazimTrio/HG004_NA24143_mother/NIST_Stanford_Illumina_6kb_matepair/bams/GRCh38/md5sum	NA	NA	NA	NA	01248ac172a46d4d9905f850a66133e7
AL-20035	HG005	ASHKENAZI_JEWISH	HiSeq2500_Son300xHomogeneity_15-04-20	300x	SR-20010	Novoalign	GRCh38	https://ftp-trace.ncbi.nlm.nih.gov/ReferenceSamples/giab/data/ChineseTrio/HG005_NA24631_son/HG005_NA24631_son_HiSeq_300x/NHGRI_Illumina300X_Chinesetrio_novoalign_bams/README	https://ftp-trace.ncbi.nlm.nih.gov/ReferenceSamples/giab/data/ChineseTrio/HG005_NA24631_son/HG005_NA24631_son_HiSeq_300x/NHGRI_Illumina300X_Chinesetrio_novoalign_bams/	https://ftp-trace.ncbi.nlm.nih.gov/ReferenceSamples/giab/data/ChineseTrio/HG005_NA24631_son/HG005_NA24631_son_HiSeq_300x/NHGRI_Illumina300X_Chinesetrio_novoalign_bams/HG005.GRCh38_full_plus_hs38d1_analysis_set_minus_alts.300x.bam	https://ftp-trace.ncbi.nlm.nih.gov/ReferenceSamples/giab/data/ChineseTrio/HG005_NA24631_son/HG005_NA24631_son_HiSeq_300x/NHGRI_Illumina300X_Chinesetrio_novoalign_bams/HG005.GRCh38_full_plus_hs38d1_analysis_set_minus_alts.300x.bam.bai	NA	NA	NA	NA	NA	3de7114bde4fc8104fdfe6821c3b9b9f
AL-20036	HG005	ASHKENAZI_JEWISH	HiSeq2500_Son300xHomogeneity_15-04-20	300x	SR-20010	Novoalign	hs37d5	https://ftp-trace.ncbi.nlm.nih.gov/ReferenceSamples/giab/data/ChineseTrio/HG005_NA24631_son/HG005_NA24631_son_HiSeq_300x/NHGRI_Illumina300X_Chinesetrio_novoalign_bams/README	https://ftp-trace.ncbi.nlm.nih.gov/ReferenceSamples/giab/data/ChineseTrio/HG005_NA24631_son/HG005_NA24631_son_HiSeq_300x/NHGRI_Illumina300X_Chinesetrio_novoalign_bams/	https://ftp-trace.ncbi.nlm.nih.gov/ReferenceSamples/giab/data/ChineseTrio/HG005_NA24631_son/HG005_NA24631_son_HiSeq_300x/NHGRI_Illumina300X_Chinesetrio_novoalign_bams/HG005.hs37d5.300x.bam	https://ftp-trace.ncbi.nlm.nih.gov/ReferenceSamples/giab/data/ChineseTrio/HG005_NA24631_son/HG005_NA24631_son_HiSeq_300x/NHGRI_Illumina300X_Chinesetrio_novoalign_bams/HG005.hs37d5.300x.bam.bai	NA	NA	NA	NA	NA	7a1d249aa05629e12cfb35e3ae601984
AL-20037	HG005	HAN_CHINESE	HiSeq2500_Son300xHomogeneity_15-04-20	45x	SR-20010	Isaac	UCSC hg19	https://ftp-trace.ncbi.nlm.nih.gov/ReferenceSamples/giab/data/ChineseTrio/HG005_NA24631_son/HG005_NA24631_son_HiSeq_300x/basespace_45x_bams_vcfs_PerFlowCell/README	https://ftp-trace.ncbi.nlm.nih.gov/ReferenceSamples/giab/data/ChineseTrio/HG005_NA24631_son/HG005_NA24631_son_HiSeq_300x/basespace_45x_bams_vcfs_PerFlowCell/150420_HG005_Homogeneity_01_Combined-23772816/	https://ftp-trace.ncbi.nlm.nih.gov/ReferenceSamples/giab/data/ChineseTrio/HG005_NA24631_son/HG005_NA24631_son_HiSeq_300x/basespace_45x_bams_vcfs_PerFlowCell/150420_HG005_Homogeneity_01_Combined-23772816/150420-HG005-Homogeneity-01-Combined_S1.bam	https://ftp-trace.ncbi.nlm.nih.gov/ReferenceSamples/giab/data/ChineseTrio/HG005_NA24631_son/HG005_NA24631_son_HiSeq_300x/basespace_45x_bams_vcfs_PerFlowCell/150420_HG005_Homogeneity_01_Combined-23772816/150420-HG005-Homogeneity-01-Combined_S1.bam.bai	NA	NA	NA	NA	Flowcell 1 combined, analyzed with Isaac Whole Genome Sequencing (BaseSpace Workflow) 3.0.0.0	7a5df43d8b149b273f89190f32bd4c9b
AL-20038	HG005	HAN_CHINESE	HiSeq2500_Son300xHomogeneity_15-04-20	45x	SR-20010	Isaac	UCSC hg19	https://ftp-trace.ncbi.nlm.nih.gov/ReferenceSamples/giab/data/ChineseTrio/HG005_NA24631_son/HG005_NA24631_son_HiSeq_300x/basespace_45x_bams_vcfs_PerFlowCell/README	https://ftp-trace.ncbi.nlm.nih.gov/ReferenceSamples/giab/data/ChineseTrio/HG005_NA24631_son/HG005_NA24631_son_HiSeq_300x/basespace_45x_bams_vcfs_PerFlowCell/150424_HG005_Homogeneity_02_All_Zook-22103085/	https://ftp-trace.ncbi.nlm.nih.gov/ReferenceSamples/giab/data/ChineseTrio/HG005_NA24631_son/HG005_NA24631_son_HiSeq_300x/basespace_45x_bams_vcfs_PerFlowCell/150424_HG005_Homogeneity_02_All_Zook-22103085/HG005_Run02-22900069/HG005-Run02_S1.bam	https://ftp-trace.ncbi.nlm.nih.gov/ReferenceSamples/giab/data/ChineseTrio/HG005_NA24631_son/HG005_NA24631_son_HiSeq_300x/basespace_45x_bams_vcfs_PerFlowCell/150424_HG005_Homogeneity_02_All_Zook-22103085/HG005_Run02-22900069/HG005-Run02_S1.bam.bai	NA	NA	NA	NA	Flowcell 2 combined, Zook, analyzed with Isaac Whole Genome Sequencing (BaseSpace Workflow) 3.0.0.0	f5b9492bacafcda6467572653c5ea297
AL-20039	HG005	HAN_CHINESE	HiSeq2500_Son300xHomogeneity_15-04-20	45x	SR-20010	Isaac	UCSC hg19	https://ftp-trace.ncbi.nlm.nih.gov/ReferenceSamples/giab/data/ChineseTrio/HG005_NA24631_son/HG005_NA24631_son_HiSeq_300x/basespace_45x_bams_vcfs_PerFlowCell/README	https://ftp-trace.ncbi.nlm.nih.gov/ReferenceSamples/giab/data/ChineseTrio/HG005_NA24631_son/HG005_NA24631_son_HiSeq_300x/basespace_45x_bams_vcfs_PerFlowCell/150424_HG005_Homogeneity_02_FCA-22108087/	https://ftp-trace.ncbi.nlm.nih.gov/ReferenceSamples/giab/data/ChineseTrio/HG005_NA24631_son/HG005_NA24631_son_HiSeq_300x/basespace_45x_bams_vcfs_PerFlowCell/150424_HG005_Homogeneity_02_FCA-22108087/150424_HG005_Homogeneity_FCA_Combined-23168145/150424-HG005-Homogeneity-FCA-Combined_S1.bam	https://ftp-trace.ncbi.nlm.nih.gov/ReferenceSamples/giab/data/ChineseTrio/HG005_NA24631_son/HG005_NA24631_son_HiSeq_300x/basespace_45x_bams_vcfs_PerFlowCell/150424_HG005_Homogeneity_02_FCA-22108087/150424_HG005_Homogeneity_FCA_Combined-23168145/150424-HG005-Homogeneity-FCA-Combined_S1.bam.bai	NA	NA	NA	NA	Flowcell 2A, analyzed with Isaac Whole Genome Sequencing (BaseSpace Workflow) 3.0.0.0	a2107f9bf3fca9ae6c52715285414107
AL-20040	HG005	HAN_CHINESE	HiSeq2500_Son300xHomogeneity_15-04-20	45x	SR-20010	Isaac	UCSC hg19	https://ftp-trace.ncbi.nlm.nih.gov/ReferenceSamples/giab/data/ChineseTrio/HG005_NA24631_son/HG005_NA24631_son_HiSeq_300x/basespace_45x_bams_vcfs_PerFlowCell/README	https://ftp-trace.ncbi.nlm.nih.gov/ReferenceSamples/giab/data/ChineseTrio/HG005_NA24631_son/HG005_NA24631_son_HiSeq_300x/basespace_45x_bams_vcfs_PerFlowCell/150424_HG005_Homogeneity_02_FCB-22108088/	https://ftp-trace.ncbi.nlm.nih.gov/ReferenceSamples/giab/data/ChineseTrio/HG005_NA24631_son/HG005_NA24631_son_HiSeq_300x/basespace_45x_bams_vcfs_PerFlowCell/150424_HG005_Homogeneity_02_FCB-22108088/150424_HG005_Homogeneity_FCB_Combined-23168147/150424-HG005-Homogeneity-FCB-Combined_S1.bam	https://ftp-trace.ncbi.nlm.nih.gov/ReferenceSamples/giab/data/ChineseTrio/HG005_NA24631_son/HG005_NA24631_son_HiSeq_300x/basespace_45x_bams_vcfs_PerFlowCell/150424_HG005_Homogeneity_02_FCB-22108088/150424_HG005_Homogeneity_FCB_Combined-23168147/150424-HG005-Homogeneity-FCB-Combined_S1.bam.bai	NA	NA	NA	NA	Flowcell 2B, analyzed with Isaac Whole Genome Sequencing (BaseSpace Workflow) 3.0.0.0	84583b6581139abb7cd307f63fba8f60
AL-20041	HG005	HAN_CHINESE	HiSeq2500_Son300xHomogeneity_15-04-20	45x	SR-20010	Isaac	UCSC hg19	https://ftp-trace.ncbi.nlm.nih.gov/ReferenceSamples/giab/data/ChineseTrio/HG005_NA24631_son/HG005_NA24631_son_HiSeq_300x/basespace_45x_bams_vcfs_PerFlowCell/README	https://ftp-trace.ncbi.nlm.nih.gov/ReferenceSamples/giab/data/ChineseTrio/HG005_NA24631_son/HG005_NA24631_son_HiSeq_300x/basespace_45x_bams_vcfs_PerFlowCell/150430_HG005_Homogeneity_03_FCA-22320298/	https://ftp-trace.ncbi.nlm.nih.gov/ReferenceSamples/giab/data/ChineseTrio/HG005_NA24631_son/HG005_NA24631_son_HiSeq_300x/basespace_45x_bams_vcfs_PerFlowCell/150430_HG005_Homogeneity_03_FCA-22320298/150430_HG005_Homogeneity_FCA_Combined-23163180/150430-HG005-Homogeneity-FCA-Combined_S1.bam	https://ftp-trace.ncbi.nlm.nih.gov/ReferenceSamples/giab/data/ChineseTrio/HG005_NA24631_son/HG005_NA24631_son_HiSeq_300x/basespace_45x_bams_vcfs_PerFlowCell/150430_HG005_Homogeneity_03_FCA-22320298/150430_HG005_Homogeneity_FCA_Combined-23163180/150430-HG005-Homogeneity-FCA-Combined_S1.bam.bai	NA	NA	NA	NA	Flowcell 3A, analyzed with Isaac Whole Genome Sequencing (BaseSpace Workflow) 3.0.0.0	4f29622eba3723a8d2d9c7cc45618081
AL-20042	HG005	HAN_CHINESE	HiSeq2500_Son300xHomogeneity_15-04-20	45x	SR-20010	Isaac	UCSC hg19	https://ftp-trace.ncbi.nlm.nih.gov/ReferenceSamples/giab/data/ChineseTrio/HG005_NA24631_son/HG005_NA24631_son_HiSeq_300x/basespace_45x_bams_vcfs_PerFlowCell/README	https://ftp-trace.ncbi.nlm.nih.gov/ReferenceSamples/giab/data/ChineseTrio/HG005_NA24631_son/HG005_NA24631_son_HiSeq_300x/basespace_45x_bams_vcfs_PerFlowCell/150430_HG005_Homogeneity_03_FCB-22310288/	https://ftp-trace.ncbi.nlm.nih.gov/ReferenceSamples/giab/data/ChineseTrio/HG005_NA24631_son/HG005_NA24631_son_HiSeq_300x/basespace_45x_bams_vcfs_PerFlowCell/150430_HG005_Homogeneity_03_FCB-22310288/150430_HG005_Homogeneity_FCB_Combined-23168146/150430-HG005-Homogeneity-FCB-Combined_S1.bam	https://ftp-trace.ncbi.nlm.nih.gov/ReferenceSamples/giab/data/ChineseTrio/HG005_NA24631_son/HG005_NA24631_son_HiSeq_300x/basespace_45x_bams_vcfs_PerFlowCell/150430_HG005_Homogeneity_03_FCB-22310288/150430_HG005_Homogeneity_FCB_Combined-23168146/150430-HG005-Homogeneity-FCB-Combined_S1.bam.bai	NA	NA	NA	NA	Flowcell 3B, analyzed with Isaac Whole Genome Sequencing (BaseSpace Workflow) 3.0.0.0	bca8ad8bfcd4eb68ca98efc7af767b85
AL-20043	HG005	HAN_CHINESE	HiSeq2500_Son300xHomogeneity_15-04-20	45x	SR-20010	Isaac	UCSC hg19	https://ftp-trace.ncbi.nlm.nih.gov/ReferenceSamples/giab/data/ChineseTrio/HG005_NA24631_son/HG005_NA24631_son_HiSeq_300x/basespace_45x_bams_vcfs_PerFlowCell/README	https://ftp-trace.ncbi.nlm.nih.gov/ReferenceSamples/giab/data/ChineseTrio/HG005_NA24631_son/HG005_NA24631_son_HiSeq_300x/basespace_45x_bams_vcfs_PerFlowCell/150506_HG005_Homogeneity_04_FCA-22365346/	https://ftp-trace.ncbi.nlm.nih.gov/ReferenceSamples/giab/data/ChineseTrio/HG005_NA24631_son/HG005_NA24631_son_HiSeq_300x/basespace_45x_bams_vcfs_PerFlowCell/150506_HG005_Homogeneity_04_FCA-22365346/150506_HG005_Homogeneity_FCB_Combined-23213657/150506-HG005-Homogeneity-FCB-Combined_S1.bam	https://ftp-trace.ncbi.nlm.nih.gov/ReferenceSamples/giab/data/ChineseTrio/HG005_NA24631_son/HG005_NA24631_son_HiSeq_300x/basespace_45x_bams_vcfs_PerFlowCell/150506_HG005_Homogeneity_04_FCA-22365346/150506_HG005_Homogeneity_FCB_Combined-23213657/150506-HG005-Homogeneity-FCB-Combined_S1.bam.bai	NA	NA	NA	NA	Flowcell 4A, analyzed with Isaac Whole Genome Sequencing (BaseSpace Workflow) 3.0.0.0	31292e062cb577ed22897db4dd6fd79f
AL-20044	HG005	HAN_CHINESE	HiSeq2500_Son300xHomogeneity_15-04-20	45x	SR-20010	Isaac	UCSC hg19	https://ftp-trace.ncbi.nlm.nih.gov/ReferenceSamples/giab/data/ChineseTrio/HG005_NA24631_son/HG005_NA24631_son_HiSeq_300x/basespace_45x_bams_vcfs_PerFlowCell/README	https://ftp-trace.ncbi.nlm.nih.gov/ReferenceSamples/giab/data/ChineseTrio/HG005_NA24631_son/HG005_NA24631_son_HiSeq_300x/basespace_45x_bams_vcfs_PerFlowCell/150506_HG005_Homogeneity_04_FCB-22365345/	https://ftp-trace.ncbi.nlm.nih.gov/ReferenceSamples/giab/data/ChineseTrio/HG005_NA24631_son/HG005_NA24631_son_HiSeq_300x/basespace_45x_bams_vcfs_PerFlowCell/150506_HG005_Homogeneity_04_FCB-22365345/150506_HG005_Homogeneity_FCB_Combined-23216658/150506-HG005-Homogeneity-FCB-Combined_S1.bam	https://ftp-trace.ncbi.nlm.nih.gov/ReferenceSamples/giab/data/ChineseTrio/HG005_NA24631_son/HG005_NA24631_son_HiSeq_300x/basespace_45x_bams_vcfs_PerFlowCell/150506_HG005_Homogeneity_04_FCB-22365345/150506_HG005_Homogeneity_FCB_Combined-23216658/150506-HG005-Homogeneity-FCB-Combined_S1.bam.bai	NA	NA	NA	NA	Flowcell 4B, analyzed with Isaac Whole Genome Sequencing (BaseSpace Workflow) 3.0.0.0	912f266f60f58196c5af0a2c5842322e
AL-20045	HG005	HAN_CHINESE	HiSeq2500_6kb_matepair_2015-07-30	13-17x	SR-20011	BWA Mem	UCSC hg19	https://ftp-trace.ncbi.nlm.nih.gov/ReferenceSamples/giab/data/ChineseTrio/HG005_NA24631_son/NIST_Stanford_Illumina_6kb_matepair/README.NIST_Stanford_Illumina_6kb_matepair	https://ftp-trace.ncbi.nlm.nih.gov/ReferenceSamples/giab/data/ChineseTrio/HG005_NA24631_son/NIST_Stanford_Illumina_6kb_matepair/bams/	https://ftp-trace.ncbi.nlm.nih.gov/ReferenceSamples/giab/data/ChineseTrio/HG005_NA24631_son/NIST_Stanford_Illumina_6kb_matepair/bams/HG005.mate_pair.sorted.bam	https://ftp-trace.ncbi.nlm.nih.gov/ReferenceSamples/giab/data/ChineseTrio/HG005_NA24631_son/NIST_Stanford_Illumina_6kb_matepair/bams/HG005.mate_pair.sorted.bam.bai	NA	NA	NA	NA	NA	b62308db3b923311f14946ca1019f4ba
AL-20046	HG005	HAN_CHINESE	HiSeq2500_6kb_matepair_2015-07-30	13-17x	SR-20011	BWA Mem	GRCh38	https://ftp-trace.ncbi.nlm.nih.gov/ReferenceSamples/giab/data/ChineseTrio/HG005_NA24631_son/NIST_Stanford_Illumina_6kb_matepair/README.NIST_Stanford_Illumina_6kb_matepair	https://ftp-trace.ncbi.nlm.nih.gov/ReferenceSamples/giab/data/ChineseTrio/HG005_NA24631_son/NIST_Stanford_Illumina_6kb_matepair/bams/GRCh38/	https://ftp-trace.ncbi.nlm.nih.gov/ReferenceSamples/giab/data/ChineseTrio/HG005_NA24631_son/NIST_Stanford_Illumina_6kb_matepair/bams/GRCh38/HG005.sorted.bam	https://ftp-trace.ncbi.nlm.nih.gov/ReferenceSamples/giab/data/ChineseTrio/HG005_NA24631_son/NIST_Stanford_Illumina_6kb_matepair/bams/GRCh38/HG005.sorted.bam.bai	https://ftp-trace.ncbi.nlm.nih.gov/ReferenceSamples/giab/data/ChineseTrio/HG005_NA24631_son/NIST_Stanford_Illumina_6kb_matepair/bams/GRCh38/md5sum	NA	NA	NA	NA	fd6ef19d6ff78a5599f469f143e748cd
AL-20047	HG006	HAN_CHINESE	HiSeq2500_Father100xHomogeneity_2015-08-03	100x	SR-20012	Isaac	UCSC hg19	https://ftp-trace.ncbi.nlm.nih.gov/ReferenceSamples/giab/data/ChineseTrio/HG006_NA24694-huCA017E_father/NA24694_Father_HiSeq100x/README_NIST_Illumina_pairedend_NA24694.txt	https://ftp-trace.ncbi.nlm.nih.gov/ReferenceSamples/giab/data/ChineseTrio/HG006_NA24694-huCA017E_father/NA24694_Father_HiSeq100x/NA24694_Father_HiSeq100x_fastqs/NA24694_Justin-18411395/	https://ftp-trace.ncbi.nlm.nih.gov/ReferenceSamples/giab/data/ChineseTrio/HG006_NA24694-huCA017E_father/NA24694_Father_HiSeq100x/NA24694_Father_HiSeq100x_fastqs/NA24694_Justin-18411395/NA24694_combined-19068141/NA24694-combined_S1.bam	https://ftp-trace.ncbi.nlm.nih.gov/ReferenceSamples/giab/data/ChineseTrio/HG006_NA24694-huCA017E_father/NA24694_Father_HiSeq100x/NA24694_Father_HiSeq100x_fastqs/NA24694_Justin-18411395/NA24694_combined-19068141/NA24694-combined_S1.bam.bai	NA	NA	NA	NA	Analyzed with Isaac Whole Genome Sequencing (BaseSpace Workflow) 3.0.0.0	f4eba4fa97861b105d4387bff15bfdde
AL-20048	HG006	HAN_CHINESE	HiSeq2500_Father100xHomogeneity_2015-08-03	100x	SR-20012	Novoalign	GRCh38	https://ftp-trace.ncbi.nlm.nih.gov/ReferenceSamples/giab/data/ChineseTrio/HG006_NA24694-huCA017E_father/NA24694_Father_HiSeq100x/NHGRI_Illumina100X_Chinesetrio_novoalign_bams/README	https://ftp-trace.ncbi.nlm.nih.gov/ReferenceSamples/giab/data/ChineseTrio/HG006_NA24694-huCA017E_father/NA24694_Father_HiSeq100x/NHGRI_Illumina100X_Chinesetrio_novoalign_bams/	https://ftp-trace.ncbi.nlm.nih.gov/ReferenceSamples/giab/data/ChineseTrio/HG006_NA24694-huCA017E_father/NA24694_Father_HiSeq100x/NHGRI_Illumina100X_Chinesetrio_novoalign_bams/HG006.GRCh38_full_plus_hs38d1_analysis_set_minus_alts.100x.bam	https://ftp-trace.ncbi.nlm.nih.gov/ReferenceSamples/giab/data/ChineseTrio/HG006_NA24694-huCA017E_father/NA24694_Father_HiSeq100x/NHGRI_Illumina100X_Chinesetrio_novoalign_bams/HG006.GRCh38_full_plus_hs38d1_analysis_set_minus_alts.100x.bam.bai	NA	NA	NA	NA	NA	650c02f5604b811dffcbc978e95e9045
AL-20049	HG006	HAN_CHINESE	HiSeq2500_Father100xHomogeneity_2015-08-03	100x	SR-20012	Novoalign	hs37d5	https://ftp-trace.ncbi.nlm.nih.gov/ReferenceSamples/giab/data/ChineseTrio/HG006_NA24694-huCA017E_father/NA24694_Father_HiSeq100x/NHGRI_Illumina100X_Chinesetrio_novoalign_bams/README	https://ftp-trace.ncbi.nlm.nih.gov/ReferenceSamples/giab/data/ChineseTrio/HG006_NA24694-huCA017E_father/NA24694_Father_HiSeq100x/NHGRI_Illumina100X_Chinesetrio_novoalign_bams/	https://ftp-trace.ncbi.nlm.nih.gov/ReferenceSamples/giab/data/ChineseTrio/HG006_NA24694-huCA017E_father/NA24694_Father_HiSeq100x/NHGRI_Illumina100X_Chinesetrio_novoalign_bams/HG006.hs37d5.100x.bam	https://ftp-trace.ncbi.nlm.nih.gov/ReferenceSamples/giab/data/ChineseTrio/HG006_NA24694-huCA017E_father/NA24694_Father_HiSeq100x/NHGRI_Illumina100X_Chinesetrio_novoalign_bams/HG006.hs37d5.100x.bam.bai	NA	NA	NA	NA	NA	7a2a3ed8d554360f489d26d1a3fc180b
AL-20050	HG006	HAN_CHINESE	HiSeq2500_6kb_matepair_2015-07-31	13-17x	SR-20013	BWA Mem	UCSC hg19	https://ftp-trace.ncbi.nlm.nih.gov/ReferenceSamples/giab/data/ChineseTrio/HG006_NA24694-huCA017E_father/NIST_Stanford_Illumina_6kb_matepair/README.NIST_Stanford_Illumina_6kb_matepair	https://ftp-trace.ncbi.nlm.nih.gov/ReferenceSamples/giab/data/ChineseTrio/HG006_NA24694-huCA017E_father/NIST_Stanford_Illumina_6kb_matepair/bams/	https://ftp-trace.ncbi.nlm.nih.gov/ReferenceSamples/giab/data/ChineseTrio/HG006_NA24694-huCA017E_father/NIST_Stanford_Illumina_6kb_matepair/bams/HG006.mate_pair.sorted.bam	https://ftp-trace.ncbi.nlm.nih.gov/ReferenceSamples/giab/data/ChineseTrio/HG006_NA24694-huCA017E_father/NIST_Stanford_Illumina_6kb_matepair/bams/HG006.mate_pair.sorted.bam.bai	NA	NA	NA	NA	NA	5930279e3b8f09ff20f9e64fcd384670
AL-20051	HG006	HAN_CHINESE	HiSeq2500_6kb_matepair_2015-07-31	13-17x	SR-20013	BWA Mem	GRCh38	https://ftp-trace.ncbi.nlm.nih.gov/ReferenceSamples/giab/data/ChineseTrio/HG006_NA24694-huCA017E_father/NIST_Stanford_Illumina_6kb_matepair/README.NIST_Stanford_Illumina_6kb_matepair	https://ftp-trace.ncbi.nlm.nih.gov/ReferenceSamples/giab/data/ChineseTrio/HG006_NA24694-huCA017E_father/NIST_Stanford_Illumina_6kb_matepair/bams/GRCh38/	https://ftp-trace.ncbi.nlm.nih.gov/ReferenceSamples/giab/data/ChineseTrio/HG006_NA24694-huCA017E_father/NIST_Stanford_Illumina_6kb_matepair/bams/GRCh38/HG006.sorted.bam	https://ftp-trace.ncbi.nlm.nih.gov/ReferenceSamples/giab/data/ChineseTrio/HG006_NA24694-huCA017E_father/NIST_Stanford_Illumina_6kb_matepair/bams/GRCh38/HG006.sorted.bam.bai	https://ftp-trace.ncbi.nlm.nih.gov/ReferenceSamples/giab/data/ChineseTrio/HG006_NA24694-huCA017E_father/NIST_Stanford_Illumina_6kb_matepair/bams/GRCh38/md5sum	NA	NA	NA	NA	24be930b4862472a9a150b5d7f51597f
AL-20052	HG007	HAN_CHINESE	HiSeq2500_Mother100xHomogeneity_2014-11-27	100x	SR-20014	Isaac	UCSC hg19	https://ftp-trace.ncbi.nlm.nih.gov/ReferenceSamples/giab/data/ChineseTrio/HG007_NA24695-hu38168_mother/NA24695_Mother_HiSeq100x/README_NIST_Illumina_pairedend_NA24695.txt	https://ftp-trace.ncbi.nlm.nih.gov/ReferenceSamples/giab/data/ChineseTrio/HG007_NA24695-hu38168_mother/NA24695_Mother_HiSeq100x/NA24695_Mother_HiSeq100x_fastqs/NA24695_Justin-18377364/	https://ftp-trace.ncbi.nlm.nih.gov/ReferenceSamples/giab/data/ChineseTrio/HG007_NA24695-hu38168_mother/NA24695_Mother_HiSeq100x/NA24695_Mother_HiSeq100x_fastqs/NA24695_Justin-18377364/NA24695_combined-19072106/NA24695-combined_S1.bam	https://ftp-trace.ncbi.nlm.nih.gov/ReferenceSamples/giab/data/ChineseTrio/HG007_NA24695-hu38168_mother/NA24695_Mother_HiSeq100x/NA24695_Mother_HiSeq100x_fastqs/NA24695_Justin-18377364/NA24695_combined-19072106/NA24695-combined_S1.bam.bai	NA	NA	NA	NA	Analyzed with Isaac Whole Genome Sequencing (BaseSpace Workflow) 3.0.0.0	3d23636faca1106b16fc9e9b6d11668e
AL-20053	HG007	HAN_CHINESE	HiSeq2500_Mother100xHomogeneity_2014-11-27	100x	SR-20014	Novoalign	GRCh38	https://ftp-trace.ncbi.nlm.nih.gov/ReferenceSamples/giab/data/ChineseTrio/HG007_NA24695-hu38168_mother/NA24695_Mother_HiSeq100x/NHGRI_Illumina100X_Chinesetrio_novoalign_bams/README	https://ftp-trace.ncbi.nlm.nih.gov/ReferenceSamples/giab/data/ChineseTrio/HG007_NA24695-hu38168_mother/NA24695_Mother_HiSeq100x/NHGRI_Illumina100X_Chinesetrio_novoalign_bams/	https://ftp-trace.ncbi.nlm.nih.gov/ReferenceSamples/giab/data/ChineseTrio/HG007_NA24695-hu38168_mother/NA24695_Mother_HiSeq100x/NHGRI_Illumina100X_Chinesetrio_novoalign_bams/HG007.GRCh38_full_plus_hs38d1_analysis_set_minus_alts.100x.bam	https://ftp-trace.ncbi.nlm.nih.gov/ReferenceSamples/giab/data/ChineseTrio/HG007_NA24695-hu38168_mother/NA24695_Mother_HiSeq100x/NHGRI_Illumina100X_Chinesetrio_novoalign_bams/HG007.GRCh38_full_plus_hs38d1_analysis_set_minus_alts.100x.bam.bai	NA	NA	NA	NA	NA	044f1876b874778625388789470830b2
AL-20054	HG007	HAN_CHINESE	HiSeq2500_Mother100xHomogeneity_2014-11-27	100x	SR-20014	Novoalign	hs37d5	https://ftp-trace.ncbi.nlm.nih.gov/ReferenceSamples/giab/data/ChineseTrio/HG007_NA24695-hu38168_mother/NA24695_Mother_HiSeq100x/NHGRI_Illumina100X_Chinesetrio_novoalign_bams/README	https://ftp-trace.ncbi.nlm.nih.gov/ReferenceSamples/giab/data/ChineseTrio/HG007_NA24695-hu38168_mother/NA24695_Mother_HiSeq100x/NHGRI_Illumina100X_Chinesetrio_novoalign_bams/	https://ftp-trace.ncbi.nlm.nih.gov/ReferenceSamples/giab/data/ChineseTrio/HG007_NA24695-hu38168_mother/NA24695_Mother_HiSeq100x/NHGRI_Illumina100X_Chinesetrio_novoalign_bams/HG007.hs37d5.100x.bam	https://ftp-trace.ncbi.nlm.nih.gov/ReferenceSamples/giab/data/ChineseTrio/HG007_NA24695-hu38168_mother/NA24695_Mother_HiSeq100x/NHGRI_Illumina100X_Chinesetrio_novoalign_bams/HG007.hs37d5.100x.bam.bai	NA	NA	NA	NA	NA	9b0936309cc8dc7b9587a1076d10990b
AL-20055	HG007	HAN_CHINESE	HiSeq2500_6kb_matepair_2015-07-31	13-17x	SR-20015	BWA Mem	UCSC hg19	https://ftp-trace.ncbi.nlm.nih.gov/ReferenceSamples/giab/data/ChineseTrio/HG007_NA24695-hu38168_mother/NIST_Stanford_Illumina_6kb_matepair/README.NIST_Stanford_Illumina_6kb_matepair	https://ftp-trace.ncbi.nlm.nih.gov/ReferenceSamples/giab/data/ChineseTrio/HG007_NA24695-hu38168_mother/NIST_Stanford_Illumina_6kb_matepair/bams/	https://ftp-trace.ncbi.nlm.nih.gov/ReferenceSamples/giab/data/ChineseTrio/HG007_NA24695-hu38168_mother/NIST_Stanford_Illumina_6kb_matepair/bams/HG007.mate_pair.sorted.bam	https://ftp-trace.ncbi.nlm.nih.gov/ReferenceSamples/giab/data/ChineseTrio/HG007_NA24695-hu38168_mother/NIST_Stanford_Illumina_6kb_matepair/bams/HG007.mate_pair.sorted.bam.bai	NA	NA	NA	NA	NA	8425a23c0abb5d732420215a7f98d7a8
AL-20056	HG007	HAN_CHINESE	HiSeq2500_6kb_matepair_2015-07-31	13-17x	SR-20015	BWA Mem	GRCh38	https://ftp-trace.ncbi.nlm.nih.gov/ReferenceSamples/giab/data/ChineseTrio/HG007_NA24695-hu38168_mother/NIST_Stanford_Illumina_6kb_matepair/README.NIST_Stanford_Illumina_6kb_matepair	https://ftp-trace.ncbi.nlm.nih.gov/ReferenceSamples/giab/data/ChineseTrio/HG007_NA24695-hu38168_mother/NIST_Stanford_Illumina_6kb_matepair/bams/GRCh38/	https://ftp-trace.ncbi.nlm.nih.gov/ReferenceSamples/giab/data/ChineseTrio/HG007_NA24695-hu38168_mother/NIST_Stanford_Illumina_6kb_matepair/bams/GRCh38/HG007.sorted.bam	https://ftp-trace.ncbi.nlm.nih.gov/ReferenceSamples/giab/data/ChineseTrio/HG007_NA24695-hu38168_mother/NIST_Stanford_Illumina_6kb_matepair/bams/GRCh38/HG007.sorted.bam.bai	https://ftp-trace.ncbi.nlm.nih.gov/ReferenceSamples/giab/data/ChineseTrio/HG007_NA24695-hu38168_mother/NIST_Stanford_Illumina_6kb_matepair/bams/GRCh38/md5sum	NA	NA	NA	NA	a245cdf35b8e098b0880486aac5f5415
AL-20057	HG002	ASHKENAZI_JEWISH	HiSeq2500_10X_Genomics_2016-06-09	25x	SR-20019	BWA	GRCh37	https://ftp-trace.ncbi.nlm.nih.gov/ReferenceSamples/giab/data/AshkenazimTrio/HG002_NA24385_son/10XGenomics/README_10Xgenomes.txt	https://ftp-trace.ncbi.nlm.nih.gov/ReferenceSamples/giab/data/AshkenazimTrio/HG002_NA24385_son/10XGenomics/	https://ftp-trace.ncbi.nlm.nih.gov/ReferenceSamples/giab/data/AshkenazimTrio/HG002_NA24385_son/10XGenomics/NA24385_phased_possorted_bam.bam	https://ftp-trace.ncbi.nlm.nih.gov/ReferenceSamples/giab/data/AshkenazimTrio/HG002_NA24385_son/10XGenomics/NA24385_phased_possorted_bam.bam.bai	NA	SRR2844597	PRJNA200694	NA	NA	503f00ab5ad48cb2338c7a291e91189a
AL-20058	HG003	ASHKENAZI_JEWISH	HiSeq2500_10X_Genomics_2016-06-09	22x	SR-20020	BWA	GRCh37	https://ftp-trace.ncbi.nlm.nih.gov/ReferenceSamples/giab/ftp/data/AshkenazimTrio/HG003_NA24149_father/10XGenomics/README_10Xgenomes.txt	https://ftp-trace.ncbi.nlm.nih.gov/ReferenceSamples/giab/data/AshkenazimTrio/HG003_NA24149_father/10XGenomics/	https://ftp-trace.ncbi.nlm.nih.gov/ReferenceSamples/giab/data/AshkenazimTrio/HG003_NA24149_father/10XGenomics/NA24149_phased_possorted_bam.bam	https://ftp-trace.ncbi.nlm.nih.gov/ReferenceSamples/giab/data/AshkenazimTrio/HG003_NA24149_father/10XGenomics/NA24149_phased_possorted_bam.bam.bai	NA	SRR2844598	PRJNA200694	NA	NA	5d0d3e334c1b8f2855fcc0339454e0b1
AL-20059	HG004	ASHKENAZI_JEWISH	HiSeq2500_10X_Genomics_2016-06-09	24x	SR-20021	BWA	GRCh37	https://ftp-trace.ncbi.nlm.nih.gov/ReferenceSamples/giab/ftp/data/AshkenazimTrio/HG004_NA24143_mother/10XGenomics/README_10Xgenomes.txt	https://ftp-trace.ncbi.nlm.nih.gov/ReferenceSamples/giab/data/AshkenazimTrio/HG004_NA24143_mother/10XGenomics/	https://ftp-trace.ncbi.nlm.nih.gov/ReferenceSamples/giab/data/AshkenazimTrio/HG004_NA24143_mother/10XGenomics/NA24143_phased_possorted_bam.bam	https://ftp-trace.ncbi.nlm.nih.gov/ReferenceSamples/giab/data/AshkenazimTrio/HG004_NA24143_mother/10XGenomics/NA24143_phased_possorted_bam.bam.bai	NA	SRR2844599	PRJNA200694	NA	NA	d35dce3b087f205ab89c0d8f6df9246a
