vcf_id	input_bam	giab_id	variant_caller	ref_genome	aligner	readme_url	ftp_dir	ftp_vcf_file	ftp_vcf_indx_file	md5_in	notes	md5key
VC-00001	AL-00011	HG003	DeepVariant	GRCh38	pbmm2	https://ftp-trace.ncbi.nlm.nih.gov/ReferenceSamples/giab/data/AshkenazimTrio/HG003_NA24149_father/PacBio_CCS_15kb_20kb_chemistry2/GRCh38/README.HG003.GRCh38.txt	https://ftp-trace.ncbi.nlm.nih.gov/ReferenceSamples/giab/data/AshkenazimTrio/HG003_NA24149_father/PacBio_CCS_15kb_20kb_chemistry2/GRCh38/	https://ftp-trace.ncbi.nlm.nih.gov/ReferenceSamples/giab/data/AshkenazimTrio/HG003_NA24149_father/PacBio_CCS_15kb_20kb_chemistry2/GRCh38/HG003.pbmm2.GRCh38.DeepVariant.v090.vcf.gz	https://ftp-trace.ncbi.nlm.nih.gov/ReferenceSamples/giab/data/AshkenazimTrio/HG003_NA24149_father/PacBio_CCS_15kb_20kb_chemistry2/GRCh38/HG003.pbmm2.GRCh38.DeepVariant.v090.vcf.gz.tbi	NA	NA	9d7dd76a490e4001d9a331be242b4187
VC-00002	AL-00011	HG003	gatk	GRCh38	pbmm2	https://ftp-trace.ncbi.nlm.nih.gov/ReferenceSamples/giab/data/AshkenazimTrio/HG003_NA24149_father/PacBio_CCS_15kb_20kb_chemistry2/GRCh38/README.HG003.GRCh38.txt	https://ftp-trace.ncbi.nlm.nih.gov/ReferenceSamples/giab/data/AshkenazimTrio/HG003_NA24149_father/PacBio_CCS_15kb_20kb_chemistry2/GRCh38/	https://ftp-trace.ncbi.nlm.nih.gov/ReferenceSamples/giab/data/AshkenazimTrio/HG003_NA24149_father/PacBio_CCS_15kb_20kb_chemistry2/GRCh38/HG003.pbmm2.GRCh38.gatk.MAPQ10.vcf.gz	https://ftp-trace.ncbi.nlm.nih.gov/ReferenceSamples/giab/data/AshkenazimTrio/HG003_NA24149_father/PacBio_CCS_15kb_20kb_chemistry2/GRCh38/HG003.pbmm2.GRCh38.gatk.MAPQ10.vcf.gz.tbi	NA	NA	439213a42d6e79ed766633c0509aee37
VC-00003	AL-00012	HG003	DeepVariant	hs37d5	pbmm2	https://ftp-trace.ncbi.nlm.nih.gov/ReferenceSamples/giab/data/AshkenazimTrio/HG003_NA24149_father/PacBio_CCS_15kb_20kb_chemistry2/hs37d5/README.HG003.hs37d5.txt	https://ftp-trace.ncbi.nlm.nih.gov/ReferenceSamples/giab/data/AshkenazimTrio/HG003_NA24149_father/PacBio_CCS_15kb_20kb_chemistry2/hs37d5/	https://ftp-trace.ncbi.nlm.nih.gov/ReferenceSamples/giab/data/AshkenazimTrio/HG003_NA24149_father/PacBio_CCS_15kb_20kb_chemistry2/hs37d5/HG003.pbmm2.hs37d5.DeepVariant.v090.vcf.gz	https://ftp-trace.ncbi.nlm.nih.gov/ReferenceSamples/giab/data/AshkenazimTrio/HG003_NA24149_father/PacBio_CCS_15kb_20kb_chemistry2/hs37d5/HG003.pbmm2.hs37d5.DeepVariant.v090.vcf.gz.tbi	NA	NA	c0cf62a673ef1fe3b93b8a1645a812cc
VC-00004	AL-00012	HG003	gatk	hs37d5	pbmm2	https://ftp-trace.ncbi.nlm.nih.gov/ReferenceSamples/giab/data/AshkenazimTrio/HG003_NA24149_father/PacBio_CCS_15kb_20kb_chemistry2/hs37d5/README.HG003.hs37d5.txt	https://ftp-trace.ncbi.nlm.nih.gov/ReferenceSamples/giab/data/AshkenazimTrio/HG003_NA24149_father/PacBio_CCS_15kb_20kb_chemistry2/hs37d5/	https://ftp-trace.ncbi.nlm.nih.gov/ReferenceSamples/giab/data/AshkenazimTrio/HG003_NA24149_father/PacBio_CCS_15kb_20kb_chemistry2/hs37d5/HG003.pbmm2.hs37d5.gatk.MAPQ10.vcf.gz	https://ftp-trace.ncbi.nlm.nih.gov/ReferenceSamples/giab/data/AshkenazimTrio/HG003_NA24149_father/PacBio_CCS_15kb_20kb_chemistry2/hs37d5/HG003.pbmm2.hs37d5.gatk.MAPQ10.vcf.gz.tbi	NA	NA	6ca188c547c6611d712b90562737998d
VC-00005	AL-00013	HG004	DeepVariant	GRCh38	pbmm2	https://ftp-trace.ncbi.nlm.nih.gov/ReferenceSamples/giab/data/AshkenazimTrio/HG004_NA24143_mother/PacBio_CCS_15kb_20kb_chemistry2/GRCh38/README.HG004.GRCh38.txt	https://ftp-trace.ncbi.nlm.nih.gov/ReferenceSamples/giab/data/AshkenazimTrio/HG004_NA24143_mother/PacBio_CCS_15kb_20kb_chemistry2/GRCh38/	https://ftp-trace.ncbi.nlm.nih.gov/ReferenceSamples/giab/data/AshkenazimTrio/HG004_NA24143_mother/PacBio_CCS_15kb_20kb_chemistry2/GRCh38/HG004.pbmm2.GRCh38.DeepVariant.v090.vcf.gz	https://ftp-trace.ncbi.nlm.nih.gov/ReferenceSamples/giab/data/AshkenazimTrio/HG004_NA24143_mother/PacBio_CCS_15kb_20kb_chemistry2/GRCh38/HG004.pbmm2.GRCh38.DeepVariant.v090.vcf.gz.tbi	NA	NA	afba7edfb0ba49b8af8759ec27b5321e
VC-00006	AL-00013	HG004	gatk	GRCh38	pbmm2	https://ftp-trace.ncbi.nlm.nih.gov/ReferenceSamples/giab/data/AshkenazimTrio/HG004_NA24143_mother/PacBio_CCS_15kb_20kb_chemistry2/GRCh38/README.HG004.GRCh38.txt	https://ftp-trace.ncbi.nlm.nih.gov/ReferenceSamples/giab/data/AshkenazimTrio/HG004_NA24143_mother/PacBio_CCS_15kb_20kb_chemistry2/GRCh38/	https://ftp-trace.ncbi.nlm.nih.gov/ReferenceSamples/giab/data/AshkenazimTrio/HG004_NA24143_mother/PacBio_CCS_15kb_20kb_chemistry2/GRCh38/HG004.pbmm2.GRCh38.gatk.MAPQ10.vcf.gz	https://ftp-trace.ncbi.nlm.nih.gov/ReferenceSamples/giab/data/AshkenazimTrio/HG004_NA24143_mother/PacBio_CCS_15kb_20kb_chemistry2/GRCh38/HG004.pbmm2.GRCh38.gatk.MAPQ10.vcf.gz.tbi	NA	NA	65c369bfc04e0275e856e53028ea0a67
VC-00007	AL-00014	HG004	DeepVariant	hs37d5	pbmm2	https://ftp-trace.ncbi.nlm.nih.gov/ReferenceSamples/giab/data/AshkenazimTrio/HG004_NA24143_mother/PacBio_CCS_15kb_20kb_chemistry2/hs37d5/README.HG004.hs37d5.txt	https://ftp-trace.ncbi.nlm.nih.gov/ReferenceSamples/giab/data/AshkenazimTrio/HG004_NA24143_mother/PacBio_CCS_15kb_20kb_chemistry2/hs37d5/	https://ftp-trace.ncbi.nlm.nih.gov/ReferenceSamples/giab/data/AshkenazimTrio/HG004_NA24143_mother/PacBio_CCS_15kb_20kb_chemistry2/hs37d5/HG004.pbmm2.hs37d5.DeepVariant.v090.vcf.gz	https://ftp-trace.ncbi.nlm.nih.gov/ReferenceSamples/giab/data/AshkenazimTrio/HG004_NA24143_mother/PacBio_CCS_15kb_20kb_chemistry2/hs37d5/HG004.pbmm2.hs37d5.DeepVariant.v090.vcf.gz.tbi	NA	NA	0b97935c32625faed875bc088df3ca8f
VC-00008	AL-00014	HG004	gatk	hs37d5	pbmm2	https://ftp-trace.ncbi.nlm.nih.gov/ReferenceSamples/giab/data/AshkenazimTrio/HG004_NA24143_mother/PacBio_CCS_15kb_20kb_chemistry2/hs37d5/README.HG004.hs37d5.txt	https://ftp-trace.ncbi.nlm.nih.gov/ReferenceSamples/giab/data/AshkenazimTrio/HG004_NA24143_mother/PacBio_CCS_15kb_20kb_chemistry2/hs37d5/	https://ftp-trace.ncbi.nlm.nih.gov/ReferenceSamples/giab/data/AshkenazimTrio/HG004_NA24143_mother/PacBio_CCS_15kb_20kb_chemistry2/hs37d5/HG004.pbmm2.hs37d5.gatk.MAPQ10.vcf.gz	https://ftp-trace.ncbi.nlm.nih.gov/ReferenceSamples/giab/data/AshkenazimTrio/HG004_NA24143_mother/PacBio_CCS_15kb_20kb_chemistry2/hs37d5/HG004.pbmm2.hs37d5.gatk.MAPQ10.vcf.gz.tbi	NA	NA	1d5796f551980831a3158e691de94793
VC-00009	AL-00012	HG002	DeepVariant	GRCh37	pbmm2	https://ftp-trace.ncbi.nlm.nih.gov/ReferenceSamples/giab/data/AshkenazimTrio/analysis/PacBio_CCS_15kb_20kb_chemistry2_10312019/GRCh37/README.txt	https://ftp-trace.ncbi.nlm.nih.gov/ReferenceSamples/giab/data/AshkenazimTrio/analysis/PacBio_CCS_15kb_20kb_chemistry2_10312019/GRCh37/	https://ftp-trace.ncbi.nlm.nih.gov/ReferenceSamples/giab/data/AshkenazimTrio/analysis/PacBio_CCS_15kb_20kb_chemistry2_10312019/GRCh37/deepvariant_HG002_15kb_20kb_52X_SequelII.vcf.gz	https://ftp-trace.ncbi.nlm.nih.gov/ReferenceSamples/giab/data/AshkenazimTrio/analysis/PacBio_CCS_15kb_20kb_chemistry2_10312019/GRCh37/deepvariant_HG002_15kb_20kb_52X_SequelII.vcf.gz.tbi	NA	NA	13e86a5df0dabb83168a2c44c0715a8e
VC-00010	AL-00012	HG002	DeepVariant	GRCh37	pbmm2	https://ftp-trace.ncbi.nlm.nih.gov/ReferenceSamples/giab/data/AshkenazimTrio/analysis/PacBio_CCS_15kb_20kb_chemistry2_10312019/GRCh37/README.txt	https://ftp-trace.ncbi.nlm.nih.gov/ReferenceSamples/giab/data/AshkenazimTrio/analysis/PacBio_CCS_15kb_20kb_chemistry2_10312019/GRCh37/	https://ftp-trace.ncbi.nlm.nih.gov/ReferenceSamples/giab/data/AshkenazimTrio/analysis/PacBio_CCS_15kb_20kb_chemistry2_10312019/GRCh37/deepvariant_HG002_15kb_36X_SequelII.vcf.gz	https://ftp-trace.ncbi.nlm.nih.gov/ReferenceSamples/giab/data/AshkenazimTrio/analysis/PacBio_CCS_15kb_20kb_chemistry2_10312019/GRCh37/deepvariant_HG002_15kb_36X_SequelII.vcf.gz.tbi	NA	Only reads from the 15kb library were used	b6feb92795973b5d120a0608a823cb77
VC-00011	AL-00012	HG002	gatk	GRCh37	pbmm2	https://ftp-trace.ncbi.nlm.nih.gov/ReferenceSamples/giab/data/AshkenazimTrio/analysis/PacBio_CCS_15kb_20kb_chemistry2_10312019/GRCh37/README.txt	https://ftp-trace.ncbi.nlm.nih.gov/ReferenceSamples/giab/data/AshkenazimTrio/analysis/PacBio_CCS_15kb_20kb_chemistry2_10312019/GRCh37/	https://ftp-trace.ncbi.nlm.nih.gov/ReferenceSamples/giab/data/AshkenazimTrio/analysis/PacBio_CCS_15kb_20kb_chemistry2_10312019/GRCh37/gatk4hc_HG002_15kb_20kb_52X_SequelII.vcf.gz	https://ftp-trace.ncbi.nlm.nih.gov/ReferenceSamples/giab/data/AshkenazimTrio/analysis/PacBio_CCS_15kb_20kb_chemistry2_10312019/GRCh37/gatk4hc_HG002_15kb_20kb_52X_SequelII.vcf.gz.tbi	NA	NA	ced01d94050cff19faca88a10c9a900d
VC-00012	AL-00012	HG002	gatk	GRCh37	pbmm2	https://ftp-trace.ncbi.nlm.nih.gov/ReferenceSamples/giab/data/AshkenazimTrio/analysis/PacBio_CCS_15kb_20kb_chemistry2_10312019/GRCh37/README.txt	https://ftp-trace.ncbi.nlm.nih.gov/ReferenceSamples/giab/data/AshkenazimTrio/analysis/PacBio_CCS_15kb_20kb_chemistry2_10312019/GRCh37/	https://ftp-trace.ncbi.nlm.nih.gov/ReferenceSamples/giab/data/AshkenazimTrio/analysis/PacBio_CCS_15kb_20kb_chemistry2_10312019/GRCh37/gatk4hc_HG002_15kb_36X_SequelII.vcf.gz	https://ftp-trace.ncbi.nlm.nih.gov/ReferenceSamples/giab/data/AshkenazimTrio/analysis/PacBio_CCS_15kb_20kb_chemistry2_10312019/GRCh37/gatk4hc_HG002_15kb_36X_SequelII.vcf.gz.tbi	NA	Only reads from the 15kb library were used	454f3ec4af54dd990810938e3ed1359c
VC-00013	AL-00011	HG002	DeepVariant	GRCh38	pbmm2	https://ftp-trace.ncbi.nlm.nih.gov/ReferenceSamples/giab/data/AshkenazimTrio/analysis/PacBio_CCS_15kb_20kb_chemistry2_10312019/GRCh38/README.txt	https://ftp-trace.ncbi.nlm.nih.gov/ReferenceSamples/giab/data/AshkenazimTrio/analysis/PacBio_CCS_15kb_20kb_chemistry2_10312019/GRCh38/	https://ftp-trace.ncbi.nlm.nih.gov/ReferenceSamples/giab/data/AshkenazimTrio/analysis/PacBio_CCS_15kb_20kb_chemistry2_10312019/GRCh38/deepvariant_HG002_GRCh38_15kb_20kb_53X_SequelII.vcf.gz	https://ftp-trace.ncbi.nlm.nih.gov/ReferenceSamples/giab/data/AshkenazimTrio/analysis/PacBio_CCS_15kb_20kb_chemistry2_10312019/GRCh38/deepvariant_HG002_GRCh38_15kb_20kb_53X_SequelII.vcf.gz.tbi	https://ftp-trace.ncbi.nlm.nih.gov/ReferenceSamples/giab/data/AshkenazimTrio/analysis/PacBio_CCS_15kb_20kb_chemistry2_10312019/GRCh38/md5sum.txt	NA	cda682ae7b02127d61454113baa05fc1
VC-00014	AL-00011	HG002	DeepVariant	GRCh38	pbmm2	https://ftp-trace.ncbi.nlm.nih.gov/ReferenceSamples/giab/data/AshkenazimTrio/analysis/PacBio_CCS_15kb_20kb_chemistry2_10312019/GRCh38/README.txt	https://ftp-trace.ncbi.nlm.nih.gov/ReferenceSamples/giab/data/AshkenazimTrio/analysis/PacBio_CCS_15kb_20kb_chemistry2_10312019/GRCh38/	https://ftp-trace.ncbi.nlm.nih.gov/ReferenceSamples/giab/data/AshkenazimTrio/analysis/PacBio_CCS_15kb_20kb_chemistry2_10312019/GRCh38/deepvariant_HG002_GRCh38_15kb_37X_SequelII.vcf.gz	https://ftp-trace.ncbi.nlm.nih.gov/ReferenceSamples/giab/data/AshkenazimTrio/analysis/PacBio_CCS_15kb_20kb_chemistry2_10312019/GRCh38/deepvariant_HG002_GRCh38_15kb_37X_SequelII.vcf.gz.tbi	https://ftp-trace.ncbi.nlm.nih.gov/ReferenceSamples/giab/data/AshkenazimTrio/analysis/PacBio_CCS_15kb_20kb_chemistry2_10312019/GRCh38/md5sum.txt	Only reads from the 15kb library were used	37e32a0232eaa1c3ad77e089879faa1c
VC-00015	AL-00011	HG002	gatk	GRCh38	pbmm2	https://ftp-trace.ncbi.nlm.nih.gov/ReferenceSamples/giab/data/AshkenazimTrio/analysis/PacBio_CCS_15kb_20kb_chemistry2_10312019/GRCh38/README.txt	https://ftp-trace.ncbi.nlm.nih.gov/ReferenceSamples/giab/data/AshkenazimTrio/analysis/PacBio_CCS_15kb_20kb_chemistry2_10312019/GRCh38/	https://ftp-trace.ncbi.nlm.nih.gov/ReferenceSamples/giab/data/AshkenazimTrio/analysis/PacBio_CCS_15kb_20kb_chemistry2_10312019/GRCh38/gatk4hc_HG002_15kb_20kb_53X_SequelII.vcf.gz	https://ftp-trace.ncbi.nlm.nih.gov/ReferenceSamples/giab/data/AshkenazimTrio/analysis/PacBio_CCS_15kb_20kb_chemistry2_10312019/GRCh38/gatk4hc_HG002_15kb_20kb_53X_SequelII.vcf.gz.tbi	https://ftp-trace.ncbi.nlm.nih.gov/ReferenceSamples/giab/data/AshkenazimTrio/analysis/PacBio_CCS_15kb_20kb_chemistry2_10312019/GRCh38/md5sum.txt	NA	84bbf5ce4524a72a1ea1aa4156a44547
VC-00016	AL-00011	HG002	gatk	GRCh38	pbmm2	https://ftp-trace.ncbi.nlm.nih.gov/ReferenceSamples/giab/data/AshkenazimTrio/analysis/PacBio_CCS_15kb_20kb_chemistry2_10312019/GRCh38/README.txt	https://ftp-trace.ncbi.nlm.nih.gov/ReferenceSamples/giab/data/AshkenazimTrio/analysis/PacBio_CCS_15kb_20kb_chemistry2_10312019/GRCh38/	https://ftp-trace.ncbi.nlm.nih.gov/ReferenceSamples/giab/data/AshkenazimTrio/analysis/PacBio_CCS_15kb_20kb_chemistry2_10312019/GRCh38/gatk4hc_HG002_15kb_37X_SequelII.vcf.gz	https://ftp-trace.ncbi.nlm.nih.gov/ReferenceSamples/giab/data/AshkenazimTrio/analysis/PacBio_CCS_15kb_20kb_chemistry2_10312019/GRCh38/gatk4hc_HG002_15kb_37X_SequelII.vcf.gz.tbi	https://ftp-trace.ncbi.nlm.nih.gov/ReferenceSamples/giab/data/AshkenazimTrio/analysis/PacBio_CCS_15kb_20kb_chemistry2_10312019/GRCh38/md5sum.txt	Only reads from the 15kb library were used	b992eb9db9aff4e4d920a76cb5dc3284
VC-00017	AL-00011	HG003	pbsv	GRCh38	pbmm2	https://ftp-trace.ncbi.nlm.nih.gov/ReferenceSamples/giab/data/AshkenazimTrio/analysis/PacBio_CCS_15kb_20kb_chemistry2_10312019/pbsv/README.pbsv.txt	https://ftp-trace.ncbi.nlm.nih.gov/ReferenceSamples/giab/data/AshkenazimTrio/analysis/PacBio_CCS_15kb_20kb_chemistry2_10312019/pbsv/	https://ftp-trace.ncbi.nlm.nih.gov/ReferenceSamples/giab/data/AshkenazimTrio/analysis/PacBio_CCS_15kb_20kb_chemistry2_10312019/pbsv/pbsv_HG003_SequelII.GRCh38.vcf.gz	https://ftp-trace.ncbi.nlm.nih.gov/ReferenceSamples/giab/data/AshkenazimTrio/analysis/PacBio_CCS_15kb_20kb_chemistry2_10312019/pbsv/pbsv_HG003_SequelII.GRCh38.vcf.gz.tbi	https://ftp-trace.ncbi.nlm.nih.gov/ReferenceSamples/giab/data/AshkenazimTrio/analysis/PacBio_CCS_15kb_20kb_chemistry2_10312019/pbsv/md5sum.in	NA	e5c7514a4c9ae4b2383ef62b95fdf344
VC-00018	AL-00012	HG003	pbsv	hs37d5	pbmm2	https://ftp-trace.ncbi.nlm.nih.gov/ReferenceSamples/giab/data/AshkenazimTrio/analysis/PacBio_CCS_15kb_20kb_chemistry2_10312019/pbsv/README.pbsv.txt	https://ftp-trace.ncbi.nlm.nih.gov/ReferenceSamples/giab/data/AshkenazimTrio/analysis/PacBio_CCS_15kb_20kb_chemistry2_10312019/pbsv/	https://ftp-trace.ncbi.nlm.nih.gov/ReferenceSamples/giab/data/AshkenazimTrio/analysis/PacBio_CCS_15kb_20kb_chemistry2_10312019/pbsv/pbsv_HG003_SequelII.hs37d5.vcf.gz	https://ftp-trace.ncbi.nlm.nih.gov/ReferenceSamples/giab/data/AshkenazimTrio/analysis/PacBio_CCS_15kb_20kb_chemistry2_10312019/pbsv/pbsv_HG003_SequelII.hs37d5.vcf.gz.tbi	https://ftp-trace.ncbi.nlm.nih.gov/ReferenceSamples/giab/data/AshkenazimTrio/analysis/PacBio_CCS_15kb_20kb_chemistry2_10312019/pbsv/md5sum.in	NA	6d764665b13cff6b14519616553d0aa5
VC-00019	AL-00013	HG004	pbsv	GRCh38	pbmm2	https://ftp-trace.ncbi.nlm.nih.gov/ReferenceSamples/giab/data/AshkenazimTrio/analysis/PacBio_CCS_15kb_20kb_chemistry2_10312019/pbsv/README.pbsv.txt	https://ftp-trace.ncbi.nlm.nih.gov/ReferenceSamples/giab/data/AshkenazimTrio/analysis/PacBio_CCS_15kb_20kb_chemistry2_10312019/pbsv/	https://ftp-trace.ncbi.nlm.nih.gov/ReferenceSamples/giab/data/AshkenazimTrio/analysis/PacBio_CCS_15kb_20kb_chemistry2_10312019/pbsv/pbsv_HG004_SequelII.GRCh38.pbsv.vcf.gz	https://ftp-trace.ncbi.nlm.nih.gov/ReferenceSamples/giab/data/AshkenazimTrio/analysis/PacBio_CCS_15kb_20kb_chemistry2_10312019/pbsv/pbsv_HG004_SequelII.GRCh38.pbsv.vcf.gz.tbi	https://ftp-trace.ncbi.nlm.nih.gov/ReferenceSamples/giab/data/AshkenazimTrio/analysis/PacBio_CCS_15kb_20kb_chemistry2_10312019/pbsv/md5sum.in	NA	a77dd16460387cea4e78ade8a480ee9b
VC-00020	AL-00014	HG004	pbsv	hs37d5	pbmm2	https://ftp-trace.ncbi.nlm.nih.gov/ReferenceSamples/giab/data/AshkenazimTrio/analysis/PacBio_CCS_15kb_20kb_chemistry2_10312019/pbsv/README.pbsv.txt	https://ftp-trace.ncbi.nlm.nih.gov/ReferenceSamples/giab/data/AshkenazimTrio/analysis/PacBio_CCS_15kb_20kb_chemistry2_10312019/pbsv/	https://ftp-trace.ncbi.nlm.nih.gov/ReferenceSamples/giab/data/AshkenazimTrio/analysis/PacBio_CCS_15kb_20kb_chemistry2_10312019/pbsv/pbsv_HG004_SequelII.hs37d5.vcf.gz	https://ftp-trace.ncbi.nlm.nih.gov/ReferenceSamples/giab/data/AshkenazimTrio/analysis/PacBio_CCS_15kb_20kb_chemistry2_10312019/pbsv/pbsv_HG004_SequelII.hs37d5.vcf.gz.tbi	https://ftp-trace.ncbi.nlm.nih.gov/ReferenceSamples/giab/data/AshkenazimTrio/analysis/PacBio_CCS_15kb_20kb_chemistry2_10312019/pbsv/md5sum.in	NA	da84775710b72c3603f823126fdca769
VC-00021	AL-00017	HG005	DeepVariant	GRCh38	pbmm2	https://ftp-trace.ncbi.nlm.nih.gov/ReferenceSamples/giab/data/ChineseTrio/analysis/PacBio_CCS_15kb_20kb_chemistry2_12072020/HG005/README.HG005.GRCh38.txt	https://ftp-trace.ncbi.nlm.nih.gov/ReferenceSamples/giab/data/ChineseTrio/analysis/PacBio_CCS_15kb_20kb_chemistry2_12072020/HG005/	https://ftp-trace.ncbi.nlm.nih.gov/ReferenceSamples/giab/data/ChineseTrio/analysis/PacBio_CCS_15kb_20kb_chemistry2_12072020/HG005/HG005.GRCh38.deepvariant.vcf.gz	https://ftp-trace.ncbi.nlm.nih.gov/ReferenceSamples/giab/data/ChineseTrio/analysis/PacBio_CCS_15kb_20kb_chemistry2_12072020/HG005/HG005.GRCh38.deepvariant.vcf.gz.tbi	NA	NA	1fcf5c38593e33affc78a158470f0b0b
VC-00022	AL-00017	HG005	gatk	GRCh38	pbmm2	https://ftp-trace.ncbi.nlm.nih.gov/ReferenceSamples/giab/data/ChineseTrio/analysis/PacBio_CCS_15kb_20kb_chemistry2_12072020/HG005/README.HG005.GRCh38.txt	https://ftp-trace.ncbi.nlm.nih.gov/ReferenceSamples/giab/data/ChineseTrio/analysis/PacBio_CCS_15kb_20kb_chemistry2_12072020/HG005/	https://ftp-trace.ncbi.nlm.nih.gov/ReferenceSamples/giab/data/ChineseTrio/analysis/PacBio_CCS_15kb_20kb_chemistry2_12072020/HG005/HG005.GRCh38.gatk_hc.vcf.gz	https://ftp-trace.ncbi.nlm.nih.gov/ReferenceSamples/giab/data/ChineseTrio/analysis/PacBio_CCS_15kb_20kb_chemistry2_12072020/HG005/HG005.GRCh38.gatk_hc.vcf.gz.tbi	NA	NA	567a06bcec13c0b2a03f2c6bd7922211
VC-00023	AL-00017	HG005	pbsv	GRCh38	pbmm2	https://ftp-trace.ncbi.nlm.nih.gov/ReferenceSamples/giab/data/ChineseTrio/analysis/PacBio_CCS_15kb_20kb_chemistry2_12072020/HG005/README.HG005.GRCh38.txt	https://ftp-trace.ncbi.nlm.nih.gov/ReferenceSamples/giab/data/ChineseTrio/analysis/PacBio_CCS_15kb_20kb_chemistry2_12072020/HG005/	https://ftp-trace.ncbi.nlm.nih.gov/ReferenceSamples/giab/data/ChineseTrio/analysis/PacBio_CCS_15kb_20kb_chemistry2_12072020/HG005/HG005.GRCh38.pbsv.vcf.gz	https://ftp-trace.ncbi.nlm.nih.gov/ReferenceSamples/giab/data/ChineseTrio/analysis/PacBio_CCS_15kb_20kb_chemistry2_12072020/HG005/HG005.GRCh38.pbsv.vcf.gz.tbi	NA	NA	7a3b0d2e8d6f3e0ed58185ce00f8a6fb
VC-00024	AL-00018	HG005	DeepVariant	hs37d5	pbmm2	https://ftp-trace.ncbi.nlm.nih.gov/ReferenceSamples/giab/data/ChineseTrio/analysis/PacBio_CCS_15kb_20kb_chemistry2_12072020/HG005/README.HG005.hs37d5.txt	https://ftp-trace.ncbi.nlm.nih.gov/ReferenceSamples/giab/data/ChineseTrio/analysis/PacBio_CCS_15kb_20kb_chemistry2_12072020/HG005/	https://ftp-trace.ncbi.nlm.nih.gov/ReferenceSamples/giab/data/ChineseTrio/analysis/PacBio_CCS_15kb_20kb_chemistry2_12072020/HG005/HG005.hs37d5.deepvariant.vcf.gz	https://ftp-trace.ncbi.nlm.nih.gov/ReferenceSamples/giab/data/ChineseTrio/analysis/PacBio_CCS_15kb_20kb_chemistry2_12072020/HG005/HG005.hs37d5.deepvariant.vcf.gz.tbi	NA	NA	41d945e688f76bdbbdcb614d92bb0c40
VC-00025	AL-00018	HG005	gatk	hs37d5	pbmm2	https://ftp-trace.ncbi.nlm.nih.gov/ReferenceSamples/giab/data/ChineseTrio/analysis/PacBio_CCS_15kb_20kb_chemistry2_12072020/HG005/README.HG005.hs37d5.txt	https://ftp-trace.ncbi.nlm.nih.gov/ReferenceSamples/giab/data/ChineseTrio/analysis/PacBio_CCS_15kb_20kb_chemistry2_12072020/HG005/	https://ftp-trace.ncbi.nlm.nih.gov/ReferenceSamples/giab/data/ChineseTrio/analysis/PacBio_CCS_15kb_20kb_chemistry2_12072020/HG005/HG005.hs37d5.gatk_hc.vcf.gz	https://ftp-trace.ncbi.nlm.nih.gov/ReferenceSamples/giab/data/ChineseTrio/analysis/PacBio_CCS_15kb_20kb_chemistry2_12072020/HG005/HG005.hs37d5.gatk_hc.vcf.gz.tbi	NA	NA	6c7235f6e35f96f4d049741532a409c5
VC-00026	AL-00018	HG005	pbsv	hs37d5	pbmm2	https://ftp-trace.ncbi.nlm.nih.gov/ReferenceSamples/giab/data/ChineseTrio/analysis/PacBio_CCS_15kb_20kb_chemistry2_12072020/HG005/README.HG005.hs37d5.txt	https://ftp-trace.ncbi.nlm.nih.gov/ReferenceSamples/giab/data/ChineseTrio/analysis/PacBio_CCS_15kb_20kb_chemistry2_12072020/HG005/	https://ftp-trace.ncbi.nlm.nih.gov/ReferenceSamples/giab/data/ChineseTrio/analysis/PacBio_CCS_15kb_20kb_chemistry2_12072020/HG005/HG005.hs37d5.pbsv.vcf.gz	https://ftp-trace.ncbi.nlm.nih.gov/ReferenceSamples/giab/data/ChineseTrio/analysis/PacBio_CCS_15kb_20kb_chemistry2_12072020/HG005/HG005.hs37d5.pbsv.vcf.gz.tbi	NA	NA	5a7493e4f751510c7ba8a0cdf3a2e4de
VC-00027	AL-00019	HG006	DeepVariant	GRCh38	pbmm2	https://ftp-trace.ncbi.nlm.nih.gov/ReferenceSamples/giab/data/ChineseTrio/analysis/PacBio_CCS_15kb_20kb_chemistry2_12072020/HG006/README.HG006.GRCh38.txt	https://ftp-trace.ncbi.nlm.nih.gov/ReferenceSamples/giab/data/ChineseTrio/analysis/PacBio_CCS_15kb_20kb_chemistry2_12072020/HG006/	https://ftp-trace.ncbi.nlm.nih.gov/ReferenceSamples/giab/data/ChineseTrio/analysis/PacBio_CCS_15kb_20kb_chemistry2_12072020/HG006/HG006.GRCh38.deepvariant.vcf.gz	https://ftp-trace.ncbi.nlm.nih.gov/ReferenceSamples/giab/data/ChineseTrio/analysis/PacBio_CCS_15kb_20kb_chemistry2_12072020/HG006/HG006.GRCh38.deepvariant.vcf.gz.tbi	NA	NA	b8de3c3e86b77e94fd3f758070f5accc
VC-00028	AL-00020	HG006	DeepVariant	hs3d75	pbmm2	https://ftp-trace.ncbi.nlm.nih.gov/ReferenceSamples/giab/data/ChineseTrio/analysis/PacBio_CCS_15kb_20kb_chemistry2_12072020/HG006/README.HG006.hs37d5.txt	https://ftp-trace.ncbi.nlm.nih.gov/ReferenceSamples/giab/data/ChineseTrio/analysis/PacBio_CCS_15kb_20kb_chemistry2_12072020/HG006/	https://ftp-trace.ncbi.nlm.nih.gov/ReferenceSamples/giab/data/ChineseTrio/analysis/PacBio_CCS_15kb_20kb_chemistry2_12072020/HG006/HG006.hs3d75.deepvariant.vcf.gz	https://ftp-trace.ncbi.nlm.nih.gov/ReferenceSamples/giab/data/ChineseTrio/analysis/PacBio_CCS_15kb_20kb_chemistry2_12072020/HG006/HG006.hs3d75.deepvariant.vcf.gz.tbi	NA	NA	d6c5d1bc4b0a18f0deb69558c67b9dba
VC-00029	AL-00021	HG007	DeepVariant	GRCh38	pbmm2	https://ftp-trace.ncbi.nlm.nih.gov/ReferenceSamples/giab/data/ChineseTrio/analysis/PacBio_CCS_15kb_20kb_chemistry2_12072020/HG007/README.HG007.GRCh38.txt	https://ftp-trace.ncbi.nlm.nih.gov/ReferenceSamples/giab/data/ChineseTrio/analysis/PacBio_CCS_15kb_20kb_chemistry2_12072020/HG007/	https://ftp-trace.ncbi.nlm.nih.gov/ReferenceSamples/giab/data/ChineseTrio/analysis/PacBio_CCS_15kb_20kb_chemistry2_12072020/HG007/HG007.GRCh38.deepvariant.vcf.gz	https://ftp-trace.ncbi.nlm.nih.gov/ReferenceSamples/giab/data/ChineseTrio/analysis/PacBio_CCS_15kb_20kb_chemistry2_12072020/HG007/HG007.GRCh38.deepvariant.vcf.gz.tbi	NA	NA	f462a06604073642b2772b46f3d69ade
VC-00030	AL-00022	HG007	DeepVariant	hs37d5	pbmm2	https://ftp-trace.ncbi.nlm.nih.gov/ReferenceSamples/giab/data/ChineseTrio/analysis/PacBio_CCS_15kb_20kb_chemistry2_12072020/HG007/README.HG007.hs37d5.txt	https://ftp-trace.ncbi.nlm.nih.gov/ReferenceSamples/giab/data/ChineseTrio/analysis/PacBio_CCS_15kb_20kb_chemistry2_12072020/HG007/	https://ftp-trace.ncbi.nlm.nih.gov/ReferenceSamples/giab/data/ChineseTrio/analysis/PacBio_CCS_15kb_20kb_chemistry2_12072020/HG007/HG007.hs37d5.deepvariant.vcf.gz	https://ftp-trace.ncbi.nlm.nih.gov/ReferenceSamples/giab/data/ChineseTrio/analysis/PacBio_CCS_15kb_20kb_chemistry2_12072020/HG007/HG007.hs37d5.deepvariant.vcf.gz.tbi	NA	NA	dd32942863b474ec5db3856ea4178bbf
VC-00031	AL-00025	HG001	DeepVariant	hs37d5	pbmm2	https://ftp-trace.ncbi.nlm.nih.gov/ReferenceSamples/giab/data/NA12878/analysis/PacBio_CCS_15kb_20kb_chemistry2_042021/README.md	https://ftp-trace.ncbi.nlm.nih.gov/ReferenceSamples/giab/data/NA12878/analysis/PacBio_CCS_15kb_20kb_chemistry2_042021/	https://ftp-trace.ncbi.nlm.nih.gov/ReferenceSamples/giab/data/NA12878/analysis/PacBio_CCS_15kb_20kb_chemistry2_042021/HG001.hs37d5.deepvariant.vcf.gz	https://ftp-trace.ncbi.nlm.nih.gov/ReferenceSamples/giab/data/NA12878/analysis/PacBio_CCS_15kb_20kb_chemistry2_042021/HG001.hs37d5.deepvariant.vcf.gz.tbi	https://ftp-trace.ncbi.nlm.nih.gov/ReferenceSamples/giab/data/NA12878/analysis/PacBio_CCS_15kb_20kb_chemistry2_042021/md5.in	NA	91973e0387d9e6190beff9f56d053622
VC-00032	AL-00025	HG001	gatk	hs37d5	pbmm2	https://ftp-trace.ncbi.nlm.nih.gov/ReferenceSamples/giab/data/NA12878/analysis/PacBio_CCS_15kb_20kb_chemistry2_042021/README.md	https://ftp-trace.ncbi.nlm.nih.gov/ReferenceSamples/giab/data/NA12878/analysis/PacBio_CCS_15kb_20kb_chemistry2_042021/	https://ftp-trace.ncbi.nlm.nih.gov/ReferenceSamples/giab/data/NA12878/analysis/PacBio_CCS_15kb_20kb_chemistry2_042021/HG001.hs37d5.gatkhc.vcf.gz	https://ftp-trace.ncbi.nlm.nih.gov/ReferenceSamples/giab/data/NA12878/analysis/PacBio_CCS_15kb_20kb_chemistry2_042021/HG001.hs37d5.gatkhc.vcf.gz.tbi	https://ftp-trace.ncbi.nlm.nih.gov/ReferenceSamples/giab/data/NA12878/analysis/PacBio_CCS_15kb_20kb_chemistry2_042021/md5.in	NA	0c65cf84bcd1ab554e029c1ac3c30500
VC-00033	AL-00026	HG001	DeepVariant	GRCh38	pbmm2	https://ftp-trace.ncbi.nlm.nih.gov/ReferenceSamples/giab/data/NA12878/analysis/PacBio_CCS_15kb_20kb_chemistry2_042021/README.md	https://ftp-trace.ncbi.nlm.nih.gov/ReferenceSamples/giab/data/NA12878/analysis/PacBio_CCS_15kb_20kb_chemistry2_042021/	https://ftp-trace.ncbi.nlm.nih.gov/ReferenceSamples/giab/data/NA12878/analysis/PacBio_CCS_15kb_20kb_chemistry2_042021/HG001.GRCh38.deepvariant.vcf.gz	https://ftp-trace.ncbi.nlm.nih.gov/ReferenceSamples/giab/data/NA12878/analysis/PacBio_CCS_15kb_20kb_chemistry2_042021/HG001.GRCh38.deepvariant.vcf.gz.tbi	https://ftp-trace.ncbi.nlm.nih.gov/ReferenceSamples/giab/data/NA12878/analysis/PacBio_CCS_15kb_20kb_chemistry2_042021/md5.in	NA	d90df0304439fa274cb6dd8a827bdd28
VC-00034	AL-00026	HG001	gatk	GRCh38	pbmm2	https://ftp-trace.ncbi.nlm.nih.gov/ReferenceSamples/giab/data/NA12878/analysis/PacBio_CCS_15kb_20kb_chemistry2_042021/README.md	https://ftp-trace.ncbi.nlm.nih.gov/ReferenceSamples/giab/data/NA12878/analysis/PacBio_CCS_15kb_20kb_chemistry2_042021/	https://ftp-trace.ncbi.nlm.nih.gov/ReferenceSamples/giab/data/NA12878/analysis/PacBio_CCS_15kb_20kb_chemistry2_042021/HG001.GRCh38.gatkhc.vcf.gz	https://ftp-trace.ncbi.nlm.nih.gov/ReferenceSamples/giab/data/NA12878/analysis/PacBio_CCS_15kb_20kb_chemistry2_042021/HG001.GRCh38.gatkhc.vcf.gz.tbi	https://ftp-trace.ncbi.nlm.nih.gov/ReferenceSamples/giab/data/NA12878/analysis/PacBio_CCS_15kb_20kb_chemistry2_042021/md5.in	NA	ef1264421bc84e40eb8279b48805cf49
VC-00035	AL-00025	HG001	pbsv	hs37d5	pbmm2	https://ftp-trace.ncbi.nlm.nih.gov/ReferenceSamples/giab/data/NA12878/analysis/PacBio_CCS_15kb_20kb_chemistry2_042021/README.md	https://ftp-trace.ncbi.nlm.nih.gov/ReferenceSamples/giab/data/NA12878/analysis/PacBio_CCS_15kb_20kb_chemistry2_042021/	https://ftp-trace.ncbi.nlm.nih.gov/ReferenceSamples/giab/data/NA12878/analysis/PacBio_CCS_15kb_20kb_chemistry2_042021/HG001.hs37d5.pbsv.vcf.gz	https://ftp-trace.ncbi.nlm.nih.gov/ReferenceSamples/giab/data/NA12878/analysis/PacBio_CCS_15kb_20kb_chemistry2_042021/HG001.hs37d5.pbsv.vcf.gz.tbi	https://ftp-trace.ncbi.nlm.nih.gov/ReferenceSamples/giab/data/NA12878/analysis/PacBio_CCS_15kb_20kb_chemistry2_042021/md5.in	NA	d2d803de1e866b12625df07b1f13def1
VC-00036	AL-00026	HG001	pbsv	GRCh38	pbmm2	https://ftp-trace.ncbi.nlm.nih.gov/ReferenceSamples/giab/data/NA12878/analysis/PacBio_CCS_15kb_20kb_chemistry2_042021/README.md	https://ftp-trace.ncbi.nlm.nih.gov/ReferenceSamples/giab/data/NA12878/analysis/PacBio_CCS_15kb_20kb_chemistry2_042021/	https://ftp-trace.ncbi.nlm.nih.gov/ReferenceSamples/giab/data/NA12878/analysis/PacBio_CCS_15kb_20kb_chemistry2_042021/HG001.GRCh38.pbsv.vcf.gz	https://ftp-trace.ncbi.nlm.nih.gov/ReferenceSamples/giab/data/NA12878/analysis/PacBio_CCS_15kb_20kb_chemistry2_042021/HG001.GRCh38.pbsv.vcf.gz.tbi	https://ftp-trace.ncbi.nlm.nih.gov/ReferenceSamples/giab/data/NA12878/analysis/PacBio_CCS_15kb_20kb_chemistry2_042021/md5.in	NA	24bee6ef36436d8ffe444b1993d464ba
