bam_id	giab_id	trio	description	coverage	input_fqs	aligner	ref_genome	phased	ftp_dir	ftp_readme_url	ftp_input_vcf	ftp_bam_file	ftp_bai_file	ftp_md5_list_file	ftp_bam_md5	ftp_bai_md5	external_directory	external_file_link	external_md5_link	external_readme	sra_ids	bioproject_id	md5key
AL-00001	HG002	ASHKENAZI_JEWISH	PacBio_CCS_SequelII_10kb_2019-03-15	30X	SR-00001	pbmm2	hs37d5	yes	https://ftp-trace.ncbi.nlm.nih.gov/ReferenceSamples/giab/data/AshkenazimTrio/HG002_NA24385_son/PacBio_CCS_10kb/alignment/	https://ftp-trace.ncbi.nlm.nih.gov/ReferenceSamples/giab/data/AshkenazimTrio/HG002_NA24385_son/PacBio_CCS_10kb/alignment/README.txt	https://ftp-trace.ncbi.nlm.nih.gov/giab/ftp/data/AshkenazimTrio/analysis/NIST_MPI_whatshap_08232018/RTG.hg19.10x.trio-whatshap.vcf.gz	https://ftp-trace.ncbi.nlm.nih.gov/ReferenceSamples/giab/data/AshkenazimTrio/HG002_NA24385_son/PacBio_CCS_10kb/alignment/HG002.Sequel.10kb.pbmm2.hs37d5.whatshap.haplotag.RTG.10x.trio.bam	https://ftp-trace.ncbi.nlm.nih.gov/ReferenceSamples/giab/data/AshkenazimTrio/HG002_NA24385_son/PacBio_CCS_10kb/alignment/HG002.Sequel.10kb.pbmm2.hs37d5.whatshap.haplotag.RTG.10x.trio.bam.bai	https://ftp-trace.ncbi.nlm.nih.gov/ReferenceSamples/giab/data/AshkenazimTrio/HG002_NA24385_son/PacBio_CCS_10kb/alignment/md5.in	https://ftp-trace.ncbi.nlm.nih.gov/ReferenceSamples/giab/data/AshkenazimTrio/HG002_NA24385_son/PacBio_CCS_10kb/alignment/HG002.Sequel.10kb.pbmm2.hs37d5.whatshap.haplotag.RTG.10x.trio.bam.md5	https://ftp-trace.ncbi.nlm.nih.gov/ReferenceSamples/giab/data/AshkenazimTrio/HG002_NA24385_son/PacBio_CCS_10kb/alignment/HG002.Sequel.10kb.pbmm2.hs37d5.whatshap.haplotag.RTG.10x.trio.bam.bai.md5	NA	NA	NA	NA	NA	NA	97ecf642681ab95b9fdef1017b873d32
AL-00002	HG002	ASHKENAZI_JEWISH	PacBio_CCS_SequelII_10kb_2019-07-15	30X	SR-00001	pbmm2	GRCh38	yes	https://ftp-trace.ncbi.nlm.nih.gov/ReferenceSamples/giab/data/AshkenazimTrio/HG002_NA24385_son/PacBio_CCS_10kb/GRCh38_no_alt_analysis/	https://ftp-trace.ncbi.nlm.nih.gov/ReferenceSamples/giab/data/AshkenazimTrio/HG002_NA24385_son/PacBio_CCS_10kb/GRCh38_no_alt_analysis/README.txt	https://ftp-trace.ncbi.nlm.nih.gov/giab/ftp/data/AshkenazimTrio/analysis/10XGenomics_ChromiumGenome_LongRanger2.2_Supernova2.0.1_04122018/GRCh38/NA24385_300G/NA24385.GRCh38.phased_variants.vcf.gz	https://ftp-trace.ncbi.nlm.nih.gov/ReferenceSamples/giab/data/AshkenazimTrio/HG002_NA24385_son/PacBio_CCS_10kb/GRCh38_no_alt_analysis/HG002.10kb.Sequel.pbmm2.GRCh38.whatshap.haplotag.RTG.10x.trio.bam	https://ftp-trace.ncbi.nlm.nih.gov/ReferenceSamples/giab/data/AshkenazimTrio/HG002_NA24385_son/PacBio_CCS_10kb/GRCh38_no_alt_analysis/HG002.10kb.Sequel.pbmm2.GRCh38.whatshap.haplotag.RTG.10x.trio.bam.bai	NA	https://ftp-trace.ncbi.nlm.nih.gov/ReferenceSamples/giab/data/AshkenazimTrio/HG002_NA24385_son/PacBio_CCS_10kb/GRCh38_no_alt_analysis/HG002.10kb.Sequel.pbmm2.GRCh38.whatshap.haplotag.RTG.10x.trio.bam.md5	https://ftp-trace.ncbi.nlm.nih.gov/ReferenceSamples/giab/data/AshkenazimTrio/HG002_NA24385_son/PacBio_CCS_10kb/GRCh38_no_alt_analysis/HG002.10kb.Sequel.pbmm2.GRCh38.whatshap.haplotag.RTG.10x.trio.bam.bai.md5	NA	NA	NA	NA	NA	NA	8a5efba4a2f9c43b7e34d6ec2360673a
AL-00003	HG002	ASHKENAZI_JEWISH	PacBio_CCS_SequelII_15kb_2019-03-15	28X	SR-00002	pbmm2	hs37d5	yes	https://ftp-trace.ncbi.nlm.nih.gov/ReferenceSamples/giab/data/AshkenazimTrio/HG002_NA24385_son/PacBio_CCS_15kb/alignment/	https://ftp-trace.ncbi.nlm.nih.gov/ReferenceSamples/giab/data/AshkenazimTrio/HG002_NA24385_son/PacBio_CCS_15kb/alignment/README.txt	https://ftp-trace.ncbi.nlm.nih.gov/giab/ftp/data/AshkenazimTrio/analysis/NIST_MPI_whatshap_08232018/RTG.hg19.10x.trio-whatshap.vcf.gz	https://ftp-trace.ncbi.nlm.nih.gov/ReferenceSamples/giab/data/AshkenazimTrio/HG002_NA24385_son/PacBio_CCS_15kb/alignment/HG002.Sequel.15kb.pbmm2.hs37d5.whatshap.haplotag.RTG.10x.trio.bam	https://ftp-trace.ncbi.nlm.nih.gov/ReferenceSamples/giab/data/AshkenazimTrio/HG002_NA24385_son/PacBio_CCS_15kb/alignment/HG002.Sequel.15kb.pbmm2.hs37d5.whatshap.haplotag.RTG.10x.trio.bam.bai	NA	https://ftp-trace.ncbi.nlm.nih.gov/ReferenceSamples/giab/data/AshkenazimTrio/HG002_NA24385_son/PacBio_CCS_15kb/alignment/HG002.Sequel.15kb.pbmm2.hs37d5.whatshap.haplotag.RTG.10x.trio.bam.md5	https://ftp-trace.ncbi.nlm.nih.gov/ReferenceSamples/giab/data/AshkenazimTrio/HG002_NA24385_son/PacBio_CCS_15kb/alignment/HG002.Sequel.15kb.pbmm2.hs37d5.whatshap.haplotag.RTG.10x.trio.bam.bai.md5	NA	NA	NA	NA	NA	NA	bb7c961de9eca754037b5e86d1549a74
AL-00004	HG002	ASHKENAZI_JEWISH	PacBio_CCS_SequelII_15kb_2019-07-15	28X	SR-00002	pbmm2	GRCh38	yes	https://ftp-trace.ncbi.nlm.nih.gov/ReferenceSamples/giab/data/AshkenazimTrio/HG002_NA24385_son/PacBio_CCS_15kb/GRCh38_no_alt_analysis/	https://ftp-trace.ncbi.nlm.nih.gov/ReferenceSamples/giab/data/AshkenazimTrio/HG002_NA24385_son/PacBio_CCS_15kb/GRCh38_no_alt_analysis/README.txt	https://ftp-trace.ncbi.nlm.nih.gov/giab/ftp/data/AshkenazimTrio/analysis/10XGenomics_ChromiumGenome_LongRanger2.2_Supernova2.0.1_04122018/GRCh38/NA24385_300G/NA24385.GRCh38.phased_variants.vcf.gz	https://ftp-trace.ncbi.nlm.nih.gov/ReferenceSamples/giab/data/AshkenazimTrio/HG002_NA24385_son/PacBio_CCS_15kb/GRCh38_no_alt_analysis/HG002.15kb.Sequel.pbmm2.GRCh38.whatshap.haplotag.RTG.10x.trio.bam	https://ftp-trace.ncbi.nlm.nih.gov/ReferenceSamples/giab/data/AshkenazimTrio/HG002_NA24385_son/PacBio_CCS_15kb/GRCh38_no_alt_analysis/HG002.15kb.Sequel.pbmm2.GRCh38.whatshap.haplotag.RTG.10x.trio.bam.bai	NA	https://ftp-trace.ncbi.nlm.nih.gov/ReferenceSamples/giab/data/AshkenazimTrio/HG002_NA24385_son/PacBio_CCS_15kb/GRCh38_no_alt_analysis/HG002.15kb.Sequel.pbmm2.GRCh38.whatshap.haplotag.RTG.10x.trio.bam.md5	https://ftp-trace.ncbi.nlm.nih.gov/ReferenceSamples/giab/data/AshkenazimTrio/HG002_NA24385_son/PacBio_CCS_15kb/GRCh38_no_alt_analysis/HG002.15kb.Sequel.pbmm2.GRCh38.whatshap.haplotag.RTG.10x.trio.bam.bai.md5	NA	NA	NA	NA	NA	NA	952a3522d340e1db72dcecca86f42bef
AL-00005	HG002	ASHKENAZI_JEWISH	PacBio_CCS_SequelII_15kb_20kb_2020-02-04	54X	SR-00003	duplomap	GRCh37	no*	https://ftp-trace.ncbi.nlm.nih.gov/ReferenceSamples/giab/data/AshkenazimTrio/HG002_NA24385_son/PacBio_CCS_15kb_20kb_chemistry2/GRCh37/	https://ftp-trace.ncbi.nlm.nih.gov/ReferenceSamples/giab/data/AshkenazimTrio/HG002_NA24385_son/PacBio_CCS_15kb_20kb_chemistry2/GRCh37/README.giab_uploadedbams_UCSD_duplomap	NA	https://ftp-trace.ncbi.nlm.nih.gov/ReferenceSamples/giab/data/AshkenazimTrio/HG002_NA24385_son/PacBio_CCS_15kb_20kb_chemistry2/GRCh37/HG002.SequelII.merged_15kb_20kb.GRCh37.duplomap.bam	https://ftp-trace.ncbi.nlm.nih.gov/ReferenceSamples/giab/data/AshkenazimTrio/HG002_NA24385_son/PacBio_CCS_15kb_20kb_chemistry2/GRCh37/HG002.SequelII.merged_15kb_20kb.GRCh37.duplomap.bam.bai	https://ftp-trace.ncbi.nlm.nih.gov/ReferenceSamples/giab/data/AshkenazimTrio/HG002_NA24385_son/PacBio_CCS_15kb_20kb_chemistry2/GRCh37/md5.in	NA	NA	NA	NA	NA	NA	NA	PRJNA586863	b008068add68c5ceb5ce52f4fc8a22d6
AL-00006	HG002	ASHKENAZI_JEWISH	PacBio_CCS_SequelII_15kb_20kb_2020-02-04	54X	SR-00003	pbmm2	hs37d5	yes	https://ftp-trace.ncbi.nlm.nih.gov/ReferenceSamples/giab/data/AshkenazimTrio/HG002_NA24385_son/PacBio_CCS_15kb_20kb_chemistry2/GRCh37/	https://ftp-trace.ncbi.nlm.nih.gov/ReferenceSamples/giab/data/AshkenazimTrio/HG002_NA24385_son/PacBio_CCS_15kb_20kb_chemistry2/GRCh37/README.txt	https://ftp-trace.ncbi.nlm.nih.gov/giab/ftp/data/AshkenazimTrio/analysis/NIST_MPI_whatshap_08232018/RTG.hg19.10x.trio-whatshap.vcf.gz	https://ftp-trace.ncbi.nlm.nih.gov/ReferenceSamples/giab/data/AshkenazimTrio/HG002_NA24385_son/PacBio_CCS_15kb_20kb_chemistry2/GRCh37/HG002.SequelII.merged_15kb_20kb.pbmm2.hs37d5.haplotag.RTG.10x.trio.bam	https://ftp-trace.ncbi.nlm.nih.gov/ReferenceSamples/giab/data/AshkenazimTrio/HG002_NA24385_son/PacBio_CCS_15kb_20kb_chemistry2/GRCh37/HG002.SequelII.merged_15kb_20kb.pbmm2.hs37d5.haplotag.RTG.10x.trio.bam.bai	https://ftp-trace.ncbi.nlm.nih.gov/ReferenceSamples/giab/data/AshkenazimTrio/HG002_NA24385_son/PacBio_CCS_15kb_20kb_chemistry2/GRCh37/md5sum.txt	NA	NA	NA	NA	NA	NA	NA	PRJNA586863	ee77e79db32a41a0ebb87f8aa06e76dd
AL-00007	HG002	ASHKENAZI_JEWISH	PacBio_CCS_SequelII_15kb_20kb_2020-02-04	54X	SR-00003	duplomap	GRCh38	no*	https://ftp-trace.ncbi.nlm.nih.gov/ReferenceSamples/giab/data/AshkenazimTrio/HG002_NA24385_son/PacBio_CCS_15kb_20kb_chemistry2/GRCh38/	https://ftp-trace.ncbi.nlm.nih.gov/ReferenceSamples/giab/data/AshkenazimTrio/HG002_NA24385_son/PacBio_CCS_15kb_20kb_chemistry2/GRCh38/README.giab_uploadedbams_UCSD_duplomap	NA	https://ftp-trace.ncbi.nlm.nih.gov/ReferenceSamples/giab/data/AshkenazimTrio/HG002_NA24385_son/PacBio_CCS_15kb_20kb_chemistry2/GRCh38/HG002.SequelII.merged_15kb_20kb.GRCh38.duplomap.bam	https://ftp-trace.ncbi.nlm.nih.gov/ReferenceSamples/giab/data/AshkenazimTrio/HG002_NA24385_son/PacBio_CCS_15kb_20kb_chemistry2/GRCh38/HG002.SequelII.merged_15kb_20kb.GRCh38.duplomap.bam.bai	https://ftp-trace.ncbi.nlm.nih.gov/ReferenceSamples/giab/data/AshkenazimTrio/HG002_NA24385_son/PacBio_CCS_15kb_20kb_chemistry2/GRCh38/md5.in	NA	NA	NA	NA	NA	NA	NA	PRJNA586863	427c9449d002800e2450a6e273da2909
AL-00008	HG002	ASHKENAZI_JEWISH	PacBio_CCS_SequelII_15kb_20kb_2020-02-04	54X	SR-00003	pbmm2	GRCh38	yes	https://ftp-trace.ncbi.nlm.nih.gov/ReferenceSamples/giab/data/AshkenazimTrio/HG002_NA24385_son/PacBio_CCS_15kb_20kb_chemistry2/GRCh38/	https://ftp-trace.ncbi.nlm.nih.gov/ReferenceSamples/giab/data/AshkenazimTrio/HG002_NA24385_son/PacBio_CCS_15kb_20kb_chemistry2/GRCh38/README.txt	https://ftp-trace.ncbi.nlm.nih.gov/giab/ftp/data/AshkenazimTrio/analysis/10XGenomics_ChromiumGenome_LongRanger2.2_Supernova2.0.1_04122018/GRCh38/NA24385_300G/NA24385.GRCh38.phased_variants.vcf.gz	https://ftp-trace.ncbi.nlm.nih.gov/ReferenceSamples/giab/data/AshkenazimTrio/HG002_NA24385_son/PacBio_CCS_15kb_20kb_chemistry2/GRCh38/HG002.SequelII.merged_15kb_20kb.pbmm2.GRCh38.haplotag.10x.bam	https://ftp-trace.ncbi.nlm.nih.gov/ReferenceSamples/giab/data/AshkenazimTrio/HG002_NA24385_son/PacBio_CCS_15kb_20kb_chemistry2/GRCh38/HG002.SequelII.merged_15kb_20kb.pbmm2.GRCh38.haplotag.10x.bam.bai	https://ftp-trace.ncbi.nlm.nih.gov/ReferenceSamples/giab/data/AshkenazimTrio/HG002_NA24385_son/PacBio_CCS_15kb_20kb_chemistry2/GRCh38/md5sum.txt	NA	NA	NA	NA	NA	NA	NA	PRJNA586863	f63eb4b8731175a6f0a57a6be977a3e0
AL-00009	HG002	ASHKENAZI_JEWISH	PacBio_CCS_SequelII_11kb_2019-03-21	32X	SR-00004	pbmm2	hs37d5	yes	https://ftp-trace.ncbi.nlm.nih.gov/ReferenceSamples/giab/data/AshkenazimTrio/HG002_NA24385_son/PacBio_SequelII_CCS_11kb/	https://ftp-trace.ncbi.nlm.nih.gov/ReferenceSamples/giab/data/AshkenazimTrio/HG002_NA24385_son/PacBio_SequelII_CCS_11kb/README.txt	https://ftp-trace.ncbi.nlm.nih.gov/giab/ftp/data/AshkenazimTrio/analysis/NIST_MPI_whatshap_08232018/RTG.hg19.10x.trio-whatshap.vcf.gz	https://ftp-trace.ncbi.nlm.nih.gov/ReferenceSamples/giab/data/AshkenazimTrio/HG002_NA24385_son/PacBio_SequelII_CCS_11kb/HG002.SequelII.pbmm2.hs37d5.whatshap.haplotag.RTG.10x.trio.bam	https://ftp-trace.ncbi.nlm.nih.gov/ReferenceSamples/giab/data/AshkenazimTrio/HG002_NA24385_son/PacBio_SequelII_CCS_11kb/HG002.SequelII.pbmm2.hs37d5.whatshap.haplotag.RTG.10x.trio.bam.bai	https://ftp-trace.ncbi.nlm.nih.gov/ReferenceSamples/giab/data/AshkenazimTrio/HG002_NA24385_son/PacBio_SequelII_CCS_11kb/md5.in	https://ftp-trace.ncbi.nlm.nih.gov/ReferenceSamples/giab/data/AshkenazimTrio/HG002_NA24385_son/PacBio_SequelII_CCS_11kb/HG002.SequelII.pbmm2.hs37d5.whatshap.haplotag.RTG.10x.trio.bam.md5	https://ftp-trace.ncbi.nlm.nih.gov/ReferenceSamples/giab/data/AshkenazimTrio/HG002_NA24385_son/PacBio_SequelII_CCS_11kb/HG002.SequelII.pbmm2.hs37d5.whatshap.haplotag.RTG.10x.trio.bam.bai.md5	NA	NA	NA	NA	SRX5527202	NA	03b9befcd9e749d148a7a6f478d9d2e8
AL-00010	HG002	ASHKENAZI_JEWISH	PacBio_CCS_SequelII_11kb_2019-06-13	32X	SR-00004	pbmm2	GRCh38	yes	https://ftp-trace.ncbi.nlm.nih.gov/ReferenceSamples/giab/data/AshkenazimTrio/HG002_NA24385_son/PacBio_SequelII_CCS_11kb/HG002_GRCh38/	https://ftp-trace.ncbi.nlm.nih.gov/ReferenceSamples/giab/data/AshkenazimTrio/HG002_NA24385_son/PacBio_SequelII_CCS_11kb/HG002_GRCh38/README.txt	https://ftp-trace.ncbi.nlm.nih.gov/giab/ftp/data/AshkenazimTrio/analysis/10XGenomics_ChromiumGenome_LongRanger2.2_Supernova2.0.1_04122018/GRCh38/NA24385_300G/NA24385.GRCh38.phased_variants.vcf.gz	https://ftp-trace.ncbi.nlm.nih.gov/ReferenceSamples/giab/data/AshkenazimTrio/HG002_NA24385_son/PacBio_SequelII_CCS_11kb/HG002_GRCh38/HG002_GRCh38.haplotag.10x.bam	https://ftp-trace.ncbi.nlm.nih.gov/ReferenceSamples/giab/data/AshkenazimTrio/HG002_NA24385_son/PacBio_SequelII_CCS_11kb/HG002_GRCh38/HG002_GRCh38.haplotag.10x.bam.bai	NA	https://ftp-trace.ncbi.nlm.nih.gov/ReferenceSamples/giab/data/AshkenazimTrio/HG002_NA24385_son/PacBio_SequelII_CCS_11kb/HG002_GRCh38/HG002_GRCh38.haplotag.10x.bam.md5	https://ftp-trace.ncbi.nlm.nih.gov/ReferenceSamples/giab/data/AshkenazimTrio/HG002_NA24385_son/PacBio_SequelII_CCS_11kb/HG002_GRCh38/HG002_GRCh38.haplotag.10x.bam.bai.md5	NA	NA	NA	NA	SRX5527202	NA	f02c8653464467b7c07cb0543ae34b82
AL-00011	HG003	ASHKENAZI_JEWISH	PacBio_CCS_SequelII_15kb_20kb_2020-01-28	62X	SR-00005	pbmm2	GRCh38	yes	https://ftp-trace.ncbi.nlm.nih.gov/ReferenceSamples/giab/data/AshkenazimTrio/HG003_NA24149_father/PacBio_CCS_15kb_20kb_chemistry2/GRCh38/	https://ftp-trace.ncbi.nlm.nih.gov/ReferenceSamples/giab/data/AshkenazimTrio/HG003_NA24149_father/PacBio_CCS_15kb_20kb_chemistry2/GRCh38/README_HG003_GRCh38.md	https://ftp-trace.ncbi.nlm.nih.gov/ReferenceSamples/giab/data/AshkenazimTrio/analysis/10XGenomics_ChromiumGenome_LongRanger2.2_Supernova2.0.1_04122018/GRCh38/NA24149.GRCh38.phased_variants.vcf.gz	https://ftp-trace.ncbi.nlm.nih.gov/ReferenceSamples/giab/data/AshkenazimTrio/HG003_NA24149_father/PacBio_CCS_15kb_20kb_chemistry2/GRCh38/HG003.SequelII.merged_15kb_20kb.pbmm2.GRCh38.haplotag.10x.bam	https://ftp-trace.ncbi.nlm.nih.gov/ReferenceSamples/giab/data/AshkenazimTrio/HG003_NA24149_father/PacBio_CCS_15kb_20kb_chemistry2/GRCh38/HG003.SequelII.merged_15kb_20kb.pbmm2.GRCh38.haplotag.10x.bam.bai	https://ftp-trace.ncbi.nlm.nih.gov/ReferenceSamples/giab/data/AshkenazimTrio/HG003_NA24149_father/PacBio_CCS_15kb_20kb_chemistry2/GRCh38/HG003.SequelII.merged_15kb_20kb.pbmm2.GRCh38.haplotag.10x.md5	NA	NA	NA	NA	NA	NA	NA	NA	030e22b11c1ffe1ccca8923f2cf9aa6e
AL-00012	HG003	ASHKENAZI_JEWISH	PacBio_CCS_SequelII_15kb_20kb_2020-03-12	63X	SR-00005	pbmm2	hs37d5	yes	https://ftp-trace.ncbi.nlm.nih.gov/ReferenceSamples/giab/data/AshkenazimTrio/HG003_NA24149_father/PacBio_CCS_15kb_20kb_chemistry2/hs37d5/	https://ftp-trace.ncbi.nlm.nih.gov/ReferenceSamples/giab/data/AshkenazimTrio/HG003_NA24149_father/PacBio_CCS_15kb_20kb_chemistry2/hs37d5/README_HG003_hs37d5.md	https://ftp-trace.ncbi.nlm.nih.gov/giab/ftp/data/AshkenazimTrio/analysis/NIST_MPI_whatshap_08232018/RTG.hg19.10x.trio-whatshap.vcf.g	https://ftp-trace.ncbi.nlm.nih.gov/ReferenceSamples/giab/data/AshkenazimTrio/HG003_NA24149_father/PacBio_CCS_15kb_20kb_chemistry2/hs37d5/HG003.SequelII.merged_15kb_20kb.pbmm2.hs37d5.haplotag.RTG.10x.trio.bam	https://ftp-trace.ncbi.nlm.nih.gov/ReferenceSamples/giab/data/AshkenazimTrio/HG003_NA24149_father/PacBio_CCS_15kb_20kb_chemistry2/hs37d5/HG003.SequelII.merged_15kb_20kb.pbmm2.hs37d5.haplotag.RTG.10x.trio.bam.bai	NA	https://ftp-trace.ncbi.nlm.nih.gov/ReferenceSamples/giab/data/AshkenazimTrio/HG003_NA24149_father/PacBio_CCS_15kb_20kb_chemistry2/hs37d5/HG003.SequelII.merged_15kb_20kb.pbmm2.hs37d5.haplotag.RTG.10x.trio.md5	https://ftp-trace.ncbi.nlm.nih.gov/ReferenceSamples/giab/data/AshkenazimTrio/HG003_NA24149_father/PacBio_CCS_15kb_20kb_chemistry2/hs37d5/HG003.SequelII.merged_15kb_20kb.pbmm2.hs37d5.haplotag.RTG.10x.trio.bam.bai.md5	NA	NA	NA	NA	NA	NA	191738a4e95ebacc762b2a758427f6f6
AL-00013	HG004	ASHKENAZI_JEWISH	PacBio_CCS_SequelII_15kb_20kb_2020-01-28	60X	SR-00006	pbmm2	GRCh38	yes	https://ftp-trace.ncbi.nlm.nih.gov/ReferenceSamples/giab/data/AshkenazimTrio/HG004_NA24143_mother/PacBio_CCS_15kb_20kb_chemistry2/GRCh38/	https://ftp-trace.ncbi.nlm.nih.gov/ReferenceSamples/giab/data/AshkenazimTrio/HG004_NA24143_mother/PacBio_CCS_15kb_20kb_chemistry2/GRCh38/README_HG004_GRCh38.md	ftp://ftp-trace.ncbi.nlm.nih.gov/ReferenceSamples/giab/data/AshkenazimTrio/analysis/10XGenomics_ChromiumGenome_LongRanger2.2_Supernova2.0.1_04122018/GRCh38/NA24143.GRCh38.phased_variants.vcf.gz	https://ftp-trace.ncbi.nlm.nih.gov/ReferenceSamples/giab/data/AshkenazimTrio/HG004_NA24143_mother/PacBio_CCS_15kb_20kb_chemistry2/GRCh38/HG004.SequelII.merged_15kb_20kb.pbmm2.GRCh38.haplotag.10x.bam	https://ftp-trace.ncbi.nlm.nih.gov/ReferenceSamples/giab/data/AshkenazimTrio/HG004_NA24143_mother/PacBio_CCS_15kb_20kb_chemistry2/GRCh38/HG004.SequelII.merged_15kb_20kb.pbmm2.GRCh38.haplotag.10x.bam.bai	https://ftp-trace.ncbi.nlm.nih.gov/ReferenceSamples/giab/data/AshkenazimTrio/HG004_NA24143_mother/PacBio_CCS_15kb_20kb_chemistry2/GRCh38/HG004.GRCh38.alignment.md5	NA	NA	NA	NA	NA	NA	NA	NA	5da4216ccd2f169729011762c74ef8d3
AL-00014	HG004	ASHKENAZI_JEWISH	PacBio_CCS_SequelII_15kb_20kb_2020-01-28	60X	SR-00006	pbmm2	hs37d5	yes	https://ftp-trace.ncbi.nlm.nih.gov/ReferenceSamples/giab/data/AshkenazimTrio/HG004_NA24143_mother/PacBio_CCS_15kb_20kb_chemistry2/hs37d5/	https://ftp-trace.ncbi.nlm.nih.gov/ReferenceSamples/giab/data/AshkenazimTrio/HG004_NA24143_mother/PacBio_CCS_15kb_20kb_chemistry2/hs37d5/README_HG004_hs37d5.md	https://ftp-trace.ncbi.nlm.nih.gov/giab/ftp/data/AshkenazimTrio/analysis/NIST_MPI_whatshap_08232018/RTG.hg19.10x.trio-whatshap.vcf.gz	https://ftp-trace.ncbi.nlm.nih.gov/ReferenceSamples/giab/data/AshkenazimTrio/HG004_NA24143_mother/PacBio_CCS_15kb_20kb_chemistry2/hs37d5/HG004.SequelII.merged_15kb_20kb.pbmm2.hs37d5.haplotag.RTG.10x.trio.bam	https://ftp-trace.ncbi.nlm.nih.gov/ReferenceSamples/giab/data/AshkenazimTrio/HG004_NA24143_mother/PacBio_CCS_15kb_20kb_chemistry2/hs37d5/HG004.SequelII.merged_15kb_20kb.pbmm2.hs37d5.haplotag.RTG.10x.trio.bam.bai	https://ftp-trace.ncbi.nlm.nih.gov/ReferenceSamples/giab/data/AshkenazimTrio/HG004_NA24143_mother/PacBio_CCS_15kb_20kb_chemistry2/hs37d5/HG004.hs37d5.alignments.md5	NA	NA	NA	NA	NA	NA	NA	NA	5dbb2ad3096fd37aa5e21182f7dcdf5b
AL-00015	HG005	CHINESE_TRIO	PacBio_CCS_SequelII_11kb_2019-05-16	30X	SR-00014	pbmm2	hs37d5	yes	https://ftp-trace.ncbi.nlm.nih.gov/ReferenceSamples/giab/data/ChineseTrio/HG005_NA24631_son/PacBio_SequelII_CCS_11kb/	https://ftp-trace.ncbi.nlm.nih.gov/ReferenceSamples/giab/data/ChineseTrio/HG005_NA24631_son/PacBio_SequelII_CCS_11kb/README.txt	https://ftp-trace.ncbi.nlm.nih.gov/giab/ftp/data/ChineseTrio/analysis/10XGenomics_ChromiumGenome_LongRanger2.2_Supernova2.0.1_04122018/GRCh37/NA24631.phased_variants.reformatted.vcf.gz	https://ftp-trace.ncbi.nlm.nih.gov/ReferenceSamples/giab/data/ChineseTrio/HG005_NA24631_son/PacBio_SequelII_CCS_11kb/HG005.SequelII.pbmm2.hs37d5.whatshap.haplotag.10x.bam	https://ftp-trace.ncbi.nlm.nih.gov/ReferenceSamples/giab/data/ChineseTrio/HG005_NA24631_son/PacBio_SequelII_CCS_11kb/HG005.SequelII.pbmm2.hs37d5.whatshap.haplotag.10x.bam.bai	NA	https://ftp-trace.ncbi.nlm.nih.gov/ReferenceSamples/giab/data/ChineseTrio/HG005_NA24631_son/PacBio_SequelII_CCS_11kb/HG005.SequelII.pbmm2.hs37d5.whatshap.haplotag.10x.bam.md5	https://ftp-trace.ncbi.nlm.nih.gov/ReferenceSamples/giab/data/ChineseTrio/HG005_NA24631_son/PacBio_SequelII_CCS_11kb/HG005.SequelII.pbmm2.hs37d5.whatshap.haplotag.10x.bam.bai.md5	NA	NA	NA	NA	NA	PRJNA540706	a33ba80d1f31a85edd2eea0fd87ef145
AL-00016	HG005	CHINESE_TRIO	PacBio_CCS_SequelII_11kb_2019-06-13	30X	SR-00014	pbmm2	GRCh38	yes	https://ftp-trace.ncbi.nlm.nih.gov/ReferenceSamples/giab/data/ChineseTrio/HG005_NA24631_son/PacBio_SequelII_CCS_11kb/HG005_GRCh38/	https://ftp-trace.ncbi.nlm.nih.gov/ReferenceSamples/giab/data/ChineseTrio/HG005_NA24631_son/PacBio_SequelII_CCS_11kb/HG005_GRCh38/README.txt	https://ftp-trace.ncbi.nlm.nih.gov/giab/ftp/data/ChineseTrio/analysis/10XGenomics_ChromiumGenome_LongRanger2.2_Supernova2.0.1_04122018/GRCh38/NA24631.GRCh38.phased_variants.vcf.gz	https://ftp-trace.ncbi.nlm.nih.gov/ReferenceSamples/giab/data/ChineseTrio/HG005_NA24631_son/PacBio_SequelII_CCS_11kb/HG005_GRCh38/HG005_GRCh38.haplotag.10x.bam	https://ftp-trace.ncbi.nlm.nih.gov/ReferenceSamples/giab/data/ChineseTrio/HG005_NA24631_son/PacBio_SequelII_CCS_11kb/	https://ftp-trace.ncbi.nlm.nih.gov/ReferenceSamples/giab/data/ChineseTrio/HG005_NA24631_son/PacBio_SequelII_CCS_11kb/HG005_GRCh38/md5sum.txt	NA	NA	NA	NA	NA	NA	NA	PRJNA540706	6b5de08f59fad2f56d483c0ce2ef2a27
AL-00017	HG005	CHINESE TRIO	PacBio_CCS_SequelII_15kb_20kb_2020-12-06	47X	SR-00008	pbmm2	GRCh38	yes	https://ftp-trace.ncbi.nlm.nih.gov/ReferenceSamples/giab/data/ChineseTrio/analysis/PacBio_CCS_15kb_20kb_chemistry2_12072020/HG005/	https://ftp-trace.ncbi.nlm.nih.gov/ReferenceSamples/giab/data/ChineseTrio/analysis/PacBio_CCS_15kb_20kb_chemistry2_12072020/HG005/README.HG005.GRCh38.txt	https://ftp-trace.ncbi.nlm.nih.gov/giab/ftp/data/ChineseTrio/analysis/10XGenomics_ChromiumGenome_LongRanger2.2_Supernova2.0.1_04122018/GRCh38/NA24631.GRCh38.phased_variants.reformatted.vcf.gz	https://ftp-trace.ncbi.nlm.nih.gov/ReferenceSamples/giab/data/ChineseTrio/analysis/PacBio_CCS_15kb_20kb_chemistry2_12072020/HG005/HG005.GRCh38.haplotagged.bam	https://ftp-trace.ncbi.nlm.nih.gov/ReferenceSamples/giab/data/ChineseTrio/analysis/PacBio_CCS_15kb_20kb_chemistry2_12072020/HG005/HG005.GRCh38.haplotagged.bam.bai	NA	NA	NA	NA	NA	NA	NA	NA	NA	431cfe074de89beeb74b0feead6cbdb6
AL-00018	HG005	CHINESE TRIO	PacBio_CCS_SequelII_15kb_20kb_2020-12-06	47X	SR-00008	pbmm2	hs37d5	yes	https://ftp-trace.ncbi.nlm.nih.gov/ReferenceSamples/giab/data/ChineseTrio/analysis/PacBio_CCS_15kb_20kb_chemistry2_12072020/HG005/	https://ftp-trace.ncbi.nlm.nih.gov/ReferenceSamples/giab/data/ChineseTrio/analysis/PacBio_CCS_15kb_20kb_chemistry2_12072020/HG005/README_HG005_hs37d5.md	https://ftp-trace.ncbi.nlm.nih.gov/giab/ftp/data/ChineseTrio/analysis/10XGenomics_ChromiumGenome_LongRanger2.2_Supernova2.0.1_04122018/GRCh37/NA24631.phased_variants.reformatted.vcf.gz	https://ftp-trace.ncbi.nlm.nih.gov/ReferenceSamples/giab/data/ChineseTrio/analysis/PacBio_CCS_15kb_20kb_chemistry2_12072020/HG005/HG005.hs37d5.haplotagged_w_10x_reformatted.bam	https://ftp-trace.ncbi.nlm.nih.gov/ReferenceSamples/giab/data/ChineseTrio/analysis/PacBio_CCS_15kb_20kb_chemistry2_12072020/HG005/HG005.hs37d5.haplotagged_w_10x_reformatted.bam.bai	https://ftp-trace.ncbi.nlm.nih.gov/ReferenceSamples/giab/data/ChineseTrio/analysis/PacBio_CCS_15kb_20kb_chemistry2_12072020/HG005/HG005.hs37d5.haplotagged_w_10x_reformatted.md5	NA	NA	NA	NA	NA	NA	NA	NA	4daefa51356346ff92aa5c43aa867fc3
AL-00019	HG006	CHINESE TRIO	PacBio_CCS_SequelII_15kb_20kb_2020-08-24	67X	SR-00010	pbmm2	GRCh38	yes	https://ftp-trace.ncbi.nlm.nih.gov/ReferenceSamples/giab/data/ChineseTrio/analysis/PacBio_deepvariant_gatk_pbsv_08282020/HG006/	https://ftp-trace.ncbi.nlm.nih.gov/ReferenceSamples/giab/data/ChineseTrio/analysis/PacBio_deepvariant_gatk_pbsv_08282020/HG006/README_HG006_GRCh38.md	https://ftp-trace.ncbi.nlm.nih.gov/ReferenceSamples/giab/data/ChineseTrio/analysis/10XGenomics_ChromiumGenome_LongRanger2.2_Supernova2.0.1_04122018/GRCh38/NA24694.GRCh38.phased_variants.vcf.gz	https://ftp-trace.ncbi.nlm.nih.gov/ReferenceSamples/giab/data/ChineseTrio/analysis/PacBio_deepvariant_gatk_pbsv_08282020/HG006/HG006.GRCh38.haplotagged_w_10x.bam	https://ftp-trace.ncbi.nlm.nih.gov/ReferenceSamples/giab/data/ChineseTrio/analysis/PacBio_deepvariant_gatk_pbsv_08282020/HG006/HG006.GRCh38.haplotagged_w_10x.bam.bai	https://ftp-trace.ncbi.nlm.nih.gov/ReferenceSamples/giab/data/ChineseTrio/analysis/PacBio_deepvariant_gatk_pbsv_08282020/HG006/md5_HG006	NA	NA	NA	NA	NA	NA	NA	NA	b0b8e9478e531c1d86b1513b4db2da51
AL-00020	HG006	CHINESE TRIO	PacBio_CCS_SequelII_15kb_20kb_2020-08-24	67X	SR-00010	pbmm2	hs37d5	yes	https://ftp-trace.ncbi.nlm.nih.gov/ReferenceSamples/giab/data/ChineseTrio/analysis/PacBio_deepvariant_gatk_pbsv_08282020/HG006/	https://ftp-trace.ncbi.nlm.nih.gov/ReferenceSamples/giab/data/ChineseTrio/analysis/PacBio_deepvariant_gatk_pbsv_08282020/HG006/README_HG006_hs37d5.md	https://ftp-trace.ncbi.nlm.nih.gov/ReferenceSamples/giab/data/ChineseTrio/analysis/10XGenomics_ChromiumGenome_LongRanger2.2_Supernova2.0.1_04122018/GRCh37/NA24694_LongRanger_snpindel.vcf.gz	https://ftp-trace.ncbi.nlm.nih.gov/ReferenceSamples/giab/data/ChineseTrio/analysis/PacBio_deepvariant_gatk_pbsv_08282020/HG006/HG006.hs37d5.haplotagged_w_10x.bam	https://ftp-trace.ncbi.nlm.nih.gov/ReferenceSamples/giab/data/ChineseTrio/analysis/PacBio_deepvariant_gatk_pbsv_08282020/HG006/HG006.hs37d5.haplotagged_w_10x.bam.bai	https://ftp-trace.ncbi.nlm.nih.gov/ReferenceSamples/giab/data/ChineseTrio/analysis/PacBio_deepvariant_gatk_pbsv_08282020/HG006/md5_HG006	NA	NA	NA	NA	NA	NA	NA	NA	fd65eeab95822055352ccb47cd218892
AL-00021	HG007	CHINESE TRIO	PacBio_CCS_SequelII_15kb_20kb_2020-08-24	56X	SR-00012	pbmm2	GRCh38	yes	https://ftp-trace.ncbi.nlm.nih.gov/ReferenceSamples/giab/data/ChineseTrio/analysis/PacBio_deepvariant_gatk_pbsv_08282020/HG007/	https://ftp-trace.ncbi.nlm.nih.gov/ReferenceSamples/giab/data/ChineseTrio/analysis/PacBio_deepvariant_gatk_pbsv_08282020/HG007/README_HG007_GRCh38.md	https://ftp-trace.ncbi.nlm.nih.gov/ReferenceSamples/giab/data/ChineseTrio/analysis/10XGenomics_ChromiumGenome_LongRanger2.2_Supernova2.0.1_04122018/GRCh38/NA24695.GRCh38.phased_variants.vcf.gz	https://ftp-trace.ncbi.nlm.nih.gov/ReferenceSamples/giab/data/ChineseTrio/analysis/PacBio_deepvariant_gatk_pbsv_08282020/HG007/HG007.GRCh38.haplotagged_w_10x.bam	https://ftp-trace.ncbi.nlm.nih.gov/ReferenceSamples/giab/data/ChineseTrio/analysis/PacBio_deepvariant_gatk_pbsv_08282020/HG007/HG007.GRCh38.haplotagged_w_10x.bam.bai	https://ftp-trace.ncbi.nlm.nih.gov/ReferenceSamples/giab/data/ChineseTrio/analysis/PacBio_deepvariant_gatk_pbsv_08282020/HG007/md5_HG007	NA	NA	NA	NA	NA	NA	NA	NA	8d8ceaf5682da6b2713f60c3cd742e0c
AL-00022	HG007	CHINESE TRIO	PacBio_CCS_SequelII_15kb_20kb_2020-08-24	56X	SR-00012	pbmm2	hs37d5	yes	https://ftp-trace.ncbi.nlm.nih.gov/ReferenceSamples/giab/data/ChineseTrio/analysis/PacBio_deepvariant_gatk_pbsv_08282020/HG007/	https://ftp-trace.ncbi.nlm.nih.gov/ReferenceSamples/giab/data/ChineseTrio/analysis/PacBio_deepvariant_gatk_pbsv_08282020/HG007/README_HG007_hs37d5.md	https://ftp-trace.ncbi.nlm.nih.gov/ReferenceSamples/giab/data/ChineseTrio/analysis/10XGenomics_ChromiumGenome_LongRanger2.2_Supernova2.0.1_04122018/GRCh37/NA24695_LongRanger_snpindel.vcf.gz	https://ftp-trace.ncbi.nlm.nih.gov/ReferenceSamples/giab/data/ChineseTrio/analysis/PacBio_deepvariant_gatk_pbsv_08282020/HG007/HG007.hs37d5.haplotagged_w_10x.bam	https://ftp-trace.ncbi.nlm.nih.gov/ReferenceSamples/giab/data/ChineseTrio/analysis/PacBio_deepvariant_gatk_pbsv_08282020/HG007/HG007.hs37d5.haplotagged_w_10x.bam.bai	https://ftp-trace.ncbi.nlm.nih.gov/ReferenceSamples/giab/data/ChineseTrio/analysis/PacBio_deepvariant_gatk_pbsv_08282020/HG007/md5_HG007	NA	NA	NA	NA	NA	NA	NA	NA	f8ef32fd7ca62cc2e49e858b63172333
AL-00023	HG001	NA12878	PacBio_CCS_SequelII_11kb_2019-05-14	30X	SR-00015	pbmm2	hs37d5	yes	https://ftp-trace.ncbi.nlm.nih.gov/ReferenceSamples/giab/data/NA12878/PacBio_SequelII_CCS_11kb/	https://ftp-trace.ncbi.nlm.nih.gov/ReferenceSamples/giab/data/NA12878/PacBio_SequelII_CCS_11kb/README.txt	https://ftp-trace.ncbi.nlm.nih.gov//giab/ftp/data/NA12878/analysis/RTG_Illumina_Segregation_Phasing_05122016/sp_v37.7.0.NA12878.vcf.gz	https://ftp-trace.ncbi.nlm.nih.gov/ReferenceSamples/giab/data/NA12878/PacBio_SequelII_CCS_11kb/HG001.SequelII.pbmm2.hs37d5.whatshap.haplotag.RTG.trio.bam	https://ftp-trace.ncbi.nlm.nih.gov/ReferenceSamples/giab/data/NA12878/PacBio_SequelII_CCS_11kb/HG001.SequelII.pbmm2.hs37d5.whatshap.haplotag.RTG.trio.bam.bai	NA	https://ftp-trace.ncbi.nlm.nih.gov/ReferenceSamples/giab/data/NA12878/PacBio_SequelII_CCS_11kb/HG001.SequelII.pbmm2.hs37d5.whatshap.haplotag.RTG.trio.bam.md5	https://ftp-trace.ncbi.nlm.nih.gov/ReferenceSamples/giab/data/NA12878/PacBio_SequelII_CCS_11kb/HG001.SequelII.pbmm2.hs37d5.whatshap.haplotag.RTG.trio.bam.bai.md5	NA	NA	NA	NA	NA	PRJNA540705	aba2e88e54f98cb58b57871ebfe98f05
AL-00024	HG001	NA12878	PacBio_CCS_SequelII_11kb_2019-06-13	30X	SR-00015	pbmm2	GRCh38	yes	https://ftp-trace.ncbi.nlm.nih.gov/ReferenceSamples/giab/data/NA12878/PacBio_SequelII_CCS_11kb/HG001_GRCh38/	https://ftp-trace.ncbi.nlm.nih.gov/ReferenceSamples/giab/data/NA12878/PacBio_SequelII_CCS_11kb/HG001_GRCh38/README.txt	https://ftp-trace.ncbi.nlm.nih.gov/giab/ftp/data/NA12878/analysis/RTG_Illumina_Segregation_Phasing_05122016/sp_v38.1.0.NA12878.vcf.gz	https://ftp-trace.ncbi.nlm.nih.gov/ReferenceSamples/giab/data/NA12878/PacBio_SequelII_CCS_11kb/HG001_GRCh38/HG001_GRCh38.haplotag.RTG.trio.bam	https://ftp-trace.ncbi.nlm.nih.gov/ReferenceSamples/giab/data/NA12878/PacBio_SequelII_CCS_11kb/HG001_GRCh38/HG001_GRCh38.haplotag.RTG.trio.bam.bai	https://ftp-trace.ncbi.nlm.nih.gov/ReferenceSamples/giab/data/NA12878/PacBio_SequelII_CCS_11kb/HG001_GRCh38/md5sum.txt	NA	NA	NA	NA	NA	NA	NA	PRJNA540705	0d3e30210e6290b3a107e2c039f7a7b0
AL-00025	HG001	NA12878	PacBio_CCS_SequelII_15kb_20kb_2021-04-20	30X	SR-00015	pbmm2	hs37d5	yes	https://ftp-trace.ncbi.nlm.nih.gov/ReferenceSamples/giab/data/NA12878/analysis/PacBio_CCS_15kb_20kb_chemistry2_042021/	https://ftp-trace.ncbi.nlm.nih.gov/ReferenceSamples/giab/data/NA12878/analysis/PacBio_CCS_15kb_20kb_chemistry2_042021/README.md	ftp://ftp-trace.ncbi.nlm.nih.gov//giab/ftp/data/NA12878/analysis/RTG_Illumina_Segregation_Phasing_05122016/sp_v37.7.0.NA12878.vcf.gz	https://ftp-trace.ncbi.nlm.nih.gov/ReferenceSamples/giab/data/NA12878/analysis/PacBio_CCS_15kb_20kb_chemistry2_042021/HG001.hs37d5.haplotagged.bam	https://ftp-trace.ncbi.nlm.nih.gov/ReferenceSamples/giab/data/NA12878/analysis/PacBio_CCS_15kb_20kb_chemistry2_042021/HG001.hs37d5.haplotagged.bam.bai	https://ftp-trace.ncbi.nlm.nih.gov/ReferenceSamples/giab/data/NA12878/analysis/PacBio_CCS_15kb_20kb_chemistry2_042021/md5.in	NA	NA	NA	NA	NA	NA	NA	NA	a3b5122aeed13004d7e267cf4ef0032a
AL-00026	HG001	NA12878	PacBio_CCS_SequelII_15kb_20kb_2021-04-20	30X	SR-00015	pbmm2	GRCh38	yes	https://ftp-trace.ncbi.nlm.nih.gov/ReferenceSamples/giab/data/NA12878/analysis/PacBio_CCS_15kb_20kb_chemistry2_042021/	https://ftp-trace.ncbi.nlm.nih.gov/ReferenceSamples/giab/data/NA12878/analysis/PacBio_CCS_15kb_20kb_chemistry2_042021/README.md	https://ftp-trace.ncbi.nlm.nih.gov/ReferenceSamples/giab/data/NA12878/analysis/RTG_Illumina_Segregation_Phasing_05122016/sp_v38.1.0.NA12878.vcf.gz	https://ftp-trace.ncbi.nlm.nih.gov/ReferenceSamples/giab/data/NA12878/analysis/PacBio_CCS_15kb_20kb_chemistry2_042021/HG001.GRCh38.haplotagged.bam	https://ftp-trace.ncbi.nlm.nih.gov/ReferenceSamples/giab/data/NA12878/analysis/PacBio_CCS_15kb_20kb_chemistry2_042021/HG001.GRCh38.haplotagged.bam.bai	https://ftp-trace.ncbi.nlm.nih.gov/ReferenceSamples/giab/data/NA12878/analysis/PacBio_CCS_15kb_20kb_chemistry2_042021/md5.in	NA	NA	NA	NA	NA	NA	NA	NA	8c3b6254e3ee363517afb47e9eec9145
