md5key,filepath,filename,technology,filetype,indexfile,filesize,readme,giab_id,biosample,trio,dna_id,notes,PN,VN,hd_vn,hd_so,ref,date
f5b161169b01da488f301d2b952392f7,/giab/ftp/data/AshkenazimTrio/analysis/10XGenomics_ChromiumGenome_LongRanger2.2_Supernova2.0.1_04122018/GRCh37/NA24149_NA24143_10X_70X,https://ftp-trace.ncbi.nlm.nih.gov/ReferenceSamples/giab/data/AshkenazimTrio/analysis/10XGenomics_ChromiumGenome_LongRanger2.2_Supernova2.0.1_04122018/GRCh37/NA24149_NA24143_10X_70X/HG003_10x_69x_RG_HP10xtrioRTG.bam,10XGenomics,bam,HG003_10x_69x_RG_HP10xtrioRTG.bam.bai,169.6,Not available in parent or current directory,Not Available,Not Available,Not Available,Not Available,"When multiple Readme's are present, they might not always be relevant.",longranger,1016.1.5,1.3,coordinate,GRCh37,4122018
51035caed5cb67794d91e879a8bd437d,/giab/ftp/data/AshkenazimTrio/analysis/10XGenomics_ChromiumGenome_LongRanger2.2_Supernova2.0.1_04122018/GRCh37/NA24149_NA24143_10X_70X,https://ftp-trace.ncbi.nlm.nih.gov/ReferenceSamples/giab/data/AshkenazimTrio/analysis/10XGenomics_ChromiumGenome_LongRanger2.2_Supernova2.0.1_04122018/GRCh37/NA24149_NA24143_10X_70X/HG004_10x_71x_RG_HP10xtrioRTG.bam,10XGenomics,bam,HG004_10x_71x_RG_HP10xtrioRTG.bam.bai,167.91,Not available in parent or current directory,Not Available,Not Available,Not Available,Not Available,"When multiple Readme's are present, they might not always be relevant.",longranger,1016.1.5,1.3,coordinate,GRCh37,4122018
cec5d0313b769701ed31f25f4b8cbcf1,/giab/ftp/data/AshkenazimTrio/analysis/10XGenomics_ChromiumGenome_LongRanger2.2_Supernova2.0.1_04122018/GRCh37/NA24385_300G,https://ftp-trace.ncbi.nlm.nih.gov/ReferenceSamples/giab/data/AshkenazimTrio/analysis/10XGenomics_ChromiumGenome_LongRanger2.2_Supernova2.0.1_04122018/GRCh37/NA24385_300G/HG002_10x_84x_RG_HP10xtrioRTG.bam,10XGenomics,bam,HG002_10x_84x_RG_HP10xtrioRTG.bam.bai,193.96,Not available in parent or current directory,HG002,SAMN03283347,ASHKENAZI_JEWISH,NA24385,"When multiple Readme's are present, they might not always be relevant.",longranger,1016.1.5,1.3,coordinate,GRCh37,4122018
f316631b90c090279fbd63366b04b61d,/giab/ftp/data/AshkenazimTrio/HG002_NA24385_son/NIST_HiSeq_HG002_Homogeneity-10953946/NHGRI_Illumina300X_AJtrio_novoalign_bams,https://ftp-trace.ncbi.nlm.nih.gov/ReferenceSamples/giab/data/AshkenazimTrio/HG002_NA24385_son/NIST_HiSeq_HG002_Homogeneity-10953946/NHGRI_Illumina300X_AJtrio_novoalign_bams/HG002.GRCh38.300x.bam,Illumina,bam,HG002.GRCh38.300x.bam.bai,559.9,/giab/ftp/data/AshkenazimTrio/HG002_NA24385_son/NIST_HiSeq_HG002_Homogeneity-10953946/NHGRI_Illumina300X_AJtrio_novoalign_bams/README_NHGRI_Novoalign_bams,HG002,SAMN03283347,ASHKENAZI_JEWISH,NA24385,"When multiple Readme's are present, they might not always be relevant.",novoalign,V3.02.07,1,unsorted,NA,10953946
a901a545124ac32da31cacc03cf70eb0,/giab/ftp/data/AshkenazimTrio/HG002_NA24385_son/NIST_HiSeq_HG002_Homogeneity-10953946/NHGRI_Illumina300X_AJtrio_novoalign_bams,https://ftp-trace.ncbi.nlm.nih.gov/ReferenceSamples/giab/data/AshkenazimTrio/HG002_NA24385_son/NIST_HiSeq_HG002_Homogeneity-10953946/NHGRI_Illumina300X_AJtrio_novoalign_bams/HG002.hs37d5.300x.bam,Illumina,bam,HG002.hs37d5.300x.bam.bai,558.71,/giab/ftp/data/AshkenazimTrio/HG002_NA24385_son/NIST_HiSeq_HG002_Homogeneity-10953946/NHGRI_Illumina300X_AJtrio_novoalign_bams/README_NHGRI_Novoalign_bams,HG002,SAMN03283347,ASHKENAZI_JEWISH,NA24385,"When multiple Readme's are present, they might not always be relevant.",novoalign,V3.02.07,1,unsorted,NA,10953946
e813b5d1a846fa292964d5ed8b867198,/giab/ftp/data/AshkenazimTrio/HG002_NA24385_son/NIST_Illumina_2x250bps/novoalign_bams,https://ftp-trace.ncbi.nlm.nih.gov/ReferenceSamples/giab/data/AshkenazimTrio/HG002_NA24385_son/NIST_Illumina_2x250bps/novoalign_bams/HG002.GRCh38.2x250.bam,Illumina,bam,HG002.GRCh38.2x250.bam.bai,121.79,/giab/ftp/data/AshkenazimTrio/HG002_NA24385_son/NIST_Illumina_2x250bps/novoalign_bams/README_update_feb2019,HG002,SAMN03283347,ASHKENAZI_JEWISH,NA24385,"When multiple Readme's are present, they might not always be relevant.",novoalign,V3.02.07,1,unsorted,NA,NA
a5be3c62a0775c8914b3706b52ecf5a1,/giab/ftp/data/AshkenazimTrio/HG002_NA24385_son/NIST_Illumina_2x250bps/novoalign_bams,https://ftp-trace.ncbi.nlm.nih.gov/ReferenceSamples/giab/data/AshkenazimTrio/HG002_NA24385_son/NIST_Illumina_2x250bps/novoalign_bams/HG002.hs37d5.2x250.bam,Illumina,bam,HG002.hs37d5.2x250.bam.bai,121.59,/giab/ftp/data/AshkenazimTrio/HG002_NA24385_son/NIST_Illumina_2x250bps/novoalign_bams/README_update_feb2019,HG002,SAMN03283347,ASHKENAZI_JEWISH,NA24385,"When multiple Readme's are present, they might not always be relevant.",novoalign,V3.02.07,1,unsorted,NA,NA
f9376aa42d6e1362c6a52a74b83c8c92,/giab/ftp/data/AshkenazimTrio/HG002_NA24385_son/NIST_Stanford_Illumina_6kb_matepair/bams,https://ftp-trace.ncbi.nlm.nih.gov/ReferenceSamples/giab/data/AshkenazimTrio/HG002_NA24385_son/NIST_Stanford_Illumina_6kb_matepair/bams/HG002.mate_pair.sorted.bam,Illumina,bam,HG002.mate_pair.sorted.bam.bai,33.64,/giab/ftp/data/AshkenazimTrio/HG002_NA24385_son/NIST_Stanford_Illumina_6kb_matepair/README.NIST_Stanford_Illumina_6kb_matepair,HG002,SAMN03283347,ASHKENAZI_JEWISH,NA24385,"When multiple Readme's are present, they might not always be relevant.",bwa,0.7.7-r441,1.3,coordinate,NA,NA
a3ec45df9fdda871a95c5cb3d1d512b3,/giab/ftp/data/AshkenazimTrio/HG002_NA24385_son/NIST_Stanford_Illumina_6kb_matepair/bams/GRCh38,https://ftp-trace.ncbi.nlm.nih.gov/ReferenceSamples/giab/data/AshkenazimTrio/HG002_NA24385_son/NIST_Stanford_Illumina_6kb_matepair/bams/GRCh38/HG002.sorted.bam,Illumina,bam,HG002.sorted.bam.bai,34.28,Not available in parent or current directory,HG002,SAMN03283347,ASHKENAZI_JEWISH,NA24385,"When multiple Readme's are present, they might not always be relevant.",bwa,0.7.13-r1126,1.3,coordinate,GRCh38,NA
e06e28e80e53fb2098af62ea88e3d234,/giab/ftp/data/AshkenazimTrio/HG002_NA24385_son/PacBio_CCS_10kb/alignment,https://ftp-trace.ncbi.nlm.nih.gov/ReferenceSamples/giab/data/AshkenazimTrio/HG002_NA24385_son/PacBio_CCS_10kb/alignment/HG002.Sequel.10kb.pbmm2.hs37d5.whatshap.haplotag.RTG.10x.trio.bam,PACBIO,bam,HG002.Sequel.10kb.pbmm2.hs37d5.whatshap.haplotag.RTG.10x.trio.bam.bai,58.06,/giab/ftp/data/AshkenazimTrio/HG002_NA24385_son/PacBio_CCS_10kb/alignment/README.txt,HG002,SAMN03283347,ASHKENAZI_JEWISH,NA24385,"When multiple Readme's are present, they might not always be relevant.",pbmm2,0.10.0 (commit v0.9.0-25-g3cc3fd9),1.5,coordinate,NA,NA
73ed305fe596766df182c351436e6695,/giab/ftp/data/AshkenazimTrio/HG002_NA24385_son/PacBio_CCS_10kb/GRCh38_no_alt_analysis,https://ftp-trace.ncbi.nlm.nih.gov/ReferenceSamples/giab/data/AshkenazimTrio/HG002_NA24385_son/PacBio_CCS_10kb/GRCh38_no_alt_analysis/HG002.10kb.Sequel.pbmm2.GRCh38.whatshap.haplotag.RTG.10x.trio.bam,PACBIO,bam,HG002.10kb.Sequel.pbmm2.GRCh38.whatshap.haplotag.RTG.10x.trio.bam.bai,58.41,/giab/ftp/data/AshkenazimTrio/HG002_NA24385_son/PacBio_CCS_10kb/GRCh38_no_alt_analysis/README.txt,HG002,SAMN03283347,ASHKENAZI_JEWISH,NA24385,"When multiple Readme's are present, they might not always be relevant.",pbmm2,1.1.0 (commit v1.0.0-38-g46b3940),1.5,coordinate,NA,NA
26c9bd93a57c7300bc0abc6fc02c29e0,/giab/ftp/data/AshkenazimTrio/HG002_NA24385_son/PacBio_CCS_15kb/alignment,https://ftp-trace.ncbi.nlm.nih.gov/ReferenceSamples/giab/data/AshkenazimTrio/HG002_NA24385_son/PacBio_CCS_15kb/alignment/HG002.Sequel.15kb.pbmm2.hs37d5.whatshap.haplotag.RTG.10x.trio.bam,PACBIO,bam,HG002.Sequel.15kb.pbmm2.hs37d5.whatshap.haplotag.RTG.10x.trio.bam.bai,62.58,/giab/ftp/data/AshkenazimTrio/HG002_NA24385_son/PacBio_CCS_15kb/alignment/README.txt,HG002,SAMN03283347,ASHKENAZI_JEWISH,NA24385,"When multiple Readme's are present, they might not always be relevant.",pbmm2,0.10.0 (commit v0.10.0),1.5,coordinate,NA,NA
e67c6e84540ed4c7f34b764d792f79c4,/giab/ftp/data/AshkenazimTrio/HG002_NA24385_son/PacBio_CCS_15kb/GRCh38_no_alt_analysis,https://ftp-trace.ncbi.nlm.nih.gov/ReferenceSamples/giab/data/AshkenazimTrio/HG002_NA24385_son/PacBio_CCS_15kb/GRCh38_no_alt_analysis/HG002.15kb.Sequel.pbmm2.GRCh38.whatshap.haplotag.RTG.10x.trio.bam,PACBIO,bam,HG002.15kb.Sequel.pbmm2.GRCh38.whatshap.haplotag.RTG.10x.trio.bam.bai,63.59,/giab/ftp/data/AshkenazimTrio/HG002_NA24385_son/PacBio_CCS_15kb/GRCh38_no_alt_analysis/README.txt,HG002,SAMN03283347,ASHKENAZI_JEWISH,NA24385,"When multiple Readme's are present, they might not always be relevant.",pbmm2,1.1.0 (commit v1.0.0-38-g46b3940),1.5,coordinate,NA,NA
1f6c35fcbe509751456ca4a6c56ac337,/giab/ftp/data/AshkenazimTrio/HG002_NA24385_son/PacBio_CCS_15kb_20kb_chemistry2/GRCh37,https://ftp-trace.ncbi.nlm.nih.gov/ReferenceSamples/giab/data/AshkenazimTrio/HG002_NA24385_son/PacBio_CCS_15kb_20kb_chemistry2/GRCh37/HG002.SequelII.merged_15kb_20kb.pbmm2.hs37d5.haplotag.RTG.10x.trio.bam,PACBIO,bam,HG002.SequelII.merged_15kb_20kb.pbmm2.hs37d5.haplotag.RTG.10x.trio.bam.bai,113.89,"/giab/ftp/data/AshkenazimTrio/HG002_NA24385_son/PacBio_CCS_15kb_20kb_chemistry2/GRCh37/README.giab_uploadedbams_UCSD_duplomap,/giab/ftp/data/AshkenazimTrio/HG002_NA24385_son/PacBio_CCS_15kb_20kb_chemistry2/GRCh37/README.txt",HG002,SAMN03283347,ASHKENAZI_JEWISH,NA24385,"When multiple Readme's are present, they might not always be relevant.",pbmm2,1.1.0 (commit v1.1.0-1-g69ea657),1.5,coordinate,GRCh37,NA
f5102437b0bdbae5320f3461e2ee72c3,/giab/ftp/data/AshkenazimTrio/HG002_NA24385_son/PacBio_CCS_15kb_20kb_chemistry2/GRCh38,https://ftp-trace.ncbi.nlm.nih.gov/ReferenceSamples/giab/data/AshkenazimTrio/HG002_NA24385_son/PacBio_CCS_15kb_20kb_chemistry2/GRCh38/HG002.SequelII.merged_15kb_20kb.pbmm2.GRCh38.haplotag.10x.bam,PACBIO,bam,HG002.SequelII.merged_15kb_20kb.pbmm2.GRCh38.haplotag.10x.bam.bai,111.57,"/giab/ftp/data/AshkenazimTrio/HG002_NA24385_son/PacBio_CCS_15kb_20kb_chemistry2/GRCh38/README.giab_uploadedbams_UCSD_duplomap,/giab/ftp/data/AshkenazimTrio/HG002_NA24385_son/PacBio_CCS_15kb_20kb_chemistry2/GRCh38/README.txt",HG002,SAMN03283347,ASHKENAZI_JEWISH,NA24385,"When multiple Readme's are present, they might not always be relevant.",pbmm2,1.2.0 (commit SL-release-8.0.0+1-41-g2ef5f2b),1.5,coordinate,GRCh38,NA
8be7863c5f210a45c4d273fcffdad42e,/giab/ftp/data/AshkenazimTrio/HG002_NA24385_son/PacBio_MtSinai_NIST/PacBio_minimap2_bam,https://ftp-trace.ncbi.nlm.nih.gov/ReferenceSamples/giab/data/AshkenazimTrio/HG002_NA24385_son/PacBio_MtSinai_NIST/PacBio_minimap2_bam/HG002_PacBio_GRCh37.bam,PACBIO,bam,HG002_PacBio_GRCh37.bam.bai,93.79,/giab/ftp/data/AshkenazimTrio/HG002_NA24385_son/PacBio_MtSinai_NIST/PacBio_minimap2_bam/README.txt,HG002,SAMN03283347,ASHKENAZI_JEWISH,NA24385,"When multiple Readme's are present, they might not always be relevant.",minimap2,2.11-r797,1.3,coordinate,NA,NA
7acc375dcffc2166644f2d66d771cb4d,/giab/ftp/data/AshkenazimTrio/HG002_NA24385_son/PacBio_MtSinai_NIST/PacBio_minimap2_bam,https://ftp-trace.ncbi.nlm.nih.gov/ReferenceSamples/giab/data/AshkenazimTrio/HG002_NA24385_son/PacBio_MtSinai_NIST/PacBio_minimap2_bam/HG002_PacBio_GRCh38.bam,PACBIO,bam,HG002_PacBio_GRCh38.bam.bai,92.76,/giab/ftp/data/AshkenazimTrio/HG002_NA24385_son/PacBio_MtSinai_NIST/PacBio_minimap2_bam/README.txt,HG002,SAMN03283347,ASHKENAZI_JEWISH,NA24385,"When multiple Readme's are present, they might not always be relevant.",minimap2,2.11-r797,1.3,coordinate,NA,NA
0aa31881dafb8deded6ec207be1f52b6,/giab/ftp/data/AshkenazimTrio/HG002_NA24385_son/PacBio_SequelII_CCS_11kb,https://ftp-trace.ncbi.nlm.nih.gov/ReferenceSamples/giab/data/AshkenazimTrio/HG002_NA24385_son/PacBio_SequelII_CCS_11kb/HG002.SequelII.pbmm2.hs37d5.whatshap.haplotag.RTG.10x.trio.bam,PACBIO,bam,HG002.SequelII.pbmm2.hs37d5.whatshap.haplotag.RTG.10x.trio.bam.bai,66.1,/giab/ftp/data/AshkenazimTrio/HG002_NA24385_son/PacBio_SequelII_CCS_11kb/README.txt,HG002,SAMN03283347,ASHKENAZI_JEWISH,NA24385,"When multiple Readme's are present, they might not always be relevant.",pbmm2,1.0.0 (commit v0.12.0-9-g6558442),1.5,coordinate,NA,NA
cc40c71d19b7d60ec662bc09aa1e3a40,/giab/ftp/data/AshkenazimTrio/HG002_NA24385_son/PacBio_SequelII_CCS_11kb/HG002_GRCh38,https://ftp-trace.ncbi.nlm.nih.gov/ReferenceSamples/giab/data/AshkenazimTrio/HG002_NA24385_son/PacBio_SequelII_CCS_11kb/HG002_GRCh38/HG002_GRCh38.haplotag.10x.bam,PACBIO,bam,HG002_GRCh38.haplotag.10x.bam.bai,64.39,/giab/ftp/data/AshkenazimTrio/HG002_NA24385_son/PacBio_SequelII_CCS_11kb/HG002_GRCh38/README.txt,HG002,SAMN03283347,ASHKENAZI_JEWISH,NA24385,"When multiple Readme's are present, they might not always be relevant.",pbmm2,1.1.0 (commit v1.1.0),1.9,coordinate,NA,NA
34af13c7d6d211f76eae0f29d880821d,/giab/ftp/data/AshkenazimTrio/HG002_NA24385_son/UCSC_Ultralong_OxfordNanopore_Promethion,https://ftp-trace.ncbi.nlm.nih.gov/ReferenceSamples/giab/data/AshkenazimTrio/HG002_NA24385_son/UCSC_Ultralong_OxfordNanopore_Promethion/HG002_GRCh37_ONT-UL_UCSC_20200508.phased.bam,ONT,bam,HG002_GRCh37_ONT-UL_UCSC_20200508.phased.bam.bai,175.74,/giab/ftp/data/AshkenazimTrio/HG002_NA24385_son/UCSC_Ultralong_OxfordNanopore_Promethion/README_ONT-UL_UCSC_HG002.md,HG002,SAMN03283347,ASHKENAZI_JEWISH,NA24385,"When multiple Readme's are present, they might not always be relevant.",minimap2,2.17-r941,1.6,coordinate,NA,20200508
2104a0dee429fe3630d916c71743544b,/giab/ftp/data/AshkenazimTrio/HG002_NA24385_son/UCSC_Ultralong_OxfordNanopore_Promethion,https://ftp-trace.ncbi.nlm.nih.gov/ReferenceSamples/giab/data/AshkenazimTrio/HG002_NA24385_son/UCSC_Ultralong_OxfordNanopore_Promethion/HG002_GRCh38_ONT-UL_UCSC_20200508.phased.bam,ONT,bam,HG002_GRCh38_ONT-UL_UCSC_20200508.phased.bam.bai,174.64,/giab/ftp/data/AshkenazimTrio/HG002_NA24385_son/UCSC_Ultralong_OxfordNanopore_Promethion/README_ONT-UL_UCSC_HG002.md,HG002,SAMN03283347,ASHKENAZI_JEWISH,NA24385,"When multiple Readme's are present, they might not always be relevant.",minimap2,2.17-r941,1.6,coordinate,NA,20200508
95d10c93c913a2d1c2862e6162bafe0e,/giab/ftp/data/AshkenazimTrio/HG002_NA24385_son/Ultralong_OxfordNanopore/guppy-V3.4.5,https://ftp-trace.ncbi.nlm.nih.gov/ReferenceSamples/giab/data/AshkenazimTrio/HG002_NA24385_son/Ultralong_OxfordNanopore/guppy-V3.4.5/HG002_GRCh38_ONT-UL_GIAB_20200204.bam,ONT,bam,HG002_GRCh38_ONT-UL_GIAB_20200204.bam.bai,186.78,/giab/ftp/data/AshkenazimTrio/HG002_NA24385_son/Ultralong_OxfordNanopore/guppy-V3.4.5/README_ONT-UL_GIAB_HG002.md,HG002,SAMN03283347,ASHKENAZI_JEWISH,NA24385,"When multiple Readme's are present, they might not always be relevant.",minimap2,2.17-r941,1.6,coordinate,NA,20200204
3da3ad5a35e55bd94e4b9b38539add6b,/giab/ftp/data/AshkenazimTrio/HG002_NA24385_son/Ultralong_OxfordNanopore/guppy-V3.4.5,https://ftp-trace.ncbi.nlm.nih.gov/ReferenceSamples/giab/data/AshkenazimTrio/HG002_NA24385_son/Ultralong_OxfordNanopore/guppy-V3.4.5/HG002_hs37d5_ONT-UL_GIAB_20200204.bam,ONT,bam,HG002_hs37d5_ONT-UL_GIAB_20200204.bam.bai,187.91,/giab/ftp/data/AshkenazimTrio/HG002_NA24385_son/Ultralong_OxfordNanopore/guppy-V3.4.5/README_ONT-UL_GIAB_HG002.md,HG002,SAMN03283347,ASHKENAZI_JEWISH,NA24385,"When multiple Readme's are present, they might not always be relevant.",minimap2,2.17-r941,1.6,coordinate,NA,20200204
5e410aab9a07c93271ea1543f0e8074e,/giab/ftp/data/AshkenazimTrio/HG003_NA24149_father/NIST_HiSeq_HG003_Homogeneity-12389378/NHGRI_Illumina300X_AJtrio_novoalign_bams,https://ftp-trace.ncbi.nlm.nih.gov/ReferenceSamples/giab/data/AshkenazimTrio/HG003_NA24149_father/NIST_HiSeq_HG003_Homogeneity-12389378/NHGRI_Illumina300X_AJtrio_novoalign_bams/HG003.GRCh38.300x.bam,Illumina,bam,HG003.GRCh38.300x.bam.bai,569.05,/giab/ftp/data/AshkenazimTrio/HG003_NA24149_father/NIST_HiSeq_HG003_Homogeneity-12389378/NHGRI_Illumina300X_AJtrio_novoalign_bams/README_NHGRI_Novoalign_bams,HG003,SAMN03283345,ASHKENAZI_JEWISH,NA24149,"When multiple Readme's are present, they might not always be relevant.",novoalign,V3.02.07,1,unsorted,NA,NA
311448a9c40a2e37b8a7b715df9eb837,/giab/ftp/data/AshkenazimTrio/HG003_NA24149_father/NIST_HiSeq_HG003_Homogeneity-12389378/NHGRI_Illumina300X_AJtrio_novoalign_bams,https://ftp-trace.ncbi.nlm.nih.gov/ReferenceSamples/giab/data/AshkenazimTrio/HG003_NA24149_father/NIST_HiSeq_HG003_Homogeneity-12389378/NHGRI_Illumina300X_AJtrio_novoalign_bams/HG003.hs37d5.300x.bam,Illumina,bam,HG003.hs37d5.300x.bam.bai,535.33,/giab/ftp/data/AshkenazimTrio/HG003_NA24149_father/NIST_HiSeq_HG003_Homogeneity-12389378/NHGRI_Illumina300X_AJtrio_novoalign_bams/README_NHGRI_Novoalign_bams,HG003,SAMN03283345,ASHKENAZI_JEWISH,NA24149,"When multiple Readme's are present, they might not always be relevant.",novoalign,V3.02.07,1,unsorted,NA,NA
8d2ce2ee9bbd0829cdde1f3b94b4ec98,/giab/ftp/data/AshkenazimTrio/HG003_NA24149_father/NIST_Illumina_2x250bps/novoalign_bams,https://ftp-trace.ncbi.nlm.nih.gov/ReferenceSamples/giab/data/AshkenazimTrio/HG003_NA24149_father/NIST_Illumina_2x250bps/novoalign_bams/HG003.GRCh38.2x250.bam,Illumina,bam,HG003.GRCh38.2x250.bam.bai,109.86,/giab/ftp/data/AshkenazimTrio/HG003_NA24149_father/NIST_Illumina_2x250bps/novoalign_bams/README,HG003,SAMN03283345,ASHKENAZI_JEWISH,NA24149,"When multiple Readme's are present, they might not always be relevant.",novoalign,V3.02.07,1,unsorted,NA,NA
3c8e9d0d19b6e791c9cf9876190562c7,/giab/ftp/data/AshkenazimTrio/HG003_NA24149_father/NIST_Illumina_2x250bps/novoalign_bams,https://ftp-trace.ncbi.nlm.nih.gov/ReferenceSamples/giab/data/AshkenazimTrio/HG003_NA24149_father/NIST_Illumina_2x250bps/novoalign_bams/HG003.hs37d5.2x250.bam,Illumina,bam,HG003.hs37d5.2x250.bam.bai,109.7,/giab/ftp/data/AshkenazimTrio/HG003_NA24149_father/NIST_Illumina_2x250bps/novoalign_bams/README,HG003,SAMN03283345,ASHKENAZI_JEWISH,NA24149,"When multiple Readme's are present, they might not always be relevant.",novoalign,V3.02.07,1,unsorted,NA,NA
5b8bf1cd5771689f8ebef8c428146b68,/giab/ftp/data/AshkenazimTrio/HG003_NA24149_father/NIST_Stanford_Illumina_6kb_matepair/bams,https://ftp-trace.ncbi.nlm.nih.gov/ReferenceSamples/giab/data/AshkenazimTrio/HG003_NA24149_father/NIST_Stanford_Illumina_6kb_matepair/bams/HG003.mate_pair.sorted.bam,Illumina,bam,HG003.mate_pair.sorted.bam.bai,32.69,/giab/ftp/data/AshkenazimTrio/HG003_NA24149_father/NIST_Stanford_Illumina_6kb_matepair/README.NIST_Stanford_Illumina_6kb_matepair,HG003,SAMN03283345,ASHKENAZI_JEWISH,NA24149,"When multiple Readme's are present, they might not always be relevant.",bwa,0.7.7-r441,1.3,coordinate,NA,NA
50ce252b85546d1b2c2f0382e77f3edb,/giab/ftp/data/AshkenazimTrio/HG003_NA24149_father/NIST_Stanford_Illumina_6kb_matepair/bams/GRCh38,https://ftp-trace.ncbi.nlm.nih.gov/ReferenceSamples/giab/data/AshkenazimTrio/HG003_NA24149_father/NIST_Stanford_Illumina_6kb_matepair/bams/GRCh38/HG003.sorted.bam,Illumina,bam,HG003.sorted.bam.bai,33.3,Not available in parent or current directory,HG003,SAMN03283345,ASHKENAZI_JEWISH,NA24149,"When multiple Readme's are present, they might not always be relevant.",bwa,0.7.12-r1044,1.3,coordinate,GRCh38,NA
1c81df402e8a7508282d1e52a6110f94,/giab/ftp/data/AshkenazimTrio/HG003_NA24149_father/PacBio_CCS_15kb_20kb_chemistry2/CHM13v2.0/GIAB_5mC_CpG,https://ftp-trace.ncbi.nlm.nih.gov/ReferenceSamples/giab/data/AshkenazimTrio/HG003_NA24149_father/PacBio_CCS_15kb_20kb_chemistry2/CHM13v2.0/GIAB_5mC_CpG/HG003.chm13.deepvariant.haplotagged.bam,PACBIO,bam,HG003.chm13.deepvariant.haplotagged.bam.bai,92.95,/giab/ftp/data/AshkenazimTrio/HG003_NA24149_father/PacBio_CCS_15kb_20kb_chemistry2/CHM13v2.0/GIAB_5mC_CpG/README.txt_02022023,HG003,SAMN03283345,ASHKENAZI_JEWISH,NA24149,"When multiple Readme's are present, they might not always be relevant.",pbmm2,1.4.0 (commit 1.4.0),1.5,coordinate,NA,NA
851387efb5e4f19a6271d4f60f1a3736,/giab/ftp/data/AshkenazimTrio/HG003_NA24149_father/PacBio_CCS_15kb_20kb_chemistry2/GRCh38,https://ftp-trace.ncbi.nlm.nih.gov/ReferenceSamples/giab/data/AshkenazimTrio/HG003_NA24149_father/PacBio_CCS_15kb_20kb_chemistry2/GRCh38/HG003.SequelII.merged_15kb_20kb.pbmm2.GRCh38.haplotag.10x.bam,PACBIO,bam,HG003.SequelII.merged_15kb_20kb.pbmm2.GRCh38.haplotag.10x.bam.bai,132.05,/giab/ftp/data/AshkenazimTrio/HG003_NA24149_father/PacBio_CCS_15kb_20kb_chemistry2/GRCh38/README_HG003_GRCh38.md,HG003,SAMN03283345,ASHKENAZI_JEWISH,NA24149,"When multiple Readme's are present, they might not always be relevant.",pbmm2,1.1.0 (commit SL-release-8.0.0),1.9,coordinate,GRCh38,NA
f15378d6c1efaa5e449910df3f520e88,/giab/ftp/data/AshkenazimTrio/HG003_NA24149_father/PacBio_CCS_15kb_20kb_chemistry2/hs37d5,https://ftp-trace.ncbi.nlm.nih.gov/ReferenceSamples/giab/data/AshkenazimTrio/HG003_NA24149_father/PacBio_CCS_15kb_20kb_chemistry2/hs37d5/HG003.SequelII.merged_15kb_20kb.pbmm2.hs37d5.haplotag.RTG.10x.trio.bam,PACBIO,bam,HG003.SequelII.merged_15kb_20kb.pbmm2.hs37d5.haplotag.RTG.10x.trio.bam.bai,134.61,/giab/ftp/data/AshkenazimTrio/HG003_NA24149_father/PacBio_CCS_15kb_20kb_chemistry2/hs37d5/README_HG003_hs37d5.md,HG003,SAMN03283345,ASHKENAZI_JEWISH,NA24149,"When multiple Readme's are present, they might not always be relevant.",pbmm2,1.1.0 (commit SL-release-8.0.0),1.9,coordinate,GRCh37,NA
70b0b13841b39ed62351023ac4b434d1,/giab/ftp/data/AshkenazimTrio/HG003_NA24149_father/PacBio_MtSinai_NIST/PacBio_minimap2_bam,https://ftp-trace.ncbi.nlm.nih.gov/ReferenceSamples/giab/data/AshkenazimTrio/HG003_NA24149_father/PacBio_MtSinai_NIST/PacBio_minimap2_bam/HG003_PacBio_GRCh37.bam,PACBIO,bam,HG003_PacBio_GRCh37.bam.bai,44.54,/giab/ftp/data/AshkenazimTrio/HG003_NA24149_father/PacBio_MtSinai_NIST/PacBio_minimap2_bam/README.txt,HG003,SAMN03283345,ASHKENAZI_JEWISH,NA24149,"When multiple Readme's are present, they might not always be relevant.",minimap2,2.11-r797,1.3,coordinate,NA,NA
8cb221d38db5193f2d79ec563914b803,/giab/ftp/data/AshkenazimTrio/HG003_NA24149_father/PacBio_MtSinai_NIST/PacBio_minimap2_bam,https://ftp-trace.ncbi.nlm.nih.gov/ReferenceSamples/giab/data/AshkenazimTrio/HG003_NA24149_father/PacBio_MtSinai_NIST/PacBio_minimap2_bam/HG003_PacBio_GRCh38.bam,PACBIO,bam,HG003_PacBio_GRCh38.bam.bai,44.05,/giab/ftp/data/AshkenazimTrio/HG003_NA24149_father/PacBio_MtSinai_NIST/PacBio_minimap2_bam/README.txt,HG003,SAMN03283345,ASHKENAZI_JEWISH,NA24149,"When multiple Readme's are present, they might not always be relevant.",minimap2,2.11-r797,1.3,coordinate,NA,NA
e7fd3adeadc8dfb1bf82ab2b43093307,/giab/ftp/data/AshkenazimTrio/HG003_NA24149_father/UCSC_Ultralong_OxfordNanopore_Promethion,https://ftp-trace.ncbi.nlm.nih.gov/ReferenceSamples/giab/data/AshkenazimTrio/HG003_NA24149_father/UCSC_Ultralong_OxfordNanopore_Promethion/HG003_GRCh37_ONT-UL_UCSC_20200508.bam,ONT,bam,HG003_GRCh37_ONT-UL_UCSC_20200508.bam.bai,307.53,/giab/ftp/data/AshkenazimTrio/HG003_NA24149_father/UCSC_Ultralong_OxfordNanopore_Promethion/README_ONT-UL_UCSC_HG003.md,HG003,SAMN03283345,ASHKENAZI_JEWISH,NA24149,"When multiple Readme's are present, they might not always be relevant.",minimap2,2.17-r941,1.6,coordinate,NA,20200508
7e3ed31d181a4fdb5d4b139dee6a5760,/giab/ftp/data/AshkenazimTrio/HG003_NA24149_father/UCSC_Ultralong_OxfordNanopore_Promethion,https://ftp-trace.ncbi.nlm.nih.gov/ReferenceSamples/giab/data/AshkenazimTrio/HG003_NA24149_father/UCSC_Ultralong_OxfordNanopore_Promethion/HG003_GRCh38_ONT-UL_UCSC_20200508.bam,ONT,bam,HG003_GRCh38_ONT-UL_UCSC_20200508.bam.bai,305.48,/giab/ftp/data/AshkenazimTrio/HG003_NA24149_father/UCSC_Ultralong_OxfordNanopore_Promethion/README_ONT-UL_UCSC_HG003.md,HG003,SAMN03283345,ASHKENAZI_JEWISH,NA24149,"When multiple Readme's are present, they might not always be relevant.",minimap2,2.17-r941,1.6,coordinate,NA,20200508
2fe09528710a4c16f3df178686d3ce99,/giab/ftp/data/AshkenazimTrio/HG004_NA24143_mother/NIST_HiSeq_HG004_Homogeneity-14572558/NHGRI_Illumina300X_AJtrio_novoalign_bams,https://ftp-trace.ncbi.nlm.nih.gov/ReferenceSamples/giab/data/AshkenazimTrio/HG004_NA24143_mother/NIST_HiSeq_HG004_Homogeneity-14572558/NHGRI_Illumina300X_AJtrio_novoalign_bams/HG004.GRCh38.300x.bam,Illumina,bam,HG004.GRCh38.300x.bam.bai,658.18,/giab/ftp/data/AshkenazimTrio/HG004_NA24143_mother/NIST_HiSeq_HG004_Homogeneity-14572558/NHGRI_Illumina300X_AJtrio_novoalign_bams/README_NHGRI_Novoalign_bams,HG004,SAMN03283346,ASHKENAZI_JEWISH,NA24143,"When multiple Readme's are present, they might not always be relevant.",novoalign,V3.02.07,1,unsorted,NA,NA
ad972d653ec1ca3208df7bc587929115,/giab/ftp/data/AshkenazimTrio/HG004_NA24143_mother/NIST_HiSeq_HG004_Homogeneity-14572558/NHGRI_Illumina300X_AJtrio_novoalign_bams,https://ftp-trace.ncbi.nlm.nih.gov/ReferenceSamples/giab/data/AshkenazimTrio/HG004_NA24143_mother/NIST_HiSeq_HG004_Homogeneity-14572558/NHGRI_Illumina300X_AJtrio_novoalign_bams/HG004.hs37d5.300x.bam,Illumina,bam,HG004.hs37d5.300x.bam.bai,657.16,/giab/ftp/data/AshkenazimTrio/HG004_NA24143_mother/NIST_HiSeq_HG004_Homogeneity-14572558/NHGRI_Illumina300X_AJtrio_novoalign_bams/README_NHGRI_Novoalign_bams,HG004,SAMN03283346,ASHKENAZI_JEWISH,NA24143,"When multiple Readme's are present, they might not always be relevant.",novoalign,V3.02.07,1,unsorted,NA,NA
bf99f2d4d8a6d8ed9e2000e6125ccb12,/giab/ftp/data/AshkenazimTrio/HG004_NA24143_mother/NIST_Illumina_2x250bps/novoalign_bams,https://ftp-trace.ncbi.nlm.nih.gov/ReferenceSamples/giab/data/AshkenazimTrio/HG004_NA24143_mother/NIST_Illumina_2x250bps/novoalign_bams/HG004.GRCh38.2x250.bam,Illumina,bam,HG004.GRCh38.2x250.bam.bai,120.36,/giab/ftp/data/AshkenazimTrio/HG004_NA24143_mother/NIST_Illumina_2x250bps/novoalign_bams/README,HG004,SAMN03283346,ASHKENAZI_JEWISH,NA24143,"When multiple Readme's are present, they might not always be relevant.",novoalign,V3.02.07,1,unsorted,NA,NA
8d359aa7ddc2787879839ce53a0ff946,/giab/ftp/data/AshkenazimTrio/HG004_NA24143_mother/NIST_Illumina_2x250bps/novoalign_bams,https://ftp-trace.ncbi.nlm.nih.gov/ReferenceSamples/giab/data/AshkenazimTrio/HG004_NA24143_mother/NIST_Illumina_2x250bps/novoalign_bams/HG004.hs37d5.2x250.bam,Illumina,bam,HG004.hs37d5.2x250.bam.bai,120.21,/giab/ftp/data/AshkenazimTrio/HG004_NA24143_mother/NIST_Illumina_2x250bps/novoalign_bams/README,HG004,SAMN03283346,ASHKENAZI_JEWISH,NA24143,"When multiple Readme's are present, they might not always be relevant.",novoalign,V3.02.07,1,unsorted,NA,NA
eff61acfb5863d6ff9897ef6953bfb9c,/giab/ftp/data/AshkenazimTrio/HG004_NA24143_mother/NIST_Stanford_Illumina_6kb_matepair/bams,https://ftp-trace.ncbi.nlm.nih.gov/ReferenceSamples/giab/data/AshkenazimTrio/HG004_NA24143_mother/NIST_Stanford_Illumina_6kb_matepair/bams/HG004.mate_pair.sorted.bam,Illumina,bam,HG004.mate_pair.sorted.bam.bai,35.04,/giab/ftp/data/AshkenazimTrio/HG004_NA24143_mother/NIST_Stanford_Illumina_6kb_matepair/README.NIST_Stanford_Illumina_6kb_matepair,HG004,SAMN03283346,ASHKENAZI_JEWISH,NA24143,"When multiple Readme's are present, they might not always be relevant.",bwa,0.7.7-r441,1.3,coordinate,NA,NA
79547e2ce78792e9e2d7e49aa7ac2bfe,/giab/ftp/data/AshkenazimTrio/HG004_NA24143_mother/NIST_Stanford_Illumina_6kb_matepair/bams/GRCh38,https://ftp-trace.ncbi.nlm.nih.gov/ReferenceSamples/giab/data/AshkenazimTrio/HG004_NA24143_mother/NIST_Stanford_Illumina_6kb_matepair/bams/GRCh38/HG004.sorted.bam,Illumina,bam,HG004.sorted.bam.bai,35.66,Not available in parent or current directory,HG004,SAMN03283346,ASHKENAZI_JEWISH,NA24143,"When multiple Readme's are present, they might not always be relevant.",bwa,0.7.13-r1126,1.3,coordinate,GRCh38,NA
a2fd98ef7848089c0aabf16ac6fd57ef,/giab/ftp/data/AshkenazimTrio/HG004_NA24143_mother/PacBio_CCS_15kb_20kb_chemistry2/CHM13v2.0/GIAB_5mC_CpG,https://ftp-trace.ncbi.nlm.nih.gov/ReferenceSamples/giab/data/AshkenazimTrio/HG004_NA24143_mother/PacBio_CCS_15kb_20kb_chemistry2/CHM13v2.0/GIAB_5mC_CpG/HG004.chm13.deepvariant.haplotagged.bam,PACBIO,bam,HG004.chm13.deepvariant.haplotagged.bam.bai,97.47,Not available in parent or current directory,HG004,SAMN03283346,ASHKENAZI_JEWISH,NA24143,"When multiple Readme's are present, they might not always be relevant.",pbmm2,1.4.0 (commit 1.4.0),1.5,coordinate,NA,NA
e8b39cbfcbb6f20490484f19930b1755,/giab/ftp/data/AshkenazimTrio/HG004_NA24143_mother/PacBio_CCS_15kb_20kb_chemistry2/GRCh38,https://ftp-trace.ncbi.nlm.nih.gov/ReferenceSamples/giab/data/AshkenazimTrio/HG004_NA24143_mother/PacBio_CCS_15kb_20kb_chemistry2/GRCh38/HG004.SequelII.merged_15kb_20kb.pbmm2.GRCh38.haplotag.10x.bam,PACBIO,bam,HG004.SequelII.merged_15kb_20kb.pbmm2.GRCh38.haplotag.10x.bam.bai,133.01,/giab/ftp/data/AshkenazimTrio/HG004_NA24143_mother/PacBio_CCS_15kb_20kb_chemistry2/GRCh38/README_HG004_GRCh38.md,HG004,SAMN03283346,ASHKENAZI_JEWISH,NA24143,"When multiple Readme's are present, they might not always be relevant.",pbmm2,1.1.0 (commit SL-release-8.0.0),1.9,coordinate,GRCh38,NA
4c3a8a6f5fea9f6ca36abf5c31e8cee1,/giab/ftp/data/AshkenazimTrio/HG004_NA24143_mother/PacBio_CCS_15kb_20kb_chemistry2/hs37d5,https://ftp-trace.ncbi.nlm.nih.gov/ReferenceSamples/giab/data/AshkenazimTrio/HG004_NA24143_mother/PacBio_CCS_15kb_20kb_chemistry2/hs37d5/HG004.SequelII.merged_15kb_20kb.pbmm2.hs37d5.haplotag.RTG.10x.trio.bam,PACBIO,bam,HG004.SequelII.merged_15kb_20kb.pbmm2.hs37d5.haplotag.RTG.10x.trio.bam.bai,135.11,/giab/ftp/data/AshkenazimTrio/HG004_NA24143_mother/PacBio_CCS_15kb_20kb_chemistry2/hs37d5/README_HG004_hs37d5.md,HG004,SAMN03283346,ASHKENAZI_JEWISH,NA24143,"When multiple Readme's are present, they might not always be relevant.",pbmm2,1.1.0 (commit SL-release-8.0.0),1.9,coordinate,GRCh37,NA
86f946818f1f8e5ba3029e264869a89e,/giab/ftp/data/AshkenazimTrio/HG004_NA24143_mother/PacBio_MtSinai_NIST/PacBio_minimap2_bam,https://ftp-trace.ncbi.nlm.nih.gov/ReferenceSamples/giab/data/AshkenazimTrio/HG004_NA24143_mother/PacBio_MtSinai_NIST/PacBio_minimap2_bam/HG004_PacBio_GRCh37.bam,PACBIO,bam,HG004_PacBio_GRCh37.bam.bai,43.4,/giab/ftp/data/AshkenazimTrio/HG004_NA24143_mother/PacBio_MtSinai_NIST/PacBio_minimap2_bam/README.txt,HG004,SAMN03283346,ASHKENAZI_JEWISH,NA24143,"When multiple Readme's are present, they might not always be relevant.",minimap2,2.11-r797,1.3,coordinate,NA,NA
eec1e8ec5b70ba24af1d8b69530bbeed,/giab/ftp/data/AshkenazimTrio/HG004_NA24143_mother/PacBio_MtSinai_NIST/PacBio_minimap2_bam,https://ftp-trace.ncbi.nlm.nih.gov/ReferenceSamples/giab/data/AshkenazimTrio/HG004_NA24143_mother/PacBio_MtSinai_NIST/PacBio_minimap2_bam/HG004_PacBio_GRCh38.bam,PACBIO,bam,HG004_PacBio_GRCh38.bam.bai,43.01,/giab/ftp/data/AshkenazimTrio/HG004_NA24143_mother/PacBio_MtSinai_NIST/PacBio_minimap2_bam/README.txt,HG004,SAMN03283346,ASHKENAZI_JEWISH,NA24143,"When multiple Readme's are present, they might not always be relevant.",minimap2,2.11-r797,1.3,coordinate,NA,NA
3d7ce8508c5ab00ecaf2cc989712b058,/giab/ftp/data/AshkenazimTrio/HG004_NA24143_mother/UCSC_Ultralong_OxfordNanopore_Promethion,https://ftp-trace.ncbi.nlm.nih.gov/ReferenceSamples/giab/data/AshkenazimTrio/HG004_NA24143_mother/UCSC_Ultralong_OxfordNanopore_Promethion/HG004_GRCh37_ONT-UL_UCSC_20200508.bam,ONT,bam,HG004_GRCh37_ONT-UL_UCSC_20200508.bam.bai,314.5,/giab/ftp/data/AshkenazimTrio/HG004_NA24143_mother/UCSC_Ultralong_OxfordNanopore_Promethion/README_ONT-UL_UCSC_HG004.md,HG004,SAMN03283346,ASHKENAZI_JEWISH,NA24143,"When multiple Readme's are present, they might not always be relevant.",minimap2,2.17-r941,1.6,coordinate,NA,20200508
186308912e1799fd68f5379d618bf145,/giab/ftp/data/AshkenazimTrio/HG004_NA24143_mother/UCSC_Ultralong_OxfordNanopore_Promethion,https://ftp-trace.ncbi.nlm.nih.gov/ReferenceSamples/giab/data/AshkenazimTrio/HG004_NA24143_mother/UCSC_Ultralong_OxfordNanopore_Promethion/HG004_GRCh38_ONT-UL_UCSC_20200508.bam,ONT,bam,HG004_GRCh38_ONT-UL_UCSC_20200508.bam.bai,312.66,/giab/ftp/data/AshkenazimTrio/HG004_NA24143_mother/UCSC_Ultralong_OxfordNanopore_Promethion/README_ONT-UL_UCSC_HG004.md,HG004,SAMN03283346,ASHKENAZI_JEWISH,NA24143,"When multiple Readme's are present, they might not always be relevant.",minimap2,2.17-r941,1.6,coordinate,NA,20200508
912478bb41af026956c9913d4bf42b5d,/giab/ftp/data/ChineseTrio/analysis/10XGenomics_ChromiumGenome_LongRanger2.1_06202017/GM24631_ChineseTrioSon_hg19,https://ftp-trace.ncbi.nlm.nih.gov/ReferenceSamples/giab/data/ChineseTrio/analysis/10XGenomics_ChromiumGenome_LongRanger2.1_06202017/GM24631_ChineseTrioSon_hg19/GM24631_ChineseTrioSon_hg19_phased_possorted_bam.bam,10XGenomics,bam,GM24631_ChineseTrioSon_hg19_phased_possorted_bam.bam.bai,99.76,"/giab/ftp/data/ChineseTrio/analysis/10XGenomics_ChromiumGenome_LongRanger2.1_06202017/README,/giab/ftp/data/ChineseTrio/analysis/10XGenomics_ChromiumGenome_LongRanger2.1_06202017/README_10xGIAB_ChineseTrio_fastq.txt",Not Available,Not Available,Not Available,Not Available,"When multiple Readme's are present, they might not always be relevant.",longranger,1015.11.7,1.3,coordinate,NA,6202017
8a464e5ce456b702377ff1cf97448599,/giab/ftp/data/ChineseTrio/analysis/10XGenomics_ChromiumGenome_LongRanger2.1_06202017/GM24694_ChineseTrioFather_hg19,https://ftp-trace.ncbi.nlm.nih.gov/ReferenceSamples/giab/data/ChineseTrio/analysis/10XGenomics_ChromiumGenome_LongRanger2.1_06202017/GM24694_ChineseTrioFather_hg19/GM24694_ChineseTrioFather_hg19_phased_possorted_bam.bam,10XGenomics,bam,GM24694_ChineseTrioFather_hg19_phased_possorted_bam.bam.bai,98.05,"/giab/ftp/data/ChineseTrio/analysis/10XGenomics_ChromiumGenome_LongRanger2.1_06202017/README,/giab/ftp/data/ChineseTrio/analysis/10XGenomics_ChromiumGenome_LongRanger2.1_06202017/README_10xGIAB_ChineseTrio_fastq.txt",Not Available,Not Available,Not Available,Not Available,"When multiple Readme's are present, they might not always be relevant.",longranger,1015.11.7,1.3,coordinate,NA,6202017
99f4b765d2b687c4e37db35e05bf0f3d,/giab/ftp/data/ChineseTrio/analysis/10XGenomics_ChromiumGenome_LongRanger2.1_06202017/GM24695_ChineseTrioMother_hg19,https://ftp-trace.ncbi.nlm.nih.gov/ReferenceSamples/giab/data/ChineseTrio/analysis/10XGenomics_ChromiumGenome_LongRanger2.1_06202017/GM24695_ChineseTrioMother_hg19/GM24695_ChineseTrioMother_hg19_phased_possorted_bam.bam,10XGenomics,bam,GM24695_ChineseTrioMother_hg19_phased_possorted_bam.bam.bai,96.77,"/giab/ftp/data/ChineseTrio/analysis/10XGenomics_ChromiumGenome_LongRanger2.1_06202017/README,/giab/ftp/data/ChineseTrio/analysis/10XGenomics_ChromiumGenome_LongRanger2.1_06202017/README_10xGIAB_ChineseTrio_fastq.txt",Not Available,Not Available,Not Available,Not Available,"When multiple Readme's are present, they might not always be relevant.",longranger,1015.11.7,1.3,coordinate,NA,6202017
d2021b1c9966b4799390faef16146a25,/giab/ftp/data/ChineseTrio/analysis/10XGenomics_ChromiumGenome_LongRanger2.2_Supernova2.0.1_04122018/GRCh38,https://ftp-trace.ncbi.nlm.nih.gov/ReferenceSamples/giab/data/ChineseTrio/analysis/10XGenomics_ChromiumGenome_LongRanger2.2_Supernova2.0.1_04122018/GRCh38/NA24631.GRCh38.phased_possorted_bam.bam,10XGenomics,bam,NA24631.GRCh38.phased_possorted_bam.bam.bai,136.26,Not available in parent or current directory,HG005,SAMN03283350,HAN_CHINESE,NA24631,"When multiple Readme's are present, they might not always be relevant.",longranger,1016.1.5,1.3,coordinate,GRCh38,4122018
49ac6837f21ce89cbc20ff91205804bd,/giab/ftp/data/ChineseTrio/analysis/10XGenomics_ChromiumGenome_LongRanger2.2_Supernova2.0.1_04122018/GRCh38,https://ftp-trace.ncbi.nlm.nih.gov/ReferenceSamples/giab/data/ChineseTrio/analysis/10XGenomics_ChromiumGenome_LongRanger2.2_Supernova2.0.1_04122018/GRCh38/NA24694.GRCh38.phased_possorted_bam.bam,10XGenomics,bam,NA24694.GRCh38.phased_possorted_bam.bam.bai,134.01,Not available in parent or current directory,HG006,SAMN03283348,HAN_CHINESE,NA24694,"When multiple Readme's are present, they might not always be relevant.",longranger,1016.1.5,1.3,coordinate,GRCh38,4122018
1c595e0bb1187657b8770a04d5ad962c,/giab/ftp/data/ChineseTrio/analysis/10XGenomics_ChromiumGenome_LongRanger2.2_Supernova2.0.1_04122018/GRCh38,https://ftp-trace.ncbi.nlm.nih.gov/ReferenceSamples/giab/data/ChineseTrio/analysis/10XGenomics_ChromiumGenome_LongRanger2.2_Supernova2.0.1_04122018/GRCh38/NA24695.GRCh38.phased_possorted_bam.bam,10XGenomics,bam,NA24695.GRCh38.phased_possorted_bam.bam.bai,132.25,Not available in parent or current directory,HG007,SAMN03283349,HAN_CHINESE,NA24695,"When multiple Readme's are present, they might not always be relevant.",longranger,1016.1.5,1.3,coordinate,GRCh38,4122018
84a9673888d06f88df2f943156e702a3,/giab/ftp/data/ChineseTrio/analysis/PacBio_CCS_15kb_20kb_chemistry2_12072020/HG005,https://ftp-trace.ncbi.nlm.nih.gov/ReferenceSamples/giab/data/ChineseTrio/analysis/PacBio_CCS_15kb_20kb_chemistry2_12072020/HG005/HG005.hs37d5.haplotagged_w_10x_reformatted.bam,PACBIO,bam,HG005.hs37d5.haplotagged_w_10x_reformatted.bam.bai,117.23,"/giab/ftp/data/ChineseTrio/analysis/PacBio_CCS_15kb_20kb_chemistry2_12072020/HG005/README.HG005.GRCh38.txt,/giab/ftp/data/ChineseTrio/analysis/PacBio_CCS_15kb_20kb_chemistry2_12072020/HG005/README_HG005_hs37d5.md",HG005,SAMN03283350,HAN_CHINESE,NA24631,"When multiple Readme's are present, they might not always be relevant.",pbmm2,1.4.0 (commit 1.4.0),1.10.2,coordinate,NA,12072020
33e9a4759cff43be811ad0ed8da67d4d,/giab/ftp/data/ChineseTrio/analysis/PacBio_deepvariant_gatk_pbsv_08282020/HG006,https://ftp-trace.ncbi.nlm.nih.gov/ReferenceSamples/giab/data/ChineseTrio/analysis/PacBio_deepvariant_gatk_pbsv_08282020/HG006/HG006.GRCh38.haplotagged_w_10x.bam,PACBIO,bam,HG006.GRCh38.haplotagged_w_10x.bam.bai,141.51,"/giab/ftp/data/ChineseTrio/analysis/PacBio_deepvariant_gatk_pbsv_08282020/HG006/README_HG006_GRCh38.md,/giab/ftp/data/ChineseTrio/analysis/PacBio_deepvariant_gatk_pbsv_08282020/HG006/README_HG006_hs37d5.md",HG006,SAMN03283348,HAN_CHINESE,NA24694,"When multiple Readme's are present, they might not always be relevant.",pbmm2,1.3.0 (commit 1.3.0),1.10.2,coordinate,NA,8282020
3f6a8d5538cd0f62c2e79e9ee3896da2,/giab/ftp/data/ChineseTrio/analysis/PacBio_deepvariant_gatk_pbsv_08282020/HG006,https://ftp-trace.ncbi.nlm.nih.gov/ReferenceSamples/giab/data/ChineseTrio/analysis/PacBio_deepvariant_gatk_pbsv_08282020/HG006/HG006.hs37d5.haplotagged_w_10x.bam,PACBIO,bam,HG006.hs37d5.haplotagged_w_10x.bam.bai,146.36,"/giab/ftp/data/ChineseTrio/analysis/PacBio_deepvariant_gatk_pbsv_08282020/HG006/README_HG006_GRCh38.md,/giab/ftp/data/ChineseTrio/analysis/PacBio_deepvariant_gatk_pbsv_08282020/HG006/README_HG006_hs37d5.md",HG006,SAMN03283348,HAN_CHINESE,NA24694,"When multiple Readme's are present, they might not always be relevant.",pbmm2,1.3.0 (commit 1.3.0),1.10.2,coordinate,NA,8282020
88c304f7b89afce821da4206036f30fb,/giab/ftp/data/ChineseTrio/analysis/PacBio_deepvariant_gatk_pbsv_08282020/HG007,https://ftp-trace.ncbi.nlm.nih.gov/ReferenceSamples/giab/data/ChineseTrio/analysis/PacBio_deepvariant_gatk_pbsv_08282020/HG007/HG007.GRCh38.haplotagged_w_10x.bam,PACBIO,bam,HG007.GRCh38.haplotagged_w_10x.bam.bai,132,"/giab/ftp/data/ChineseTrio/analysis/PacBio_deepvariant_gatk_pbsv_08282020/HG007/README_HG007_GRCh38.md,/giab/ftp/data/ChineseTrio/analysis/PacBio_deepvariant_gatk_pbsv_08282020/HG007/README_HG007_hs37d5.md",HG007,SAMN03283349,HAN_CHINESE,NA24695,"When multiple Readme's are present, they might not always be relevant.",pbmm2,1.3.0 (commit 1.3.0),1.10.2,coordinate,NA,8282020
633fc57a19fd857211eb4f217ca64250,/giab/ftp/data/ChineseTrio/analysis/PacBio_deepvariant_gatk_pbsv_08282020/HG007,https://ftp-trace.ncbi.nlm.nih.gov/ReferenceSamples/giab/data/ChineseTrio/analysis/PacBio_deepvariant_gatk_pbsv_08282020/HG007/HG007.hs37d5.haplotagged_w_10x.bam,PACBIO,bam,HG007.hs37d5.haplotagged_w_10x.bam.bai,134.04,"/giab/ftp/data/ChineseTrio/analysis/PacBio_deepvariant_gatk_pbsv_08282020/HG007/README_HG007_GRCh38.md,/giab/ftp/data/ChineseTrio/analysis/PacBio_deepvariant_gatk_pbsv_08282020/HG007/README_HG007_hs37d5.md",HG007,SAMN03283349,HAN_CHINESE,NA24695,"When multiple Readme's are present, they might not always be relevant.",pbmm2,1.3.0 (commit 1.3.0),1.10.2,coordinate,NA,8282020
b9fe5b422d12dc8b54e7289e4c2f7574,/giab/ftp/data/ChineseTrio/HG005_NA24631_son/HG005_NA24631_son_HiSeq_300x/NHGRI_Illumina300X_Chinesetrio_novoalign_bams,https://ftp-trace.ncbi.nlm.nih.gov/ReferenceSamples/giab/data/ChineseTrio/HG005_NA24631_son/HG005_NA24631_son_HiSeq_300x/NHGRI_Illumina300X_Chinesetrio_novoalign_bams/HG005.GRCh38_full_plus_hs38d1_analysis_set_minus_alts.300x.bam,Illumina,bam,HG005.GRCh38_full_plus_hs38d1_analysis_set_minus_alts.300x.bam.bai,623.05,/giab/ftp/data/ChineseTrio/HG005_NA24631_son/HG005_NA24631_son_HiSeq_300x/NHGRI_Illumina300X_Chinesetrio_novoalign_bams/README,HG005,SAMN03283350,HAN_CHINESE,NA24631,"When multiple Readme's are present, they might not always be relevant.",novoalign,V3.02.07,1,unsorted,NA,NA
716b1f69d6a0a234a8d11996b2a5dd5c,/giab/ftp/data/ChineseTrio/HG005_NA24631_son/HG005_NA24631_son_HiSeq_300x/NHGRI_Illumina300X_Chinesetrio_novoalign_bams,https://ftp-trace.ncbi.nlm.nih.gov/ReferenceSamples/giab/data/ChineseTrio/HG005_NA24631_son/HG005_NA24631_son_HiSeq_300x/NHGRI_Illumina300X_Chinesetrio_novoalign_bams/HG005.hs37d5.300x.bam,Illumina,bam,HG005.hs37d5.300x.bam.bai,622.26,/giab/ftp/data/ChineseTrio/HG005_NA24631_son/HG005_NA24631_son_HiSeq_300x/NHGRI_Illumina300X_Chinesetrio_novoalign_bams/README,HG005,SAMN03283350,HAN_CHINESE,NA24631,"When multiple Readme's are present, they might not always be relevant.",novoalign,V3.02.07,1,unsorted,NA,NA
b201cf127f4e209b09928e5c4f94b85c,/giab/ftp/data/ChineseTrio/HG005_NA24631_son/MtSinai_PacBio/PacBio_minimap2_bam,https://ftp-trace.ncbi.nlm.nih.gov/ReferenceSamples/giab/data/ChineseTrio/HG005_NA24631_son/MtSinai_PacBio/PacBio_minimap2_bam/HG005_PacBio_GRCh37.bam,PACBIO,bam,HG005_PacBio_GRCh37.bam.bai,88.3,/giab/ftp/data/ChineseTrio/HG005_NA24631_son/MtSinai_PacBio/PacBio_minimap2_bam/README.txt,HG005,SAMN03283350,HAN_CHINESE,NA24631,"When multiple Readme's are present, they might not always be relevant.",minimap2,2.11-r797,1.3,coordinate,NA,NA
5ae12900b5e76ed13bdc0235e970c7cc,/giab/ftp/data/ChineseTrio/HG005_NA24631_son/MtSinai_PacBio/PacBio_minimap2_bam,https://ftp-trace.ncbi.nlm.nih.gov/ReferenceSamples/giab/data/ChineseTrio/HG005_NA24631_son/MtSinai_PacBio/PacBio_minimap2_bam/HG005_PacBio_GRCh38.bam,PACBIO,bam,HG005_PacBio_GRCh38.bam.bai,87.7,/giab/ftp/data/ChineseTrio/HG005_NA24631_son/MtSinai_PacBio/PacBio_minimap2_bam/README.txt,HG005,SAMN03283350,HAN_CHINESE,NA24631,"When multiple Readme's are present, they might not always be relevant.",minimap2,2.11-r797,1.3,coordinate,NA,NA
24a5f27ffb7ef46eb555517f21934436,/giab/ftp/data/ChineseTrio/HG005_NA24631_son/NIST_Stanford_Illumina_6kb_matepair/bams,https://ftp-trace.ncbi.nlm.nih.gov/ReferenceSamples/giab/data/ChineseTrio/HG005_NA24631_son/NIST_Stanford_Illumina_6kb_matepair/bams/HG005.mate_pair.sorted.bam,Illumina,bam,HG005.mate_pair.sorted.bam.bai,31.97,/giab/ftp/data/ChineseTrio/HG005_NA24631_son/NIST_Stanford_Illumina_6kb_matepair/README.NIST_Stanford_Illumina_6kb_matepair,HG005,SAMN03283350,HAN_CHINESE,NA24631,"When multiple Readme's are present, they might not always be relevant.",bwa,0.7.7-r441,1.3,coordinate,NA,NA
79460bb8ff3e50ec1d3ea64ec36e4c50,/giab/ftp/data/ChineseTrio/HG005_NA24631_son/NIST_Stanford_Illumina_6kb_matepair/bams/GRCh38,https://ftp-trace.ncbi.nlm.nih.gov/ReferenceSamples/giab/data/ChineseTrio/HG005_NA24631_son/NIST_Stanford_Illumina_6kb_matepair/bams/GRCh38/HG005.sorted.bam,Illumina,bam,HG005.sorted.bam.bai,32.61,Not available in parent or current directory,HG005,SAMN03283350,HAN_CHINESE,NA24631,"When multiple Readme's are present, they might not always be relevant.",bwa,0.7.13-r1126,1.3,coordinate,GRCh38,NA
db2a70ba17afc95aa10b0b2289facb6c,/giab/ftp/data/ChineseTrio/HG005_NA24631_son/PacBio_CCS_15kb_20kb_chemistry2/CHM13v2.0/GIAB_5mC_CpG,https://ftp-trace.ncbi.nlm.nih.gov/ReferenceSamples/giab/data/ChineseTrio/HG005_NA24631_son/PacBio_CCS_15kb_20kb_chemistry2/CHM13v2.0/GIAB_5mC_CpG/HG005.chm13.deepvariant.haplotagged.bam,PACBIO,bam,HG005.chm13.deepvariant.haplotagged.bam.bai,116.97,Not available in parent or current directory,HG005,SAMN03283350,HAN_CHINESE,NA24631,"When multiple Readme's are present, they might not always be relevant.",pbmm2,1.4.0 (commit 1.4.0),1.5,coordinate,NA,NA
aaa25d956f9e89580e9c0515cca0266e,/giab/ftp/data/ChineseTrio/HG005_NA24631_son/PacBio_CCS_15kb_20kb_chemistry2/GRCh38/GIAB_5mC_CpG,https://ftp-trace.ncbi.nlm.nih.gov/ReferenceSamples/giab/data/ChineseTrio/HG005_NA24631_son/PacBio_CCS_15kb_20kb_chemistry2/GRCh38/GIAB_5mC_CpG/HG005.GRCh38.deepvariant.haplotagged.bam,PACBIO,bam,HG005.GRCh38.deepvariant.haplotagged.bam.bai,121.79,Not available in parent or current directory,HG005,SAMN03283350,HAN_CHINESE,NA24631,"When multiple Readme's are present, they might not always be relevant.",pbmm2,1.4.0 (commit 1.4.0),1.5,coordinate,GRCh38,NA
24d9d2968e88f2a41b6ee53236a5856b,/giab/ftp/data/ChineseTrio/HG005_NA24631_son/PacBio_SequelII_CCS_11kb,https://ftp-trace.ncbi.nlm.nih.gov/ReferenceSamples/giab/data/ChineseTrio/HG005_NA24631_son/PacBio_SequelII_CCS_11kb/HG005.SequelII.pbmm2.hs37d5.whatshap.haplotag.10x.bam,PACBIO,bam,HG005.SequelII.pbmm2.hs37d5.whatshap.haplotag.10x.bam.bai,62.19,/giab/ftp/data/ChineseTrio/HG005_NA24631_son/PacBio_SequelII_CCS_11kb/README.txt,HG005,SAMN03283350,HAN_CHINESE,NA24631,"When multiple Readme's are present, they might not always be relevant.",pbmm2,1.0.0 (commit v1.0.0-12-g2ba95f5),1.5,coordinate,NA,NA
8c6347cdc37fef6db58ce015fbe107c8,/giab/ftp/data/ChineseTrio/HG005_NA24631_son/PacBio_SequelII_CCS_11kb/HG005_GRCh38,https://ftp-trace.ncbi.nlm.nih.gov/ReferenceSamples/giab/data/ChineseTrio/HG005_NA24631_son/PacBio_SequelII_CCS_11kb/HG005_GRCh38/HG005_GRCh38.haplotag.10x.bam,PACBIO,bam,HG005_GRCh38.haplotag.10x.bam.bai,60.82,/giab/ftp/data/ChineseTrio/HG005_NA24631_son/PacBio_SequelII_CCS_11kb/HG005_GRCh38/README.txt,HG005,SAMN03283350,HAN_CHINESE,NA24631,"When multiple Readme's are present, they might not always be relevant.",pbmm2,1.1.0 (commit v1.0.0-26-g46c7f20),1.9,coordinate,NA,NA
02fd684176824c21cf4b261680365360,/giab/ftp/data/ChineseTrio/HG005_NA24631_son/UCSC_Ultralong_OxfordNanopore_Promethion,https://ftp-trace.ncbi.nlm.nih.gov/ReferenceSamples/giab/data/ChineseTrio/HG005_NA24631_son/UCSC_Ultralong_OxfordNanopore_Promethion/HG005_GRCh37_ONT-UL_UCSC_20200109.phased.bam,ONT,bam,HG005_GRCh37_ONT-UL_UCSC_20200109.phased.bam.bai,179.59,/giab/ftp/data/ChineseTrio/HG005_NA24631_son/UCSC_Ultralong_OxfordNanopore_Promethion/README_ONT-UL_UCSC_HG005.md,HG005,SAMN03283350,HAN_CHINESE,NA24631,"When multiple Readme's are present, they might not always be relevant.",minimap2,2.17-r941,1.6,coordinate,NA,20200109
39f35d45a6bb1206e3aa1ad580a61c38,/giab/ftp/data/ChineseTrio/HG005_NA24631_son/UCSC_Ultralong_OxfordNanopore_Promethion,https://ftp-trace.ncbi.nlm.nih.gov/ReferenceSamples/giab/data/ChineseTrio/HG005_NA24631_son/UCSC_Ultralong_OxfordNanopore_Promethion/HG005_GRCh38_ONT-UL_UCSC_20200109.phased.bam,ONT,bam,HG005_GRCh38_ONT-UL_UCSC_20200109.phased.bam.bai,181.2,/giab/ftp/data/ChineseTrio/HG005_NA24631_son/UCSC_Ultralong_OxfordNanopore_Promethion/README_ONT-UL_UCSC_HG005.md,HG005,SAMN03283350,HAN_CHINESE,NA24631,"When multiple Readme's are present, they might not always be relevant.",minimap2,2.17-r941,1.6,coordinate,NA,20200109
9af88eaa2e65701c07d48813c9c056d2,/giab/ftp/data/ChineseTrio/HG006_NA24694-huCA017E_father/NA24694_Father_HiSeq100x/NHGRI_Illumina100X_Chinesetrio_novoalign_bams,https://ftp-trace.ncbi.nlm.nih.gov/ReferenceSamples/giab/data/ChineseTrio/HG006_NA24694-huCA017E_father/NA24694_Father_HiSeq100x/NHGRI_Illumina100X_Chinesetrio_novoalign_bams/HG006.GRCh38_full_plus_hs38d1_analysis_set_minus_alts.100x.bam,Illumina,bam,HG006.GRCh38_full_plus_hs38d1_analysis_set_minus_alts.100x.bam.bai,218.61,/giab/ftp/data/ChineseTrio/HG006_NA24694-huCA017E_father/NA24694_Father_HiSeq100x/NHGRI_Illumina100X_Chinesetrio_novoalign_bams/README,HG006,SAMN03283348,HAN_CHINESE,NA24694,"When multiple Readme's are present, they might not always be relevant.",novoalign,V3.02.07,1,unsorted,NA,NA
508906b18d68f26aa2f8138fef41f7a6,/giab/ftp/data/ChineseTrio/HG006_NA24694-huCA017E_father/NA24694_Father_HiSeq100x/NHGRI_Illumina100X_Chinesetrio_novoalign_bams,https://ftp-trace.ncbi.nlm.nih.gov/ReferenceSamples/giab/data/ChineseTrio/HG006_NA24694-huCA017E_father/NA24694_Father_HiSeq100x/NHGRI_Illumina100X_Chinesetrio_novoalign_bams/HG006.hs37d5.100x.bam,Illumina,bam,HG006.hs37d5.100x.bam.bai,218.19,/giab/ftp/data/ChineseTrio/HG006_NA24694-huCA017E_father/NA24694_Father_HiSeq100x/NHGRI_Illumina100X_Chinesetrio_novoalign_bams/README,HG006,SAMN03283348,HAN_CHINESE,NA24694,"When multiple Readme's are present, they might not always be relevant.",novoalign,V3.02.07,1,unsorted,NA,NA
1a2a69775e01a26d8618ab34432ba08e,/giab/ftp/data/ChineseTrio/HG006_NA24694-huCA017E_father/NIST_Stanford_Illumina_6kb_matepair/bams,https://ftp-trace.ncbi.nlm.nih.gov/ReferenceSamples/giab/data/ChineseTrio/HG006_NA24694-huCA017E_father/NIST_Stanford_Illumina_6kb_matepair/bams/HG006.mate_pair.sorted.bam,Illumina,bam,HG006.mate_pair.sorted.bam.bai,35.58,/giab/ftp/data/ChineseTrio/HG006_NA24694-huCA017E_father/NIST_Stanford_Illumina_6kb_matepair/README.NIST_Stanford_Illumina_6kb_matepair,HG006,SAMN03283348,HAN_CHINESE,NA24694,"When multiple Readme's are present, they might not always be relevant.",bwa,0.7.7-r441,1.3,coordinate,NA,NA
a8632a504bd57c88e7e37c8c0eeb17c1,/giab/ftp/data/ChineseTrio/HG006_NA24694-huCA017E_father/NIST_Stanford_Illumina_6kb_matepair/bams/GRCh38,https://ftp-trace.ncbi.nlm.nih.gov/ReferenceSamples/giab/data/ChineseTrio/HG006_NA24694-huCA017E_father/NIST_Stanford_Illumina_6kb_matepair/bams/GRCh38/HG006.sorted.bam,Illumina,bam,HG006.sorted.bam.bai,36.31,Not available in parent or current directory,HG006,SAMN03283348,HAN_CHINESE,NA24694,"When multiple Readme's are present, they might not always be relevant.",bwa,0.7.13-r1126,1.3,coordinate,GRCh38,NA
ea43f51b4e52911ad97516935228fb8a,/giab/ftp/data/ChineseTrio/HG006_NA24694-huCA017E_father/PacBio_CCS_15kb_20kb_chemistry2/CHM13v2.0/GIAB_5mC_CpG,https://ftp-trace.ncbi.nlm.nih.gov/ReferenceSamples/giab/data/ChineseTrio/HG006_NA24694-huCA017E_father/PacBio_CCS_15kb_20kb_chemistry2/CHM13v2.0/GIAB_5mC_CpG/HG006.chm13.deepvariant.haplotagged.bam,PACBIO,bam,HG006.chm13.deepvariant.haplotagged.bam.bai,92.5,Not available in parent or current directory,HG006,SAMN03283348,HAN_CHINESE,NA24694,"When multiple Readme's are present, they might not always be relevant.",pbmm2,1.4.0 (commit 1.4.0),1.5,coordinate,NA,NA
0120442057987f5fe0dfb618818bf44b,/giab/ftp/data/ChineseTrio/HG006_NA24694-huCA017E_father/PacBio_CCS_15kb_20kb_chemistry2/GRCh38/GIAB_5mC_CpG,https://ftp-trace.ncbi.nlm.nih.gov/ReferenceSamples/giab/data/ChineseTrio/HG006_NA24694-huCA017E_father/PacBio_CCS_15kb_20kb_chemistry2/GRCh38/GIAB_5mC_CpG/HG006.GRCh38.deepvariant.haplotagged.bam,PACBIO,bam,HG006.GRCh38.deepvariant.haplotagged.bam.bai,96.6,Not available in parent or current directory,HG006,SAMN03283348,HAN_CHINESE,NA24694,"When multiple Readme's are present, they might not always be relevant.",pbmm2,1.4.0 (commit 1.4.0),1.5,coordinate,GRCh38,NA
0dd60cdefbf4c03ad6579822edd5f8af,/giab/ftp/data/ChineseTrio/HG006_NA24694-huCA017E_father/PacBio_MtSinai/PacBio_minimap2_bam,https://ftp-trace.ncbi.nlm.nih.gov/ReferenceSamples/giab/data/ChineseTrio/HG006_NA24694-huCA017E_father/PacBio_MtSinai/PacBio_minimap2_bam/HG006_PacBio_GRCh37.bam,PACBIO,bam,HG006_PacBio_GRCh37.bam.bai,44.52,/giab/ftp/data/ChineseTrio/HG006_NA24694-huCA017E_father/PacBio_MtSinai/PacBio_minimap2_bam/README.txt,HG006,SAMN03283348,HAN_CHINESE,NA24694,"When multiple Readme's are present, they might not always be relevant.",minimap2,2.11-r797,1.3,coordinate,NA,NA
3b3a01948bcba3139cabe7a35334f7bf,/giab/ftp/data/ChineseTrio/HG006_NA24694-huCA017E_father/PacBio_MtSinai/PacBio_minimap2_bam,https://ftp-trace.ncbi.nlm.nih.gov/ReferenceSamples/giab/data/ChineseTrio/HG006_NA24694-huCA017E_father/PacBio_MtSinai/PacBio_minimap2_bam/HG006_PacBio_GRCh38.bam,PACBIO,bam,HG006_PacBio_GRCh38.bam.bai,44.06,/giab/ftp/data/ChineseTrio/HG006_NA24694-huCA017E_father/PacBio_MtSinai/PacBio_minimap2_bam/README.txt,HG006,SAMN03283348,HAN_CHINESE,NA24694,"When multiple Readme's are present, they might not always be relevant.",minimap2,2.11-r797,1.3,coordinate,NA,NA
9275aa545df93d6dda07356f26b49135,/giab/ftp/data/ChineseTrio/HG006_NA24694-huCA017E_father/UCSC_Ultralong_OxfordNanopore_Promethion,https://ftp-trace.ncbi.nlm.nih.gov/ReferenceSamples/giab/data/ChineseTrio/HG006_NA24694-huCA017E_father/UCSC_Ultralong_OxfordNanopore_Promethion/HG006_GRCh37_ONT-UL_UCSC_20200109.phased.bam,ONT,bam,HG006_GRCh37_ONT-UL_UCSC_20200109.phased.bam.bai,160.01,/giab/ftp/data/ChineseTrio/HG006_NA24694-huCA017E_father/UCSC_Ultralong_OxfordNanopore_Promethion/README_ONT-UL_UCSC_HG006.md,HG006,SAMN03283348,HAN_CHINESE,NA24694,"When multiple Readme's are present, they might not always be relevant.",minimap2,2.17-r941,1.6,coordinate,NA,20200109
ed8438469cf7f62c0a871499875b1295,/giab/ftp/data/ChineseTrio/HG006_NA24694-huCA017E_father/UCSC_Ultralong_OxfordNanopore_Promethion,https://ftp-trace.ncbi.nlm.nih.gov/ReferenceSamples/giab/data/ChineseTrio/HG006_NA24694-huCA017E_father/UCSC_Ultralong_OxfordNanopore_Promethion/HG006_GRCh38_ONT-UL_UCSC_20200109.phased.bam,ONT,bam,HG006_GRCh38_ONT-UL_UCSC_20200109.phased.bam.bai,161.12,/giab/ftp/data/ChineseTrio/HG006_NA24694-huCA017E_father/UCSC_Ultralong_OxfordNanopore_Promethion/README_ONT-UL_UCSC_HG006.md,HG006,SAMN03283348,HAN_CHINESE,NA24694,"When multiple Readme's are present, they might not always be relevant.",minimap2,2.17-r941,1.6,coordinate,NA,20200109
f317466164eae2d8d7f848d1c0686126,/giab/ftp/data/ChineseTrio/HG007_NA24695-hu38168_mother/NA24695_Mother_HiSeq100x/NHGRI_Illumina100X_Chinesetrio_novoalign_bams,https://ftp-trace.ncbi.nlm.nih.gov/ReferenceSamples/giab/data/ChineseTrio/HG007_NA24695-hu38168_mother/NA24695_Mother_HiSeq100x/NHGRI_Illumina100X_Chinesetrio_novoalign_bams/HG007.GRCh38_full_plus_hs38d1_analysis_set_minus_alts.100x.bam,Illumina,bam,HG007.GRCh38_full_plus_hs38d1_analysis_set_minus_alts.100x.bam.bai,227.45,/giab/ftp/data/ChineseTrio/HG007_NA24695-hu38168_mother/NA24695_Mother_HiSeq100x/NHGRI_Illumina100X_Chinesetrio_novoalign_bams/README,HG007,SAMN03283349,HAN_CHINESE,NA24695,"When multiple Readme's are present, they might not always be relevant.",novoalign,V3.02.07,1,unsorted,NA,NA
f0638e89e5307fb885b9f14dce284f9f,/giab/ftp/data/ChineseTrio/HG007_NA24695-hu38168_mother/NA24695_Mother_HiSeq100x/NHGRI_Illumina100X_Chinesetrio_novoalign_bams,https://ftp-trace.ncbi.nlm.nih.gov/ReferenceSamples/giab/data/ChineseTrio/HG007_NA24695-hu38168_mother/NA24695_Mother_HiSeq100x/NHGRI_Illumina100X_Chinesetrio_novoalign_bams/HG007.hs37d5.100x.bam,Illumina,bam,HG007.hs37d5.100x.bam.bai,227.13,/giab/ftp/data/ChineseTrio/HG007_NA24695-hu38168_mother/NA24695_Mother_HiSeq100x/NHGRI_Illumina100X_Chinesetrio_novoalign_bams/README,HG007,SAMN03283349,HAN_CHINESE,NA24695,"When multiple Readme's are present, they might not always be relevant.",novoalign,V3.02.07,1,unsorted,NA,NA
f4e765afa04d4d4390cc20cc1ee69b69,/giab/ftp/data/ChineseTrio/HG007_NA24695-hu38168_mother/NIST_Stanford_Illumina_6kb_matepair/bams,https://ftp-trace.ncbi.nlm.nih.gov/ReferenceSamples/giab/data/ChineseTrio/HG007_NA24695-hu38168_mother/NIST_Stanford_Illumina_6kb_matepair/bams/HG007.mate_pair.sorted.bam,Illumina,bam,HG007.mate_pair.sorted.bam.bai,33.81,/giab/ftp/data/ChineseTrio/HG007_NA24695-hu38168_mother/NIST_Stanford_Illumina_6kb_matepair/README.NIST_Stanford_Illumina_6kb_matepair,HG007,SAMN03283349,HAN_CHINESE,NA24695,"When multiple Readme's are present, they might not always be relevant.",bwa,0.7.7-r441,1.3,coordinate,NA,NA
9433abd1648d0a2e21e6ee3e1dfcd8b9,/giab/ftp/data/ChineseTrio/HG007_NA24695-hu38168_mother/NIST_Stanford_Illumina_6kb_matepair/bams/GRCh38,https://ftp-trace.ncbi.nlm.nih.gov/ReferenceSamples/giab/data/ChineseTrio/HG007_NA24695-hu38168_mother/NIST_Stanford_Illumina_6kb_matepair/bams/GRCh38/HG007.sorted.bam,Illumina,bam,HG007.sorted.bam.bai,34.5,Not available in parent or current directory,HG007,SAMN03283349,HAN_CHINESE,NA24695,"When multiple Readme's are present, they might not always be relevant.",bwa,0.7.13-r1126,1.3,coordinate,GRCh38,NA
93b971e3b64074c3564d35226070fdd6,/giab/ftp/data/ChineseTrio/HG007_NA24695-hu38168_mother/PacBio_CCS_15kb_20kb_chemistry2/CHM13v2.0/GIAB_5mC_CpG,https://ftp-trace.ncbi.nlm.nih.gov/ReferenceSamples/giab/data/ChineseTrio/HG007_NA24695-hu38168_mother/PacBio_CCS_15kb_20kb_chemistry2/CHM13v2.0/GIAB_5mC_CpG/HG007.chm13.deepvariant.haplotagged.bam,PACBIO,bam,HG007.chm13.deepvariant.haplotagged.bam.bai,91.66,Not available in parent or current directory,HG007,SAMN03283349,HAN_CHINESE,NA24695,"When multiple Readme's are present, they might not always be relevant.",pbmm2,1.4.0 (commit 1.4.0),1.5,coordinate,NA,NA
36b1cce07ab8c0db195fa23f5bfe3694,/giab/ftp/data/ChineseTrio/HG007_NA24695-hu38168_mother/PacBio_CCS_15kb_20kb_chemistry2/GRCh38/GIAB_5mC_CpG,https://ftp-trace.ncbi.nlm.nih.gov/ReferenceSamples/giab/data/ChineseTrio/HG007_NA24695-hu38168_mother/PacBio_CCS_15kb_20kb_chemistry2/GRCh38/GIAB_5mC_CpG/HG007.GRCh38.deepvariant.haplotagged.bam,PACBIO,bam,HG007.GRCh38.deepvariant.haplotagged.bam.bai,95.18,Not available in parent or current directory,HG007,SAMN03283349,HAN_CHINESE,NA24695,"When multiple Readme's are present, they might not always be relevant.",pbmm2,1.4.0 (commit 1.4.0),1.5,coordinate,GRCh38,NA
8d878ea8da5c535e3ea92a02b1690a96,/giab/ftp/data/ChineseTrio/HG007_NA24695-hu38168_mother/PacBio_MtSinai/PacBio_minimap2_bam,https://ftp-trace.ncbi.nlm.nih.gov/ReferenceSamples/giab/data/ChineseTrio/HG007_NA24695-hu38168_mother/PacBio_MtSinai/PacBio_minimap2_bam/HG007_PacBio_GRCh37.bam,PACBIO,bam,HG007_PacBio_GRCh37.bam.bai,45.46,/giab/ftp/data/ChineseTrio/HG007_NA24695-hu38168_mother/PacBio_MtSinai/PacBio_minimap2_bam/README.txt,HG007,SAMN03283349,HAN_CHINESE,NA24695,"When multiple Readme's are present, they might not always be relevant.",minimap2,2.11-r797,1.3,coordinate,NA,NA
4aaca145e46bf2970c6e9c7fd8a3df23,/giab/ftp/data/ChineseTrio/HG007_NA24695-hu38168_mother/PacBio_MtSinai/PacBio_minimap2_bam,https://ftp-trace.ncbi.nlm.nih.gov/ReferenceSamples/giab/data/ChineseTrio/HG007_NA24695-hu38168_mother/PacBio_MtSinai/PacBio_minimap2_bam/HG007_PacBio_GRCh38.bam,PACBIO,bam,HG007_PacBio_GRCh38.bam.bai,44.96,/giab/ftp/data/ChineseTrio/HG007_NA24695-hu38168_mother/PacBio_MtSinai/PacBio_minimap2_bam/README.txt,HG007,SAMN03283349,HAN_CHINESE,NA24695,"When multiple Readme's are present, they might not always be relevant.",minimap2,2.11-r797,1.3,coordinate,NA,NA
75899861fee716f0aee04cfe5b17c632,/giab/ftp/data/ChineseTrio/HG007_NA24695-hu38168_mother/UCSC_Ultralong_OxfordNanopore_Promethion,https://ftp-trace.ncbi.nlm.nih.gov/ReferenceSamples/giab/data/ChineseTrio/HG007_NA24695-hu38168_mother/UCSC_Ultralong_OxfordNanopore_Promethion/HG007_GRCh37_ONT-UL_UCSC_20200109.phased.bam,ONT,bam,HG007_GRCh37_ONT-UL_UCSC_20200109.phased.bam.bai,129.92,/giab/ftp/data/ChineseTrio/HG007_NA24695-hu38168_mother/UCSC_Ultralong_OxfordNanopore_Promethion/README_ONT-UL_UCSC_HG007.md,HG007,SAMN03283349,HAN_CHINESE,NA24695,"When multiple Readme's are present, they might not always be relevant.",minimap2,2.17-r941,1.6,coordinate,NA,20200109
5b3cf81a226d8727790130b9b3e8cdb3,/giab/ftp/data/ChineseTrio/HG007_NA24695-hu38168_mother/UCSC_Ultralong_OxfordNanopore_Promethion,https://ftp-trace.ncbi.nlm.nih.gov/ReferenceSamples/giab/data/ChineseTrio/HG007_NA24695-hu38168_mother/UCSC_Ultralong_OxfordNanopore_Promethion/HG007_GRCh38_ONT-UL_UCSC_20200109.phased.bam,ONT,bam,HG007_GRCh38_ONT-UL_UCSC_20200109.phased.bam.bai,130.93,/giab/ftp/data/ChineseTrio/HG007_NA24695-hu38168_mother/UCSC_Ultralong_OxfordNanopore_Promethion/README_ONT-UL_UCSC_HG007.md,HG007,SAMN03283349,HAN_CHINESE,NA24695,"When multiple Readme's are present, they might not always be relevant.",minimap2,2.17-r941,1.6,coordinate,NA,20200109
da4c2d34a1d60068f57af899ff376bb2,/giab/ftp/data/NA12878/10Xgenomics_ChromiumGenome_LongRanger2.1_09302016/NA12878_GRCh38,https://ftp-trace.ncbi.nlm.nih.gov/ReferenceSamples/giab/data/NA12878/10Xgenomics_ChromiumGenome_LongRanger2.1_09302016/NA12878_GRCh38/NA12878_GRCh38_phased_possorted_bam.bam,10XGenomics,bam,NA12878_GRCh38_phased_possorted_bam.bam.bai,180.04,/giab/ftp/data/NA12878/10Xgenomics_ChromiumGenome_LongRanger2.1_09302016/README,HG001,SAMN03492678,NA12878,NA12878,"When multiple Readme's are present, they might not always be relevant.",longranger,1015.9.1,1.3,coordinate,NA,9302016
b78877d17f16243e668318616d538096,/giab/ftp/data/NA12878/10Xgenomics_ChromiumGenome_LongRanger2.1_09302016/NA12878_hg19,https://ftp-trace.ncbi.nlm.nih.gov/ReferenceSamples/giab/data/NA12878/10Xgenomics_ChromiumGenome_LongRanger2.1_09302016/NA12878_hg19/NA12878_hg19_phased_possorted_bam.bam,10XGenomics,bam,NA12878_hg19_phased_possorted_bam.bam.bai,179.89,/giab/ftp/data/NA12878/10Xgenomics_ChromiumGenome_LongRanger2.1_09302016/README,HG001,SAMN03492678,NA12878,NA12878,"When multiple Readme's are present, they might not always be relevant.",longranger,1015.9.1,1.3,coordinate,NA,9302016
ac0b87a10c70a8ab9bb39e16c58e5e6a,/giab/ftp/data/NA12878/analysis/PacBio_CCS_15kb_20kb_chemistry2_042021,https://ftp-trace.ncbi.nlm.nih.gov/ReferenceSamples/giab/data/NA12878/analysis/PacBio_CCS_15kb_20kb_chemistry2_042021/HG001.GRCh38.haplotagged.bam,PACBIO,bam,HG001.GRCh38.haplotagged.bam.bai,189.58,/giab/ftp/data/NA12878/analysis/PacBio_CCS_15kb_20kb_chemistry2_042021/README.md,HG001,SAMN03492678,NA12878,NA12878,"When multiple Readme's are present, they might not always be relevant.",pbmm2,1.5.0 (commit v1.5.0-1-gadeb061),1.10.2,coordinate,NA,42021
e737bba92952d951ab9381af31276501,/giab/ftp/data/NA12878/analysis/PacBio_CCS_15kb_20kb_chemistry2_042021,https://ftp-trace.ncbi.nlm.nih.gov/ReferenceSamples/giab/data/NA12878/analysis/PacBio_CCS_15kb_20kb_chemistry2_042021/HG001.hs37d5.haplotagged.bam,PACBIO,bam,HG001.hs37d5.haplotagged.bam.bai,193.74,/giab/ftp/data/NA12878/analysis/PacBio_CCS_15kb_20kb_chemistry2_042021/README.md,HG001,SAMN03492678,NA12878,NA12878,"When multiple Readme's are present, they might not always be relevant.",pbmm2,1.5.0 (commit v1.5.0-1-gadeb061),1.10.2,coordinate,NA,42021
0acfb1150d03339cfd6aeb6bff7a97cf,/giab/ftp/data/NA12878/NA12878_PacBio_MtSinai,https://ftp-trace.ncbi.nlm.nih.gov/ReferenceSamples/giab/data/NA12878/NA12878_PacBio_MtSinai/sorted_final_merged.bam,PACBIO,bam,sorted_final_merged.bam.bai,136.78,/giab/ftp/data/NA12878/NA12878_PacBio_MtSinai/README.txt,HG001,SAMN03492678,NA12878,NA12878,"When multiple Readme's are present, they might not always be relevant.",BLASR,1.3.2,1.4,coordinate,NA,NA
d6035cf0cb7077b128b812cb74390db4,/giab/ftp/data/NA12878/NIST_NA12878_HG001_HiSeq_300x/NHGRI_Illumina300X_novoalign_bams,https://ftp-trace.ncbi.nlm.nih.gov/ReferenceSamples/giab/data/NA12878/NIST_NA12878_HG001_HiSeq_300x/NHGRI_Illumina300X_novoalign_bams/HG001.GRCh38_full_plus_hs38d1_analysis_set_minus_alts.300x.bam,Illumina,bam,HG001.GRCh38_full_plus_hs38d1_analysis_set_minus_alts.300x.bam.bai,549.2,/giab/ftp/data/NA12878/NIST_NA12878_HG001_HiSeq_300x/NHGRI_Illumina300X_novoalign_bams/README,HG001,SAMN03492678,NA12878,NA12878,"When multiple Readme's are present, they might not always be relevant.",novoalign,V3.02.07,1,unsorted,NA,NA
596d3dc18f09f2489383cea72b5266ae,/giab/ftp/data/NA12878/NIST_NA12878_HG001_HiSeq_300x/NHGRI_Illumina300X_novoalign_bams,https://ftp-trace.ncbi.nlm.nih.gov/ReferenceSamples/giab/data/NA12878/NIST_NA12878_HG001_HiSeq_300x/NHGRI_Illumina300X_novoalign_bams/HG001.hs37d5.300x.bam,Illumina,bam,HG001.hs37d5.300x.bam.bai,548.22,/giab/ftp/data/NA12878/NIST_NA12878_HG001_HiSeq_300x/NHGRI_Illumina300X_novoalign_bams/README,HG001,SAMN03492678,NA12878,NA12878,"When multiple Readme's are present, they might not always be relevant.",novoalign,V3.02.07,1,unsorted,NA,NA
715fb975a73f67ab2c9b1e968e9d0fbf,/giab/ftp/data/NA12878/PacBio_SequelII_CCS_11kb,https://ftp-trace.ncbi.nlm.nih.gov/ReferenceSamples/giab/data/NA12878/PacBio_SequelII_CCS_11kb/HG001.SequelII.pbmm2.hs37d5.whatshap.haplotag.RTG.trio.bam,PACBIO,bam,HG001.SequelII.pbmm2.hs37d5.whatshap.haplotag.RTG.trio.bam.bai,55.52,/giab/ftp/data/NA12878/PacBio_SequelII_CCS_11kb/README.txt,HG001,SAMN03492678,NA12878,NA12878,"When multiple Readme's are present, they might not always be relevant.",pbmm2,1.0.0 (commit v1.0.0-12-g2ba95f5),1.5,coordinate,NA,NA
6fce6aefbf814f70bf457814c93f5c20,/giab/ftp/data/NA12878/PacBio_SequelII_CCS_11kb/HG001_GRCh38,https://ftp-trace.ncbi.nlm.nih.gov/ReferenceSamples/giab/data/NA12878/PacBio_SequelII_CCS_11kb/HG001_GRCh38/HG001_GRCh38.haplotag.RTG.trio.bam,PACBIO,bam,HG001_GRCh38.haplotag.RTG.trio.bam.bai,54.43,/giab/ftp/data/NA12878/PacBio_SequelII_CCS_11kb/HG001_GRCh38/README.txt,HG001,SAMN03492678,NA12878,NA12878,"When multiple Readme's are present, they might not always be relevant.",pbmm2,1.1.0 (commit v1.0.0-26-g46c7f20),1.9,coordinate,NA,NA
996cbd44b793f3153de6cbad6bd70b36,/giab/ftp/data/NA12878/Ultralong_OxfordNanopore,https://ftp-trace.ncbi.nlm.nih.gov/ReferenceSamples/giab/data/NA12878/Ultralong_OxfordNanopore/NA12878-minion-ul_GRCh37.bam,ONT,bam,NA12878-minion-ul_GRCh37.bam.bai,164.26,/giab/ftp/data/NA12878/Ultralong_OxfordNanopore/NA12878-minion-ul-README.txt,HG001,SAMN03492678,NA12878,NA12878,"When multiple Readme's are present, they might not always be relevant.",minimap2,2.17-r941,1.6,coordinate,NA,NA
6f237d3fc28f3068bf142acdb84e59ab,/giab/ftp/data/NA12878/Ultralong_OxfordNanopore,https://ftp-trace.ncbi.nlm.nih.gov/ReferenceSamples/giab/data/NA12878/Ultralong_OxfordNanopore/NA12878-minion-ul_GRCh38.bam,ONT,bam,NA12878-minion-ul_GRCh38.bam.bai,164.78,/giab/ftp/data/NA12878/Ultralong_OxfordNanopore/NA12878-minion-ul-README.txt,HG001,SAMN03492678,NA12878,NA12878,"When multiple Readme's are present, they might not always be relevant.",minimap2,2.17-r941,1.6,coordinate,NA,NA