giab_id,trio,technology,ref,coverage_estimate,PN,VN,hd_vn,filesize,filepath,filename,indexfile,readme
HG003,ASHKENAZI_JEWISH,10XGenomics,GRCh37,57,longranger,1016.1.5,1.3,169.6,https://ftp-trace.ncbi.nlm.nih.gov/ReferenceSamples/giab/data/AshkenazimTrio/analysis/10XGenomics_ChromiumGenome_LongRanger2.2_Supernova2.0.1_04122018/GRCh37/NA24149_NA24143_10X_70X,https://ftp-trace.ncbi.nlm.nih.gov/ReferenceSamples/giab/data/AshkenazimTrio/analysis/10XGenomics_ChromiumGenome_LongRanger2.2_Supernova2.0.1_04122018/GRCh37/NA24149_NA24143_10X_70X/HG003_10x_69x_RG_HP10xtrioRTG.bam,HG003_10x_69x_RG_HP10xtrioRTG.bam.bai,https://ftp-trace.ncbi.nlm.nih.gov/ReferenceSamples/giab/data/AshkenazimTrio/analysis/10XGenomics_ChromiumGenome_LongRanger2.2_Supernova2.0.1_04122018/GIAB_README.txt
HG004,ASHKENAZI_JEWISH,10XGenomics,GRCh37,56,longranger,1016.1.5,1.3,167.91,https://ftp-trace.ncbi.nlm.nih.gov/ReferenceSamples/giab/data/AshkenazimTrio/analysis/10XGenomics_ChromiumGenome_LongRanger2.2_Supernova2.0.1_04122018/GRCh37/NA24149_NA24143_10X_70X,https://ftp-trace.ncbi.nlm.nih.gov/ReferenceSamples/giab/data/AshkenazimTrio/analysis/10XGenomics_ChromiumGenome_LongRanger2.2_Supernova2.0.1_04122018/GRCh37/NA24149_NA24143_10X_70X/HG004_10x_71x_RG_HP10xtrioRTG.bam,HG004_10x_71x_RG_HP10xtrioRTG.bam.bai,https://ftp-trace.ncbi.nlm.nih.gov/ReferenceSamples/giab/data/AshkenazimTrio/analysis/10XGenomics_ChromiumGenome_LongRanger2.2_Supernova2.0.1_04122018/GIAB_README.txt
HG002,ASHKENAZI_JEWISH,10XGenomics,GRCh37,65,longranger,1016.1.5,1.3,193.96,https://ftp-trace.ncbi.nlm.nih.gov/ReferenceSamples/giab/data/AshkenazimTrio/analysis/10XGenomics_ChromiumGenome_LongRanger2.2_Supernova2.0.1_04122018/GRCh37/NA24385_300G,https://ftp-trace.ncbi.nlm.nih.gov/ReferenceSamples/giab/data/AshkenazimTrio/analysis/10XGenomics_ChromiumGenome_LongRanger2.2_Supernova2.0.1_04122018/GRCh37/NA24385_300G/HG002_10x_84x_RG_HP10xtrioRTG.bam,HG002_10x_84x_RG_HP10xtrioRTG.bam.bai,https://ftp-trace.ncbi.nlm.nih.gov/ReferenceSamples/giab/data/AshkenazimTrio/analysis/10XGenomics_ChromiumGenome_LongRanger2.2_Supernova2.0.1_04122018/GIAB_README.txt
HG002,ASHKENAZI_JEWISH,ILLUMINA,GRCh38,187,novoalign,V3.02.07,1.0,559.9,https://ftp-trace.ncbi.nlm.nih.gov/ReferenceSamples/giab/data/AshkenazimTrio/HG002_NA24385_son/NIST_HiSeq_HG002_Homogeneity-10953946/NHGRI_Illumina300X_AJtrio_novoalign_bams,https://ftp-trace.ncbi.nlm.nih.gov/ReferenceSamples/giab/data/AshkenazimTrio/HG002_NA24385_son/NIST_HiSeq_HG002_Homogeneity-10953946/NHGRI_Illumina300X_AJtrio_novoalign_bams/HG002.GRCh38.300x.bam,HG002.GRCh38.300x.bam.bai,https://ftp-trace.ncbi.nlm.nih.gov/ReferenceSamples/giab/data/AshkenazimTrio/HG002_NA24385_son/NIST_HiSeq_HG002_Homogeneity-10953946/NHGRI_Illumina300X_AJtrio_novoalign_bams/README_NHGRI_Novoalign_bams
HG002,ASHKENAZI_JEWISH,ILLUMINA,hs37d5,186,novoalign,V3.02.07,1.0,558.71,https://ftp-trace.ncbi.nlm.nih.gov/ReferenceSamples/giab/data/AshkenazimTrio/HG002_NA24385_son/NIST_HiSeq_HG002_Homogeneity-10953946/NHGRI_Illumina300X_AJtrio_novoalign_bams,https://ftp-trace.ncbi.nlm.nih.gov/ReferenceSamples/giab/data/AshkenazimTrio/HG002_NA24385_son/NIST_HiSeq_HG002_Homogeneity-10953946/NHGRI_Illumina300X_AJtrio_novoalign_bams/HG002.hs37d5.300x.bam,HG002.hs37d5.300x.bam.bai,https://ftp-trace.ncbi.nlm.nih.gov/ReferenceSamples/giab/data/AshkenazimTrio/HG002_NA24385_son/NIST_HiSeq_HG002_Homogeneity-10953946/NHGRI_Illumina300X_AJtrio_novoalign_bams/README_NHGRI_Novoalign_bams
HG002,ASHKENAZI_JEWISH,ILLUMINA,GRCh38,41,novoalign,V3.02.07,1.0,121.79,https://ftp-trace.ncbi.nlm.nih.gov/ReferenceSamples/giab/data/AshkenazimTrio/HG002_NA24385_son/NIST_Illumina_2x250bps/novoalign_bams,https://ftp-trace.ncbi.nlm.nih.gov/ReferenceSamples/giab/data/AshkenazimTrio/HG002_NA24385_son/NIST_Illumina_2x250bps/novoalign_bams/HG002.GRCh38.2x250.bam,HG002.GRCh38.2x250.bam.bai,https://ftp-trace.ncbi.nlm.nih.gov/ReferenceSamples/giab/data/AshkenazimTrio/HG002_NA24385_son/NIST_Illumina_2x250bps/novoalign_bams/README_update_feb2019
HG002,ASHKENAZI_JEWISH,ILLUMINA,hs37d5,41,novoalign,V3.02.07,1.0,121.59,https://ftp-trace.ncbi.nlm.nih.gov/ReferenceSamples/giab/data/AshkenazimTrio/HG002_NA24385_son/NIST_Illumina_2x250bps/novoalign_bams,https://ftp-trace.ncbi.nlm.nih.gov/ReferenceSamples/giab/data/AshkenazimTrio/HG002_NA24385_son/NIST_Illumina_2x250bps/novoalign_bams/HG002.hs37d5.2x250.bam,HG002.hs37d5.2x250.bam.bai,https://ftp-trace.ncbi.nlm.nih.gov/ReferenceSamples/giab/data/AshkenazimTrio/HG002_NA24385_son/NIST_Illumina_2x250bps/novoalign_bams/README_update_feb2019
HG002,ASHKENAZI_JEWISH,ILLUMINA,GRCh37,11,bwa,0.7.7-r441,1.3,33.64,https://ftp-trace.ncbi.nlm.nih.gov/ReferenceSamples/giab/data/AshkenazimTrio/HG002_NA24385_son/NIST_Stanford_Illumina_6kb_matepair/bams,https://ftp-trace.ncbi.nlm.nih.gov/ReferenceSamples/giab/data/AshkenazimTrio/HG002_NA24385_son/NIST_Stanford_Illumina_6kb_matepair/bams/HG002.mate_pair.sorted.bam,HG002.mate_pair.sorted.bam.bai,https://ftp-trace.ncbi.nlm.nih.gov/ReferenceSamples/giab/data/AshkenazimTrio/HG002_NA24385_son/NIST_Stanford_Illumina_6kb_matepair/README.NIST_Stanford_Illumina_6kb_matepair
HG002,ASHKENAZI_JEWISH,ILLUMINA,GRCh38,11,bwa,0.7.13-r1126,1.3,34.28,https://ftp-trace.ncbi.nlm.nih.gov/ReferenceSamples/giab/data/AshkenazimTrio/HG002_NA24385_son/NIST_Stanford_Illumina_6kb_matepair/bams/GRCh38,https://ftp-trace.ncbi.nlm.nih.gov/ReferenceSamples/giab/data/AshkenazimTrio/HG002_NA24385_son/NIST_Stanford_Illumina_6kb_matepair/bams/GRCh38/HG002.sorted.bam,HG002.sorted.bam.bai,https://ftp-trace.ncbi.nlm.nih.gov/ReferenceSamples/giab/data/AshkenazimTrio/HG002_NA24385_son/NIST_Stanford_Illumina_6kb_matepair/README.NIST_Stanford_Illumina_6kb_matepair
HG002,ASHKENAZI_JEWISH,PACBIO,hs37d5,19,pbmm2,0.10.0 (commit v0.9.0-25-g3cc3fd9),1.5,58.06,https://ftp-trace.ncbi.nlm.nih.gov/ReferenceSamples/giab/data/AshkenazimTrio/HG002_NA24385_son/PacBio_CCS_10kb/alignment,https://ftp-trace.ncbi.nlm.nih.gov/ReferenceSamples/giab/data/AshkenazimTrio/HG002_NA24385_son/PacBio_CCS_10kb/alignment/HG002.Sequel.10kb.pbmm2.hs37d5.whatshap.haplotag.RTG.10x.trio.bam,HG002.Sequel.10kb.pbmm2.hs37d5.whatshap.haplotag.RTG.10x.trio.bam.bai,https://ftp-trace.ncbi.nlm.nih.gov/ReferenceSamples/giab/data/AshkenazimTrio/HG002_NA24385_son/PacBio_CCS_10kb/alignment/README.txt
HG002,ASHKENAZI_JEWISH,PACBIO,GRCh38,19,pbmm2,1.1.0 (commit v1.0.0-38-g46b3940),1.5,58.41,https://ftp-trace.ncbi.nlm.nih.gov/ReferenceSamples/giab/data/AshkenazimTrio/HG002_NA24385_son/PacBio_CCS_10kb/GRCh38_no_alt_analysis,https://ftp-trace.ncbi.nlm.nih.gov/ReferenceSamples/giab/data/AshkenazimTrio/HG002_NA24385_son/PacBio_CCS_10kb/GRCh38_no_alt_analysis/HG002.10kb.Sequel.pbmm2.GRCh38.whatshap.haplotag.RTG.10x.trio.bam,HG002.10kb.Sequel.pbmm2.GRCh38.whatshap.haplotag.RTG.10x.trio.bam.bai,https://ftp-trace.ncbi.nlm.nih.gov/ReferenceSamples/giab/data/AshkenazimTrio/HG002_NA24385_son/PacBio_CCS_10kb/GRCh38_no_alt_analysis/README.txt
HG002,ASHKENAZI_JEWISH,PACBIO,hs37d5,21,pbmm2,0.10.0 (commit v0.10.0),1.5,62.58,https://ftp-trace.ncbi.nlm.nih.gov/ReferenceSamples/giab/data/AshkenazimTrio/HG002_NA24385_son/PacBio_CCS_15kb/alignment,https://ftp-trace.ncbi.nlm.nih.gov/ReferenceSamples/giab/data/AshkenazimTrio/HG002_NA24385_son/PacBio_CCS_15kb/alignment/HG002.Sequel.15kb.pbmm2.hs37d5.whatshap.haplotag.RTG.10x.trio.bam,HG002.Sequel.15kb.pbmm2.hs37d5.whatshap.haplotag.RTG.10x.trio.bam.bai,https://ftp-trace.ncbi.nlm.nih.gov/ReferenceSamples/giab/data/AshkenazimTrio/HG002_NA24385_son/PacBio_CCS_15kb/alignment/README.txt
HG002,ASHKENAZI_JEWISH,PACBIO,GRCh38,21,pbmm2,1.1.0 (commit v1.0.0-38-g46b3940),1.5,63.59,https://ftp-trace.ncbi.nlm.nih.gov/ReferenceSamples/giab/data/AshkenazimTrio/HG002_NA24385_son/PacBio_CCS_15kb/GRCh38_no_alt_analysis,https://ftp-trace.ncbi.nlm.nih.gov/ReferenceSamples/giab/data/AshkenazimTrio/HG002_NA24385_son/PacBio_CCS_15kb/GRCh38_no_alt_analysis/HG002.15kb.Sequel.pbmm2.GRCh38.whatshap.haplotag.RTG.10x.trio.bam,HG002.15kb.Sequel.pbmm2.GRCh38.whatshap.haplotag.RTG.10x.trio.bam.bai,https://ftp-trace.ncbi.nlm.nih.gov/ReferenceSamples/giab/data/AshkenazimTrio/HG002_NA24385_son/PacBio_CCS_15kb/GRCh38_no_alt_analysis/README.txt
HG002,ASHKENAZI_JEWISH,PACBIO,GRCh37,38,pbmm2,1.1.0 (commit v1.1.0-1-g69ea657),1.5,113.89,https://ftp-trace.ncbi.nlm.nih.gov/ReferenceSamples/giab/data/AshkenazimTrio/HG002_NA24385_son/PacBio_CCS_15kb_20kb_chemistry2/GRCh37,https://ftp-trace.ncbi.nlm.nih.gov/ReferenceSamples/giab/data/AshkenazimTrio/HG002_NA24385_son/PacBio_CCS_15kb_20kb_chemistry2/GRCh37/HG002.SequelII.merged_15kb_20kb.pbmm2.hs37d5.haplotag.RTG.10x.trio.bam,HG002.SequelII.merged_15kb_20kb.pbmm2.hs37d5.haplotag.RTG.10x.trio.bam.bai,"https://ftp-trace.ncbi.nlm.nih.gov/ReferenceSamples/giab/data/AshkenazimTrio/HG002_NA24385_son/PacBio_CCS_15kb_20kb_chemistry2/GRCh37/README.giab_uploadedbams_UCSD_duplomap,/giab/ftp/data/AshkenazimTrio/HG002_NA24385_son/PacBio_CCS_15kb_20kb_chemistry2/GRCh37/README.txt"
HG002,ASHKENAZI_JEWISH,PACBIO,GRCh38,37,pbmm2,1.2.0 (commit SL-release-8.0.0+1-41-g2ef5f2b),1.5,111.57,https://ftp-trace.ncbi.nlm.nih.gov/ReferenceSamples/giab/data/AshkenazimTrio/HG002_NA24385_son/PacBio_CCS_15kb_20kb_chemistry2/GRCh38,https://ftp-trace.ncbi.nlm.nih.gov/ReferenceSamples/giab/data/AshkenazimTrio/HG002_NA24385_son/PacBio_CCS_15kb_20kb_chemistry2/GRCh38/HG002.SequelII.merged_15kb_20kb.pbmm2.GRCh38.haplotag.10x.bam,HG002.SequelII.merged_15kb_20kb.pbmm2.GRCh38.haplotag.10x.bam.bai,"https://ftp-trace.ncbi.nlm.nih.gov/ReferenceSamples/giab/data/AshkenazimTrio/HG002_NA24385_son/PacBio_CCS_15kb_20kb_chemistry2/GRCh38/README.giab_uploadedbams_UCSD_duplomap,/giab/ftp/data/AshkenazimTrio/HG002_NA24385_son/PacBio_CCS_15kb_20kb_chemistry2/GRCh38/README.txt"
HG002,ASHKENAZI_JEWISH,PACBIO,hs37d5,22,pbmm2,1.0.0 (commit v0.12.0-9-g6558442),1.5,66.1,https://ftp-trace.ncbi.nlm.nih.gov/ReferenceSamples/giab/data/AshkenazimTrio/HG002_NA24385_son/PacBio_SequelII_CCS_11kb,https://ftp-trace.ncbi.nlm.nih.gov/ReferenceSamples/giab/data/AshkenazimTrio/HG002_NA24385_son/PacBio_SequelII_CCS_11kb/HG002.SequelII.pbmm2.hs37d5.whatshap.haplotag.RTG.10x.trio.bam,HG002.SequelII.pbmm2.hs37d5.whatshap.haplotag.RTG.10x.trio.bam.bai,https://ftp-trace.ncbi.nlm.nih.gov/ReferenceSamples/giab/data/AshkenazimTrio/HG002_NA24385_son/PacBio_SequelII_CCS_11kb/README.txt
HG002,ASHKENAZI_JEWISH,PACBIO,GRCh38,21,pbmm2,1.1.0 (commit v1.1.0),1.9,64.39,https://ftp-trace.ncbi.nlm.nih.gov/ReferenceSamples/giab/data/AshkenazimTrio/HG002_NA24385_son/PacBio_SequelII_CCS_11kb/HG002_GRCh38,https://ftp-trace.ncbi.nlm.nih.gov/ReferenceSamples/giab/data/AshkenazimTrio/HG002_NA24385_son/PacBio_SequelII_CCS_11kb/HG002_GRCh38/HG002_GRCh38.haplotag.10x.bam,HG002_GRCh38.haplotag.10x.bam.bai,https://ftp-trace.ncbi.nlm.nih.gov/ReferenceSamples/giab/data/AshkenazimTrio/HG002_NA24385_son/PacBio_SequelII_CCS_11kb/HG002_GRCh38/README.txt
HG002,ASHKENAZI_JEWISH,ONT,hs37d5,59,minimap2,2.17-r941,1.6,175.74,https://ftp-trace.ncbi.nlm.nih.gov/ReferenceSamples/giab/data/AshkenazimTrio/HG002_NA24385_son/UCSC_Ultralong_OxfordNanopore_Promethion,https://ftp-trace.ncbi.nlm.nih.gov/ReferenceSamples/giab/data/AshkenazimTrio/HG002_NA24385_son/UCSC_Ultralong_OxfordNanopore_Promethion/HG002_GRCh37_ONT-UL_UCSC_20200508.phased.bam,HG002_GRCh37_ONT-UL_UCSC_20200508.phased.bam.bai,https://ftp-trace.ncbi.nlm.nih.gov/ReferenceSamples/giab/data/AshkenazimTrio/HG002_NA24385_son/UCSC_Ultralong_OxfordNanopore_Promethion/README_ONT-UL_UCSC_HG002.md
HG002,ASHKENAZI_JEWISH,ONT,GRCh38,58,minimap2,2.17-r941,1.6,174.64,https://ftp-trace.ncbi.nlm.nih.gov/ReferenceSamples/giab/data/AshkenazimTrio/HG002_NA24385_son/UCSC_Ultralong_OxfordNanopore_Promethion,https://ftp-trace.ncbi.nlm.nih.gov/ReferenceSamples/giab/data/AshkenazimTrio/HG002_NA24385_son/UCSC_Ultralong_OxfordNanopore_Promethion/HG002_GRCh38_ONT-UL_UCSC_20200508.phased.bam,HG002_GRCh38_ONT-UL_UCSC_20200508.phased.bam.bai,https://ftp-trace.ncbi.nlm.nih.gov/ReferenceSamples/giab/data/AshkenazimTrio/HG002_NA24385_son/UCSC_Ultralong_OxfordNanopore_Promethion/README_ONT-UL_UCSC_HG002.md
HG002,ASHKENAZI_JEWISH,ONT,GRCh38,62,minimap2,2.17-r941,1.6,186.78,https://ftp-trace.ncbi.nlm.nih.gov/ReferenceSamples/giab/data/AshkenazimTrio/HG002_NA24385_son/Ultralong_OxfordNanopore/guppy-V3.4.5,https://ftp-trace.ncbi.nlm.nih.gov/ReferenceSamples/giab/data/AshkenazimTrio/HG002_NA24385_son/Ultralong_OxfordNanopore/guppy-V3.4.5/HG002_GRCh38_ONT-UL_GIAB_20200204.bam,HG002_GRCh38_ONT-UL_GIAB_20200204.bam.bai,https://ftp-trace.ncbi.nlm.nih.gov/ReferenceSamples/giab/data/AshkenazimTrio/HG002_NA24385_son/Ultralong_OxfordNanopore/guppy-V3.4.5/README_ONT-UL_GIAB_HG002.md
HG002,ASHKENAZI_JEWISH,ONT,hs37d5,63,minimap2,2.17-r941,1.6,187.91,https://ftp-trace.ncbi.nlm.nih.gov/ReferenceSamples/giab/data/AshkenazimTrio/HG002_NA24385_son/Ultralong_OxfordNanopore/guppy-V3.4.5,https://ftp-trace.ncbi.nlm.nih.gov/ReferenceSamples/giab/data/AshkenazimTrio/HG002_NA24385_son/Ultralong_OxfordNanopore/guppy-V3.4.5/HG002_hs37d5_ONT-UL_GIAB_20200204.bam,HG002_hs37d5_ONT-UL_GIAB_20200204.bam.bai,https://ftp-trace.ncbi.nlm.nih.gov/ReferenceSamples/giab/data/AshkenazimTrio/HG002_NA24385_son/Ultralong_OxfordNanopore/guppy-V3.4.5/README_ONT-UL_GIAB_HG002.md
HG003,ASHKENAZI_JEWISH,ILLUMINA,GRCh38,190,novoalign,V3.02.07,1.0,569.05,https://ftp-trace.ncbi.nlm.nih.gov/ReferenceSamples/giab/data/AshkenazimTrio/HG003_NA24149_father/NIST_HiSeq_HG003_Homogeneity-12389378/NHGRI_Illumina300X_AJtrio_novoalign_bams,https://ftp-trace.ncbi.nlm.nih.gov/ReferenceSamples/giab/data/AshkenazimTrio/HG003_NA24149_father/NIST_HiSeq_HG003_Homogeneity-12389378/NHGRI_Illumina300X_AJtrio_novoalign_bams/HG003.GRCh38.300x.bam,HG003.GRCh38.300x.bam.bai,https://ftp-trace.ncbi.nlm.nih.gov/ReferenceSamples/giab/data/AshkenazimTrio/HG003_NA24149_father/NIST_HiSeq_HG003_Homogeneity-12389378/NHGRI_Illumina300X_AJtrio_novoalign_bams/README_NHGRI_Novoalign_bams
HG003,ASHKENAZI_JEWISH,ILLUMINA,hs37d5,178,novoalign,V3.02.07,1.0,535.33,https://ftp-trace.ncbi.nlm.nih.gov/ReferenceSamples/giab/data/AshkenazimTrio/HG003_NA24149_father/NIST_HiSeq_HG003_Homogeneity-12389378/NHGRI_Illumina300X_AJtrio_novoalign_bams,https://ftp-trace.ncbi.nlm.nih.gov/ReferenceSamples/giab/data/AshkenazimTrio/HG003_NA24149_father/NIST_HiSeq_HG003_Homogeneity-12389378/NHGRI_Illumina300X_AJtrio_novoalign_bams/HG003.hs37d5.300x.bam,HG003.hs37d5.300x.bam.bai,https://ftp-trace.ncbi.nlm.nih.gov/ReferenceSamples/giab/data/AshkenazimTrio/HG003_NA24149_father/NIST_HiSeq_HG003_Homogeneity-12389378/NHGRI_Illumina300X_AJtrio_novoalign_bams/README_NHGRI_Novoalign_bams
HG003,ASHKENAZI_JEWISH,ILLUMINA,GRCh38,37,novoalign,V3.02.07,1.0,109.86,https://ftp-trace.ncbi.nlm.nih.gov/ReferenceSamples/giab/data/AshkenazimTrio/HG003_NA24149_father/NIST_Illumina_2x250bps/novoalign_bams,https://ftp-trace.ncbi.nlm.nih.gov/ReferenceSamples/giab/data/AshkenazimTrio/HG003_NA24149_father/NIST_Illumina_2x250bps/novoalign_bams/HG003.GRCh38.2x250.bam,HG003.GRCh38.2x250.bam.bai,https://ftp-trace.ncbi.nlm.nih.gov/ReferenceSamples/giab/data/AshkenazimTrio/HG003_NA24149_father/NIST_Illumina_2x250bps/novoalign_bams/README
HG003,ASHKENAZI_JEWISH,ILLUMINA,hs37d5,37,novoalign,V3.02.07,1.0,109.7,https://ftp-trace.ncbi.nlm.nih.gov/ReferenceSamples/giab/data/AshkenazimTrio/HG003_NA24149_father/NIST_Illumina_2x250bps/novoalign_bams,https://ftp-trace.ncbi.nlm.nih.gov/ReferenceSamples/giab/data/AshkenazimTrio/HG003_NA24149_father/NIST_Illumina_2x250bps/novoalign_bams/HG003.hs37d5.2x250.bam,HG003.hs37d5.2x250.bam.bai,https://ftp-trace.ncbi.nlm.nih.gov/ReferenceSamples/giab/data/AshkenazimTrio/HG003_NA24149_father/NIST_Illumina_2x250bps/novoalign_bams/README
HG003,ASHKENAZI_JEWISH,ILLUMINA,GRCh37,11,bwa,0.7.7-r441,1.3,32.69,https://ftp-trace.ncbi.nlm.nih.gov/ReferenceSamples/giab/data/AshkenazimTrio/HG003_NA24149_father/NIST_Stanford_Illumina_6kb_matepair/bams,https://ftp-trace.ncbi.nlm.nih.gov/ReferenceSamples/giab/data/AshkenazimTrio/HG003_NA24149_father/NIST_Stanford_Illumina_6kb_matepair/bams/HG003.mate_pair.sorted.bam,HG003.mate_pair.sorted.bam.bai,https://ftp-trace.ncbi.nlm.nih.gov/ReferenceSamples/giab/data/AshkenazimTrio/HG003_NA24149_father/NIST_Stanford_Illumina_6kb_matepair/README.NIST_Stanford_Illumina_6kb_matepair
HG003,ASHKENAZI_JEWISH,ILLUMINA,GRCh38,11,bwa,0.7.12-r1044,1.3,33.3,https://ftp-trace.ncbi.nlm.nih.gov/ReferenceSamples/giab/data/AshkenazimTrio/HG003_NA24149_father/NIST_Stanford_Illumina_6kb_matepair/bams/GRCh38,https://ftp-trace.ncbi.nlm.nih.gov/ReferenceSamples/giab/data/AshkenazimTrio/HG003_NA24149_father/NIST_Stanford_Illumina_6kb_matepair/bams/GRCh38/HG003.sorted.bam,HG003.sorted.bam.bai,https://ftp-trace.ncbi.nlm.nih.gov/ReferenceSamples/giab/data/AshkenazimTrio/HG003_NA24149_father/NIST_Stanford_Illumina_6kb_matepair/README.NIST_Stanford_Illumina_6kb_matepair
HG003,ASHKENAZI_JEWISH,PACBIO,CHM13,31,pbmm2,1.4.0 (commit 1.4.0),1.5,92.95,https://ftp-trace.ncbi.nlm.nih.gov/ReferenceSamples/giab/data/AshkenazimTrio/HG003_NA24149_father/PacBio_CCS_15kb_20kb_chemistry2/CHM13v2.0/GIAB_5mC_CpG,https://ftp-trace.ncbi.nlm.nih.gov/ReferenceSamples/giab/data/AshkenazimTrio/HG003_NA24149_father/PacBio_CCS_15kb_20kb_chemistry2/CHM13v2.0/GIAB_5mC_CpG/HG003.chm13.deepvariant.haplotagged.bam,HG003.chm13.deepvariant.haplotagged.bam.bai,https://ftp-trace.ncbi.nlm.nih.gov/ReferenceSamples/giab/data/AshkenazimTrio/HG003_NA24149_father/PacBio_CCS_15kb_20kb_chemistry2/CHM13v2.0/GIAB_5mC_CpG/README.txt_02022023
HG003,ASHKENAZI_JEWISH,PACBIO,GRCh38,44,pbmm2,1.1.0 (commit SL-release-8.0.0),1.9,132.05,https://ftp-trace.ncbi.nlm.nih.gov/ReferenceSamples/giab/data/AshkenazimTrio/HG003_NA24149_father/PacBio_CCS_15kb_20kb_chemistry2/GRCh38,https://ftp-trace.ncbi.nlm.nih.gov/ReferenceSamples/giab/data/AshkenazimTrio/HG003_NA24149_father/PacBio_CCS_15kb_20kb_chemistry2/GRCh38/HG003.SequelII.merged_15kb_20kb.pbmm2.GRCh38.haplotag.10x.bam,HG003.SequelII.merged_15kb_20kb.pbmm2.GRCh38.haplotag.10x.bam.bai,https://ftp-trace.ncbi.nlm.nih.gov/ReferenceSamples/giab/data/AshkenazimTrio/HG003_NA24149_father/PacBio_CCS_15kb_20kb_chemistry2/GRCh38/README_HG003_GRCh38.md
HG003,ASHKENAZI_JEWISH,PACBIO,hs37d5,45,pbmm2,1.1.0 (commit SL-release-8.0.0),1.9,134.61,https://ftp-trace.ncbi.nlm.nih.gov/ReferenceSamples/giab/data/AshkenazimTrio/HG003_NA24149_father/PacBio_CCS_15kb_20kb_chemistry2/hs37d5,https://ftp-trace.ncbi.nlm.nih.gov/ReferenceSamples/giab/data/AshkenazimTrio/HG003_NA24149_father/PacBio_CCS_15kb_20kb_chemistry2/hs37d5/HG003.SequelII.merged_15kb_20kb.pbmm2.hs37d5.haplotag.RTG.10x.trio.bam,HG003.SequelII.merged_15kb_20kb.pbmm2.hs37d5.haplotag.RTG.10x.trio.bam.bai,https://ftp-trace.ncbi.nlm.nih.gov/ReferenceSamples/giab/data/AshkenazimTrio/HG003_NA24149_father/PacBio_CCS_15kb_20kb_chemistry2/hs37d5/README_HG003_hs37d5.md
HG003,ASHKENAZI_JEWISH,ONT,hs37d5,103,minimap2,2.17-r941,1.6,307.53,https://ftp-trace.ncbi.nlm.nih.gov/ReferenceSamples/giab/data/AshkenazimTrio/HG003_NA24149_father/UCSC_Ultralong_OxfordNanopore_Promethion,https://ftp-trace.ncbi.nlm.nih.gov/ReferenceSamples/giab/data/AshkenazimTrio/HG003_NA24149_father/UCSC_Ultralong_OxfordNanopore_Promethion/HG003_GRCh37_ONT-UL_UCSC_20200508.bam,HG003_GRCh37_ONT-UL_UCSC_20200508.bam.bai,https://ftp-trace.ncbi.nlm.nih.gov/ReferenceSamples/giab/data/AshkenazimTrio/HG003_NA24149_father/UCSC_Ultralong_OxfordNanopore_Promethion/README_ONT-UL_UCSC_HG003.md
HG003,ASHKENAZI_JEWISH,ONT,GRCh38,102,minimap2,2.17-r941,1.6,305.48,https://ftp-trace.ncbi.nlm.nih.gov/ReferenceSamples/giab/data/AshkenazimTrio/HG003_NA24149_father/UCSC_Ultralong_OxfordNanopore_Promethion,https://ftp-trace.ncbi.nlm.nih.gov/ReferenceSamples/giab/data/AshkenazimTrio/HG003_NA24149_father/UCSC_Ultralong_OxfordNanopore_Promethion/HG003_GRCh38_ONT-UL_UCSC_20200508.bam,HG003_GRCh38_ONT-UL_UCSC_20200508.bam.bai,https://ftp-trace.ncbi.nlm.nih.gov/ReferenceSamples/giab/data/AshkenazimTrio/HG003_NA24149_father/UCSC_Ultralong_OxfordNanopore_Promethion/README_ONT-UL_UCSC_HG003.md
HG004,ASHKENAZI_JEWISH,ILLUMINA,GRCh38,219,novoalign,V3.02.07,1.0,658.18,https://ftp-trace.ncbi.nlm.nih.gov/ReferenceSamples/giab/data/AshkenazimTrio/HG004_NA24143_mother/NIST_HiSeq_HG004_Homogeneity-14572558/NHGRI_Illumina300X_AJtrio_novoalign_bams,https://ftp-trace.ncbi.nlm.nih.gov/ReferenceSamples/giab/data/AshkenazimTrio/HG004_NA24143_mother/NIST_HiSeq_HG004_Homogeneity-14572558/NHGRI_Illumina300X_AJtrio_novoalign_bams/HG004.GRCh38.300x.bam,HG004.GRCh38.300x.bam.bai,https://ftp-trace.ncbi.nlm.nih.gov/ReferenceSamples/giab/data/AshkenazimTrio/HG004_NA24143_mother/NIST_HiSeq_HG004_Homogeneity-14572558/NHGRI_Illumina300X_AJtrio_novoalign_bams/README_NHGRI_Novoalign_bams
HG004,ASHKENAZI_JEWISH,ILLUMINA,hs37d5,219,novoalign,V3.02.07,1.0,657.16,https://ftp-trace.ncbi.nlm.nih.gov/ReferenceSamples/giab/data/AshkenazimTrio/HG004_NA24143_mother/NIST_HiSeq_HG004_Homogeneity-14572558/NHGRI_Illumina300X_AJtrio_novoalign_bams,https://ftp-trace.ncbi.nlm.nih.gov/ReferenceSamples/giab/data/AshkenazimTrio/HG004_NA24143_mother/NIST_HiSeq_HG004_Homogeneity-14572558/NHGRI_Illumina300X_AJtrio_novoalign_bams/HG004.hs37d5.300x.bam,HG004.hs37d5.300x.bam.bai,https://ftp-trace.ncbi.nlm.nih.gov/ReferenceSamples/giab/data/AshkenazimTrio/HG004_NA24143_mother/NIST_HiSeq_HG004_Homogeneity-14572558/NHGRI_Illumina300X_AJtrio_novoalign_bams/README_NHGRI_Novoalign_bams
HG004,ASHKENAZI_JEWISH,ILLUMINA,GRCh38,40,novoalign,V3.02.07,1.0,120.36,https://ftp-trace.ncbi.nlm.nih.gov/ReferenceSamples/giab/data/AshkenazimTrio/HG004_NA24143_mother/NIST_Illumina_2x250bps/novoalign_bams,https://ftp-trace.ncbi.nlm.nih.gov/ReferenceSamples/giab/data/AshkenazimTrio/HG004_NA24143_mother/NIST_Illumina_2x250bps/novoalign_bams/HG004.GRCh38.2x250.bam,HG004.GRCh38.2x250.bam.bai,https://ftp-trace.ncbi.nlm.nih.gov/ReferenceSamples/giab/data/AshkenazimTrio/HG004_NA24143_mother/NIST_Illumina_2x250bps/novoalign_bams/README
HG004,ASHKENAZI_JEWISH,ILLUMINA,hs37d5,40,novoalign,V3.02.07,1.0,120.21,https://ftp-trace.ncbi.nlm.nih.gov/ReferenceSamples/giab/data/AshkenazimTrio/HG004_NA24143_mother/NIST_Illumina_2x250bps/novoalign_bams,https://ftp-trace.ncbi.nlm.nih.gov/ReferenceSamples/giab/data/AshkenazimTrio/HG004_NA24143_mother/NIST_Illumina_2x250bps/novoalign_bams/HG004.hs37d5.2x250.bam,HG004.hs37d5.2x250.bam.bai,https://ftp-trace.ncbi.nlm.nih.gov/ReferenceSamples/giab/data/AshkenazimTrio/HG004_NA24143_mother/NIST_Illumina_2x250bps/novoalign_bams/README
HG004,ASHKENAZI_JEWISH,ILLUMINA,GRCh37,12,bwa,0.7.7-r441,1.3,35.04,https://ftp-trace.ncbi.nlm.nih.gov/ReferenceSamples/giab/data/AshkenazimTrio/HG004_NA24143_mother/NIST_Stanford_Illumina_6kb_matepair/bams,https://ftp-trace.ncbi.nlm.nih.gov/ReferenceSamples/giab/data/AshkenazimTrio/HG004_NA24143_mother/NIST_Stanford_Illumina_6kb_matepair/bams/HG004.mate_pair.sorted.bam,HG004.mate_pair.sorted.bam.bai,https://ftp-trace.ncbi.nlm.nih.gov/ReferenceSamples/giab/data/AshkenazimTrio/HG004_NA24143_mother/NIST_Stanford_Illumina_6kb_matepair/README.NIST_Stanford_Illumina_6kb_matepair
HG004,ASHKENAZI_JEWISH,ILLUMINA,GRCh38,12,bwa,0.7.13-r1126,1.3,35.66,https://ftp-trace.ncbi.nlm.nih.gov/ReferenceSamples/giab/data/AshkenazimTrio/HG004_NA24143_mother/NIST_Stanford_Illumina_6kb_matepair/bams/GRCh38,https://ftp-trace.ncbi.nlm.nih.gov/ReferenceSamples/giab/data/AshkenazimTrio/HG004_NA24143_mother/NIST_Stanford_Illumina_6kb_matepair/bams/GRCh38/HG004.sorted.bam,HG004.sorted.bam.bai,https://ftp-trace.ncbi.nlm.nih.gov/ReferenceSamples/giab/data/AshkenazimTrio/HG004_NA24143_mother/NIST_Stanford_Illumina_6kb_matepair/README.NIST_Stanford_Illumina_6kb_matepair
HG004,ASHKENAZI_JEWISH,PACBIO,CHM13,32,pbmm2,1.4.0 (commit 1.4.0),1.5,97.47,https://ftp-trace.ncbi.nlm.nih.gov/ReferenceSamples/giab/data/AshkenazimTrio/HG004_NA24143_mother/PacBio_CCS_15kb_20kb_chemistry2/CHM13v2.0/GIAB_5mC_CpG,https://ftp-trace.ncbi.nlm.nih.gov/ReferenceSamples/giab/data/AshkenazimTrio/HG004_NA24143_mother/PacBio_CCS_15kb_20kb_chemistry2/CHM13v2.0/GIAB_5mC_CpG/HG004.chm13.deepvariant.haplotagged.bam,HG004.chm13.deepvariant.haplotagged.bam.bai,Not available in parent or current directory
HG004,ASHKENAZI_JEWISH,PACBIO,GRCh38,44,pbmm2,1.1.0 (commit SL-release-8.0.0),1.9,133.01,https://ftp-trace.ncbi.nlm.nih.gov/ReferenceSamples/giab/data/AshkenazimTrio/HG004_NA24143_mother/PacBio_CCS_15kb_20kb_chemistry2/GRCh38,https://ftp-trace.ncbi.nlm.nih.gov/ReferenceSamples/giab/data/AshkenazimTrio/HG004_NA24143_mother/PacBio_CCS_15kb_20kb_chemistry2/GRCh38/HG004.SequelII.merged_15kb_20kb.pbmm2.GRCh38.haplotag.10x.bam,HG004.SequelII.merged_15kb_20kb.pbmm2.GRCh38.haplotag.10x.bam.bai,https://ftp-trace.ncbi.nlm.nih.gov/ReferenceSamples/giab/data/AshkenazimTrio/HG004_NA24143_mother/PacBio_CCS_15kb_20kb_chemistry2/GRCh38/README_HG004_GRCh38.md
HG004,ASHKENAZI_JEWISH,PACBIO,hs37d5,45,pbmm2,1.1.0 (commit SL-release-8.0.0),1.9,135.11,https://ftp-trace.ncbi.nlm.nih.gov/ReferenceSamples/giab/data/AshkenazimTrio/HG004_NA24143_mother/PacBio_CCS_15kb_20kb_chemistry2/hs37d5,https://ftp-trace.ncbi.nlm.nih.gov/ReferenceSamples/giab/data/AshkenazimTrio/HG004_NA24143_mother/PacBio_CCS_15kb_20kb_chemistry2/hs37d5/HG004.SequelII.merged_15kb_20kb.pbmm2.hs37d5.haplotag.RTG.10x.trio.bam,HG004.SequelII.merged_15kb_20kb.pbmm2.hs37d5.haplotag.RTG.10x.trio.bam.bai,https://ftp-trace.ncbi.nlm.nih.gov/ReferenceSamples/giab/data/AshkenazimTrio/HG004_NA24143_mother/PacBio_CCS_15kb_20kb_chemistry2/hs37d5/README_HG004_hs37d5.md
HG004,ASHKENAZI_JEWISH,ONT,hs37d5,105,minimap2,2.17-r941,1.6,314.5,https://ftp-trace.ncbi.nlm.nih.gov/ReferenceSamples/giab/data/AshkenazimTrio/HG004_NA24143_mother/UCSC_Ultralong_OxfordNanopore_Promethion,https://ftp-trace.ncbi.nlm.nih.gov/ReferenceSamples/giab/data/AshkenazimTrio/HG004_NA24143_mother/UCSC_Ultralong_OxfordNanopore_Promethion/HG004_GRCh37_ONT-UL_UCSC_20200508.bam,HG004_GRCh37_ONT-UL_UCSC_20200508.bam.bai,https://ftp-trace.ncbi.nlm.nih.gov/ReferenceSamples/giab/data/AshkenazimTrio/HG004_NA24143_mother/UCSC_Ultralong_OxfordNanopore_Promethion/README_ONT-UL_UCSC_HG004.md
HG004,ASHKENAZI_JEWISH,ONT,GRCh38,104,minimap2,2.17-r941,1.6,312.66,https://ftp-trace.ncbi.nlm.nih.gov/ReferenceSamples/giab/data/AshkenazimTrio/HG004_NA24143_mother/UCSC_Ultralong_OxfordNanopore_Promethion,https://ftp-trace.ncbi.nlm.nih.gov/ReferenceSamples/giab/data/AshkenazimTrio/HG004_NA24143_mother/UCSC_Ultralong_OxfordNanopore_Promethion/HG004_GRCh38_ONT-UL_UCSC_20200508.bam,HG004_GRCh38_ONT-UL_UCSC_20200508.bam.bai,https://ftp-trace.ncbi.nlm.nih.gov/ReferenceSamples/giab/data/AshkenazimTrio/HG004_NA24143_mother/UCSC_Ultralong_OxfordNanopore_Promethion/README_ONT-UL_UCSC_HG004.md
HG005,HAN_CHINESE,10XGenomics,hg19,33,longranger,1015.11.7,1.3,99.76,https://ftp-trace.ncbi.nlm.nih.gov/ReferenceSamples/giab/data/ChineseTrio/analysis/10XGenomics_ChromiumGenome_LongRanger2.1_06202017/GM24631_ChineseTrioSon_hg19,https://ftp-trace.ncbi.nlm.nih.gov/ReferenceSamples/giab/data/ChineseTrio/analysis/10XGenomics_ChromiumGenome_LongRanger2.1_06202017/GM24631_ChineseTrioSon_hg19/GM24631_ChineseTrioSon_hg19_phased_possorted_bam.bam,GM24631_ChineseTrioSon_hg19_phased_possorted_bam.bam.bai,"https://ftp-trace.ncbi.nlm.nih.gov/ReferenceSamples/giab/data/ChineseTrio/analysis/10XGenomics_ChromiumGenome_LongRanger2.1_06202017/README,/giab/ftp/data/ChineseTrio/analysis/10XGenomics_ChromiumGenome_LongRanger2.1_06202017/README_10xGIAB_ChineseTrio_fastq.txt"
HG006,HAN_CHINESE,10XGenomics,hg19,33,longranger,1015.11.7,1.3,98.05,https://ftp-trace.ncbi.nlm.nih.gov/ReferenceSamples/giab/data/ChineseTrio/analysis/10XGenomics_ChromiumGenome_LongRanger2.1_06202017/GM24694_ChineseTrioFather_hg19,https://ftp-trace.ncbi.nlm.nih.gov/ReferenceSamples/giab/data/ChineseTrio/analysis/10XGenomics_ChromiumGenome_LongRanger2.1_06202017/GM24694_ChineseTrioFather_hg19/GM24694_ChineseTrioFather_hg19_phased_possorted_bam.bam,GM24694_ChineseTrioFather_hg19_phased_possorted_bam.bam.bai,"https://ftp-trace.ncbi.nlm.nih.gov/ReferenceSamples/giab/data/ChineseTrio/analysis/10XGenomics_ChromiumGenome_LongRanger2.1_06202017/README,/giab/ftp/data/ChineseTrio/analysis/10XGenomics_ChromiumGenome_LongRanger2.1_06202017/README_10xGIAB_ChineseTrio_fastq.txt"
HG007,HAN_CHINESE,10XGenomics,hg19,32,longranger,1015.11.7,1.3,96.77,https://ftp-trace.ncbi.nlm.nih.gov/ReferenceSamples/giab/data/ChineseTrio/analysis/10XGenomics_ChromiumGenome_LongRanger2.1_06202017/GM24695_ChineseTrioMother_hg19,https://ftp-trace.ncbi.nlm.nih.gov/ReferenceSamples/giab/data/ChineseTrio/analysis/10XGenomics_ChromiumGenome_LongRanger2.1_06202017/GM24695_ChineseTrioMother_hg19/GM24695_ChineseTrioMother_hg19_phased_possorted_bam.bam,GM24695_ChineseTrioMother_hg19_phased_possorted_bam.bam.bai,"https://ftp-trace.ncbi.nlm.nih.gov/ReferenceSamples/giab/data/ChineseTrio/analysis/10XGenomics_ChromiumGenome_LongRanger2.1_06202017/README,/giab/ftp/data/ChineseTrio/analysis/10XGenomics_ChromiumGenome_LongRanger2.1_06202017/README_10xGIAB_ChineseTrio_fastq.txt"
HG005,HAN_CHINESE,10XGenomics,GRCh38,45,longranger,1016.1.5,1.3,136.26,https://ftp-trace.ncbi.nlm.nih.gov/ReferenceSamples/giab/data/ChineseTrio/analysis/10XGenomics_ChromiumGenome_LongRanger2.2_Supernova2.0.1_04122018/GRCh38,https://ftp-trace.ncbi.nlm.nih.gov/ReferenceSamples/giab/data/ChineseTrio/analysis/10XGenomics_ChromiumGenome_LongRanger2.2_Supernova2.0.1_04122018/GRCh38/NA24631.GRCh38.phased_possorted_bam.bam,NA24631.GRCh38.phased_possorted_bam.bam.bai,Not available in parent or current directory
HG006,HAN_CHINESE,10XGenomics,GRCh38,45,longranger,1016.1.5,1.3,134.01,https://ftp-trace.ncbi.nlm.nih.gov/ReferenceSamples/giab/data/ChineseTrio/analysis/10XGenomics_ChromiumGenome_LongRanger2.2_Supernova2.0.1_04122018/GRCh38,https://ftp-trace.ncbi.nlm.nih.gov/ReferenceSamples/giab/data/ChineseTrio/analysis/10XGenomics_ChromiumGenome_LongRanger2.2_Supernova2.0.1_04122018/GRCh38/NA24694.GRCh38.phased_possorted_bam.bam,NA24694.GRCh38.phased_possorted_bam.bam.bai,Not available in parent or current directory
HG007,HAN_CHINESE,10XGenomics,GRCh38,44,longranger,1016.1.5,1.3,132.25,https://ftp-trace.ncbi.nlm.nih.gov/ReferenceSamples/giab/data/ChineseTrio/analysis/10XGenomics_ChromiumGenome_LongRanger2.2_Supernova2.0.1_04122018/GRCh38,https://ftp-trace.ncbi.nlm.nih.gov/ReferenceSamples/giab/data/ChineseTrio/analysis/10XGenomics_ChromiumGenome_LongRanger2.2_Supernova2.0.1_04122018/GRCh38/NA24695.GRCh38.phased_possorted_bam.bam,NA24695.GRCh38.phased_possorted_bam.bam.bai,Not available in parent or current directory
HG005,HAN_CHINESE,PACBIO,hs37d5,39,pbmm2,1.4.0 (commit 1.4.0),1.10.2,117.23,https://ftp-trace.ncbi.nlm.nih.gov/ReferenceSamples/giab/data/ChineseTrio/analysis/PacBio_CCS_15kb_20kb_chemistry2_12072020/HG005,https://ftp-trace.ncbi.nlm.nih.gov/ReferenceSamples/giab/data/ChineseTrio/analysis/PacBio_CCS_15kb_20kb_chemistry2_12072020/HG005/HG005.hs37d5.haplotagged_w_10x_reformatted.bam,HG005.hs37d5.haplotagged_w_10x_reformatted.bam.bai,"https://ftp-trace.ncbi.nlm.nih.gov/ReferenceSamples/giab/data/ChineseTrio/analysis/PacBio_CCS_15kb_20kb_chemistry2_12072020/HG005/README.HG005.GRCh38.txt,/giab/ftp/data/ChineseTrio/analysis/PacBio_CCS_15kb_20kb_chemistry2_12072020/HG005/README_HG005_hs37d5.md"
HG006,HAN_CHINESE,PACBIO,GRCh38,47,pbmm2,1.3.0 (commit 1.3.0),1.10.2,141.51,https://ftp-trace.ncbi.nlm.nih.gov/ReferenceSamples/giab/data/ChineseTrio/analysis/PacBio_deepvariant_gatk_pbsv_08282020/HG006,https://ftp-trace.ncbi.nlm.nih.gov/ReferenceSamples/giab/data/ChineseTrio/analysis/PacBio_deepvariant_gatk_pbsv_08282020/HG006/HG006.GRCh38.haplotagged_w_10x.bam,HG006.GRCh38.haplotagged_w_10x.bam.bai,"https://ftp-trace.ncbi.nlm.nih.gov/ReferenceSamples/giab/data/ChineseTrio/analysis/PacBio_deepvariant_gatk_pbsv_08282020/HG006/README_HG006_GRCh38.md,/giab/ftp/data/ChineseTrio/analysis/PacBio_deepvariant_gatk_pbsv_08282020/HG006/README_HG006_hs37d5.md"
HG006,HAN_CHINESE,PACBIO,hs37d5,49,pbmm2,1.3.0 (commit 1.3.0),1.10.2,146.36,https://ftp-trace.ncbi.nlm.nih.gov/ReferenceSamples/giab/data/ChineseTrio/analysis/PacBio_deepvariant_gatk_pbsv_08282020/HG006,https://ftp-trace.ncbi.nlm.nih.gov/ReferenceSamples/giab/data/ChineseTrio/analysis/PacBio_deepvariant_gatk_pbsv_08282020/HG006/HG006.hs37d5.haplotagged_w_10x.bam,HG006.hs37d5.haplotagged_w_10x.bam.bai,"https://ftp-trace.ncbi.nlm.nih.gov/ReferenceSamples/giab/data/ChineseTrio/analysis/PacBio_deepvariant_gatk_pbsv_08282020/HG006/README_HG006_GRCh38.md,/giab/ftp/data/ChineseTrio/analysis/PacBio_deepvariant_gatk_pbsv_08282020/HG006/README_HG006_hs37d5.md"
HG007,HAN_CHINESE,PACBIO,GRCh38,44,pbmm2,1.3.0 (commit 1.3.0),1.10.2,132,https://ftp-trace.ncbi.nlm.nih.gov/ReferenceSamples/giab/data/ChineseTrio/analysis/PacBio_deepvariant_gatk_pbsv_08282020/HG007,https://ftp-trace.ncbi.nlm.nih.gov/ReferenceSamples/giab/data/ChineseTrio/analysis/PacBio_deepvariant_gatk_pbsv_08282020/HG007/HG007.GRCh38.haplotagged_w_10x.bam,HG007.GRCh38.haplotagged_w_10x.bam.bai,"https://ftp-trace.ncbi.nlm.nih.gov/ReferenceSamples/giab/data/ChineseTrio/analysis/PacBio_deepvariant_gatk_pbsv_08282020/HG007/README_HG007_GRCh38.md,/giab/ftp/data/ChineseTrio/analysis/PacBio_deepvariant_gatk_pbsv_08282020/HG007/README_HG007_hs37d5.md"
HG007,HAN_CHINESE,PACBIO,hs37d5,45,pbmm2,1.3.0 (commit 1.3.0),1.10.2,134.04,https://ftp-trace.ncbi.nlm.nih.gov/ReferenceSamples/giab/data/ChineseTrio/analysis/PacBio_deepvariant_gatk_pbsv_08282020/HG007,https://ftp-trace.ncbi.nlm.nih.gov/ReferenceSamples/giab/data/ChineseTrio/analysis/PacBio_deepvariant_gatk_pbsv_08282020/HG007/HG007.hs37d5.haplotagged_w_10x.bam,HG007.hs37d5.haplotagged_w_10x.bam.bai,"https://ftp-trace.ncbi.nlm.nih.gov/ReferenceSamples/giab/data/ChineseTrio/analysis/PacBio_deepvariant_gatk_pbsv_08282020/HG007/README_HG007_GRCh38.md,/giab/ftp/data/ChineseTrio/analysis/PacBio_deepvariant_gatk_pbsv_08282020/HG007/README_HG007_hs37d5.md"
HG005,HAN_CHINESE,ILLUMINA,GRCh38,208,novoalign,V3.02.07,1.0,623.05,https://ftp-trace.ncbi.nlm.nih.gov/ReferenceSamples/giab/data/ChineseTrio/HG005_NA24631_son/HG005_NA24631_son_HiSeq_300x/NHGRI_Illumina300X_Chinesetrio_novoalign_bams,https://ftp-trace.ncbi.nlm.nih.gov/ReferenceSamples/giab/data/ChineseTrio/HG005_NA24631_son/HG005_NA24631_son_HiSeq_300x/NHGRI_Illumina300X_Chinesetrio_novoalign_bams/HG005.GRCh38_full_plus_hs38d1_analysis_set_minus_alts.300x.bam,HG005.GRCh38_full_plus_hs38d1_analysis_set_minus_alts.300x.bam.bai,https://ftp-trace.ncbi.nlm.nih.gov/ReferenceSamples/giab/data/ChineseTrio/HG005_NA24631_son/HG005_NA24631_son_HiSeq_300x/NHGRI_Illumina300X_Chinesetrio_novoalign_bams/README
HG005,HAN_CHINESE,ILLUMINA,hs37d5,207,novoalign,V3.02.07,1.0,622.26,https://ftp-trace.ncbi.nlm.nih.gov/ReferenceSamples/giab/data/ChineseTrio/HG005_NA24631_son/HG005_NA24631_son_HiSeq_300x/NHGRI_Illumina300X_Chinesetrio_novoalign_bams,https://ftp-trace.ncbi.nlm.nih.gov/ReferenceSamples/giab/data/ChineseTrio/HG005_NA24631_son/HG005_NA24631_son_HiSeq_300x/NHGRI_Illumina300X_Chinesetrio_novoalign_bams/HG005.hs37d5.300x.bam,HG005.hs37d5.300x.bam.bai,https://ftp-trace.ncbi.nlm.nih.gov/ReferenceSamples/giab/data/ChineseTrio/HG005_NA24631_son/HG005_NA24631_son_HiSeq_300x/NHGRI_Illumina300X_Chinesetrio_novoalign_bams/README
HG005,HAN_CHINESE,PACBIO,hs37d5,29,minimap2,2.11-r797,1.3,88.3,https://ftp-trace.ncbi.nlm.nih.gov/ReferenceSamples/giab/data/ChineseTrio/HG005_NA24631_son/MtSinai_PacBio/PacBio_minimap2_bam,https://ftp-trace.ncbi.nlm.nih.gov/ReferenceSamples/giab/data/ChineseTrio/HG005_NA24631_son/MtSinai_PacBio/PacBio_minimap2_bam/HG005_PacBio_GRCh37.bam,HG005_PacBio_GRCh37.bam.bai,https://ftp-trace.ncbi.nlm.nih.gov/ReferenceSamples/giab/data/ChineseTrio/HG005_NA24631_son/MtSinai_PacBio/PacBio_minimap2_bam/README.txt
HG005,HAN_CHINESE,PACBIO,GRCh38,29,minimap2,2.11-r797,1.3,87.7,https://ftp-trace.ncbi.nlm.nih.gov/ReferenceSamples/giab/data/ChineseTrio/HG005_NA24631_son/MtSinai_PacBio/PacBio_minimap2_bam,https://ftp-trace.ncbi.nlm.nih.gov/ReferenceSamples/giab/data/ChineseTrio/HG005_NA24631_son/MtSinai_PacBio/PacBio_minimap2_bam/HG005_PacBio_GRCh38.bam,HG005_PacBio_GRCh38.bam.bai,https://ftp-trace.ncbi.nlm.nih.gov/ReferenceSamples/giab/data/ChineseTrio/HG005_NA24631_son/MtSinai_PacBio/PacBio_minimap2_bam/README.txt
HG005,HAN_CHINESE,ILLUMINA,GRCh37,11,bwa,0.7.7-r441,1.3,31.97,https://ftp-trace.ncbi.nlm.nih.gov/ReferenceSamples/giab/data/ChineseTrio/HG005_NA24631_son/NIST_Stanford_Illumina_6kb_matepair/bams,https://ftp-trace.ncbi.nlm.nih.gov/ReferenceSamples/giab/data/ChineseTrio/HG005_NA24631_son/NIST_Stanford_Illumina_6kb_matepair/bams/HG005.mate_pair.sorted.bam,HG005.mate_pair.sorted.bam.bai,https://ftp-trace.ncbi.nlm.nih.gov/ReferenceSamples/giab/data/ChineseTrio/HG005_NA24631_son/NIST_Stanford_Illumina_6kb_matepair/README.NIST_Stanford_Illumina_6kb_matepair
HG005,HAN_CHINESE,ILLUMINA,GRCh38,11,bwa,0.7.13-r1126,1.3,32.61,https://ftp-trace.ncbi.nlm.nih.gov/ReferenceSamples/giab/data/ChineseTrio/HG005_NA24631_son/NIST_Stanford_Illumina_6kb_matepair/bams/GRCh38,https://ftp-trace.ncbi.nlm.nih.gov/ReferenceSamples/giab/data/ChineseTrio/HG005_NA24631_son/NIST_Stanford_Illumina_6kb_matepair/bams/GRCh38/HG005.sorted.bam,HG005.sorted.bam.bai,Not available in parent or current directory
HG005,HAN_CHINESE,PACBIO,CHM13,39,pbmm2,1.4.0 (commit 1.4.0),1.5,116.97,https://ftp-trace.ncbi.nlm.nih.gov/ReferenceSamples/giab/data/ChineseTrio/HG005_NA24631_son/PacBio_CCS_15kb_20kb_chemistry2/CHM13v2.0/GIAB_5mC_CpG,https://ftp-trace.ncbi.nlm.nih.gov/ReferenceSamples/giab/data/ChineseTrio/HG005_NA24631_son/PacBio_CCS_15kb_20kb_chemistry2/CHM13v2.0/GIAB_5mC_CpG/HG005.chm13.deepvariant.haplotagged.bam,HG005.chm13.deepvariant.haplotagged.bam.bai,Not available in parent or current directory
HG005,HAN_CHINESE,PACBIO,GRCh38,41,pbmm2,1.4.0 (commit 1.4.0),1.5,121.79,https://ftp-trace.ncbi.nlm.nih.gov/ReferenceSamples/giab/data/ChineseTrio/HG005_NA24631_son/PacBio_CCS_15kb_20kb_chemistry2/GRCh38/GIAB_5mC_CpG,https://ftp-trace.ncbi.nlm.nih.gov/ReferenceSamples/giab/data/ChineseTrio/HG005_NA24631_son/PacBio_CCS_15kb_20kb_chemistry2/GRCh38/GIAB_5mC_CpG/HG005.GRCh38.deepvariant.haplotagged.bam,HG005.GRCh38.deepvariant.haplotagged.bam.bai,Not available in parent or current directory
HG005,HAN_CHINESE,PACBIO,hs37d5,21,pbmm2,1.0.0 (commit v1.0.0-12-g2ba95f5),1.5,62.19,https://ftp-trace.ncbi.nlm.nih.gov/ReferenceSamples/giab/data/ChineseTrio/HG005_NA24631_son/PacBio_SequelII_CCS_11kb,https://ftp-trace.ncbi.nlm.nih.gov/ReferenceSamples/giab/data/ChineseTrio/HG005_NA24631_son/PacBio_SequelII_CCS_11kb/HG005.SequelII.pbmm2.hs37d5.whatshap.haplotag.10x.bam,HG005.SequelII.pbmm2.hs37d5.whatshap.haplotag.10x.bam.bai,https://ftp-trace.ncbi.nlm.nih.gov/ReferenceSamples/giab/data/ChineseTrio/HG005_NA24631_son/PacBio_SequelII_CCS_11kb/README.txt
HG005,HAN_CHINESE,PACBIO,hs37d5,20,pbmm2,1.1.0 (commit v1.0.0-26-g46c7f20),1.9,60.82,https://ftp-trace.ncbi.nlm.nih.gov/ReferenceSamples/giab/data/ChineseTrio/HG005_NA24631_son/PacBio_SequelII_CCS_11kb/HG005_GRCh38,https://ftp-trace.ncbi.nlm.nih.gov/ReferenceSamples/giab/data/ChineseTrio/HG005_NA24631_son/PacBio_SequelII_CCS_11kb/HG005_GRCh38/HG005_GRCh38.haplotag.10x.bam,HG005_GRCh38.haplotag.10x.bam.bai,https://ftp-trace.ncbi.nlm.nih.gov/ReferenceSamples/giab/data/ChineseTrio/HG005_NA24631_son/PacBio_SequelII_CCS_11kb/HG005_GRCh38/README.txt
HG005,HAN_CHINESE,ONT,hs37d5,60,minimap2,2.17-r941,1.6,179.59,https://ftp-trace.ncbi.nlm.nih.gov/ReferenceSamples/giab/data/ChineseTrio/HG005_NA24631_son/UCSC_Ultralong_OxfordNanopore_Promethion,https://ftp-trace.ncbi.nlm.nih.gov/ReferenceSamples/giab/data/ChineseTrio/HG005_NA24631_son/UCSC_Ultralong_OxfordNanopore_Promethion/HG005_GRCh37_ONT-UL_UCSC_20200109.phased.bam,HG005_GRCh37_ONT-UL_UCSC_20200109.phased.bam.bai,https://ftp-trace.ncbi.nlm.nih.gov/ReferenceSamples/giab/data/ChineseTrio/HG005_NA24631_son/UCSC_Ultralong_OxfordNanopore_Promethion/README_ONT-UL_UCSC_HG005.md
HG005,HAN_CHINESE,ONT,GRCh38,60,minimap2,2.17-r941,1.6,181.2,https://ftp-trace.ncbi.nlm.nih.gov/ReferenceSamples/giab/data/ChineseTrio/HG005_NA24631_son/UCSC_Ultralong_OxfordNanopore_Promethion,https://ftp-trace.ncbi.nlm.nih.gov/ReferenceSamples/giab/data/ChineseTrio/HG005_NA24631_son/UCSC_Ultralong_OxfordNanopore_Promethion/HG005_GRCh38_ONT-UL_UCSC_20200109.phased.bam,HG005_GRCh38_ONT-UL_UCSC_20200109.phased.bam.bai,https://ftp-trace.ncbi.nlm.nih.gov/ReferenceSamples/giab/data/ChineseTrio/HG005_NA24631_son/UCSC_Ultralong_OxfordNanopore_Promethion/README_ONT-UL_UCSC_HG005.md
HG006,HAN_CHINESE,ILLUMINA,GRCh38,73,novoalign,V3.02.07,1.0,218.61,https://ftp-trace.ncbi.nlm.nih.gov/ReferenceSamples/giab/data/ChineseTrio/HG006_NA24694-huCA017E_father/NA24694_Father_HiSeq100x/NHGRI_Illumina100X_Chinesetrio_novoalign_bams,https://ftp-trace.ncbi.nlm.nih.gov/ReferenceSamples/giab/data/ChineseTrio/HG006_NA24694-huCA017E_father/NA24694_Father_HiSeq100x/NHGRI_Illumina100X_Chinesetrio_novoalign_bams/HG006.GRCh38_full_plus_hs38d1_analysis_set_minus_alts.100x.bam,HG006.GRCh38_full_plus_hs38d1_analysis_set_minus_alts.100x.bam.bai,https://ftp-trace.ncbi.nlm.nih.gov/ReferenceSamples/giab/data/ChineseTrio/HG006_NA24694-huCA017E_father/NA24694_Father_HiSeq100x/NHGRI_Illumina100X_Chinesetrio_novoalign_bams/README
HG006,HAN_CHINESE,ILLUMINA,hs37d5,73,novoalign,V3.02.07,1.0,218.19,https://ftp-trace.ncbi.nlm.nih.gov/ReferenceSamples/giab/data/ChineseTrio/HG006_NA24694-huCA017E_father/NA24694_Father_HiSeq100x/NHGRI_Illumina100X_Chinesetrio_novoalign_bams,https://ftp-trace.ncbi.nlm.nih.gov/ReferenceSamples/giab/data/ChineseTrio/HG006_NA24694-huCA017E_father/NA24694_Father_HiSeq100x/NHGRI_Illumina100X_Chinesetrio_novoalign_bams/HG006.hs37d5.100x.bam,HG006.hs37d5.100x.bam.bai,https://ftp-trace.ncbi.nlm.nih.gov/ReferenceSamples/giab/data/ChineseTrio/HG006_NA24694-huCA017E_father/NA24694_Father_HiSeq100x/NHGRI_Illumina100X_Chinesetrio_novoalign_bams/README
HG006,HAN_CHINESE,ILLUMINA,GRCh37,12,bwa,0.7.7-r441,1.3,35.58,https://ftp-trace.ncbi.nlm.nih.gov/ReferenceSamples/giab/data/ChineseTrio/HG006_NA24694-huCA017E_father/NIST_Stanford_Illumina_6kb_matepair/bams,https://ftp-trace.ncbi.nlm.nih.gov/ReferenceSamples/giab/data/ChineseTrio/HG006_NA24694-huCA017E_father/NIST_Stanford_Illumina_6kb_matepair/bams/HG006.mate_pair.sorted.bam,HG006.mate_pair.sorted.bam.bai,https://ftp-trace.ncbi.nlm.nih.gov/ReferenceSamples/giab/data/ChineseTrio/HG006_NA24694-huCA017E_father/NIST_Stanford_Illumina_6kb_matepair/README.NIST_Stanford_Illumina_6kb_matepair
HG006,HAN_CHINESE,ILLUMINA,GRCh38,12,bwa,0.7.13-r1126,1.3,36.31,https://ftp-trace.ncbi.nlm.nih.gov/ReferenceSamples/giab/data/ChineseTrio/HG006_NA24694-huCA017E_father/NIST_Stanford_Illumina_6kb_matepair/bams/GRCh38,https://ftp-trace.ncbi.nlm.nih.gov/ReferenceSamples/giab/data/ChineseTrio/HG006_NA24694-huCA017E_father/NIST_Stanford_Illumina_6kb_matepair/bams/GRCh38/HG006.sorted.bam,HG006.sorted.bam.bai,Not available in parent or current directory
HG006,HAN_CHINESE,PACBIO,CHM13,31,pbmm2,1.4.0 (commit 1.4.0),1.5,92.5,https://ftp-trace.ncbi.nlm.nih.gov/ReferenceSamples/giab/data/ChineseTrio/HG006_NA24694-huCA017E_father/PacBio_CCS_15kb_20kb_chemistry2/CHM13v2.0/GIAB_5mC_CpG,https://ftp-trace.ncbi.nlm.nih.gov/ReferenceSamples/giab/data/ChineseTrio/HG006_NA24694-huCA017E_father/PacBio_CCS_15kb_20kb_chemistry2/CHM13v2.0/GIAB_5mC_CpG/HG006.chm13.deepvariant.haplotagged.bam,HG006.chm13.deepvariant.haplotagged.bam.bai,Not available in parent or current directory
HG006,HAN_CHINESE,PACBIO,GRCh38,32,pbmm2,1.4.0 (commit 1.4.0),1.5,96.6,https://ftp-trace.ncbi.nlm.nih.gov/ReferenceSamples/giab/data/ChineseTrio/HG006_NA24694-huCA017E_father/PacBio_CCS_15kb_20kb_chemistry2/GRCh38/GIAB_5mC_CpG,https://ftp-trace.ncbi.nlm.nih.gov/ReferenceSamples/giab/data/ChineseTrio/HG006_NA24694-huCA017E_father/PacBio_CCS_15kb_20kb_chemistry2/GRCh38/GIAB_5mC_CpG/HG006.GRCh38.deepvariant.haplotagged.bam,HG006.GRCh38.deepvariant.haplotagged.bam.bai,Not available in parent or current directory
HG006,HAN_CHINESE,PACBIO,hs37d5,15,minimap2,2.11-r797,1.3,44.52,https://ftp-trace.ncbi.nlm.nih.gov/ReferenceSamples/giab/data/ChineseTrio/HG006_NA24694-huCA017E_father/PacBio_MtSinai/PacBio_minimap2_bam,https://ftp-trace.ncbi.nlm.nih.gov/ReferenceSamples/giab/data/ChineseTrio/HG006_NA24694-huCA017E_father/PacBio_MtSinai/PacBio_minimap2_bam/HG006_PacBio_GRCh37.bam,HG006_PacBio_GRCh37.bam.bai,https://ftp-trace.ncbi.nlm.nih.gov/ReferenceSamples/giab/data/ChineseTrio/HG006_NA24694-huCA017E_father/PacBio_MtSinai/PacBio_minimap2_bam/README.txt
HG006,HAN_CHINESE,PACBIO,GRCh38,15,minimap2,2.11-r797,1.3,44.06,https://ftp-trace.ncbi.nlm.nih.gov/ReferenceSamples/giab/data/ChineseTrio/HG006_NA24694-huCA017E_father/PacBio_MtSinai/PacBio_minimap2_bam,https://ftp-trace.ncbi.nlm.nih.gov/ReferenceSamples/giab/data/ChineseTrio/HG006_NA24694-huCA017E_father/PacBio_MtSinai/PacBio_minimap2_bam/HG006_PacBio_GRCh38.bam,HG006_PacBio_GRCh38.bam.bai,https://ftp-trace.ncbi.nlm.nih.gov/ReferenceSamples/giab/data/ChineseTrio/HG006_NA24694-huCA017E_father/PacBio_MtSinai/PacBio_minimap2_bam/README.txt
HG006,HAN_CHINESE,ONT,hs37d5,53,minimap2,2.17-r941,1.6,160.01,https://ftp-trace.ncbi.nlm.nih.gov/ReferenceSamples/giab/data/ChineseTrio/HG006_NA24694-huCA017E_father/UCSC_Ultralong_OxfordNanopore_Promethion,https://ftp-trace.ncbi.nlm.nih.gov/ReferenceSamples/giab/data/ChineseTrio/HG006_NA24694-huCA017E_father/UCSC_Ultralong_OxfordNanopore_Promethion/HG006_GRCh37_ONT-UL_UCSC_20200109.phased.bam,HG006_GRCh37_ONT-UL_UCSC_20200109.phased.bam.bai,https://ftp-trace.ncbi.nlm.nih.gov/ReferenceSamples/giab/data/ChineseTrio/HG006_NA24694-huCA017E_father/UCSC_Ultralong_OxfordNanopore_Promethion/README_ONT-UL_UCSC_HG006.md
HG006,HAN_CHINESE,ONT,GRCh38,54,minimap2,2.17-r941,1.6,161.12,https://ftp-trace.ncbi.nlm.nih.gov/ReferenceSamples/giab/data/ChineseTrio/HG006_NA24694-huCA017E_father/UCSC_Ultralong_OxfordNanopore_Promethion,https://ftp-trace.ncbi.nlm.nih.gov/ReferenceSamples/giab/data/ChineseTrio/HG006_NA24694-huCA017E_father/UCSC_Ultralong_OxfordNanopore_Promethion/HG006_GRCh38_ONT-UL_UCSC_20200109.phased.bam,HG006_GRCh38_ONT-UL_UCSC_20200109.phased.bam.bai,https://ftp-trace.ncbi.nlm.nih.gov/ReferenceSamples/giab/data/ChineseTrio/HG006_NA24694-huCA017E_father/UCSC_Ultralong_OxfordNanopore_Promethion/README_ONT-UL_UCSC_HG006.md
HG007,HAN_CHINESE,ILLUMINA,GRCh38,76,novoalign,V3.02.07,1.0,227.45,https://ftp-trace.ncbi.nlm.nih.gov/ReferenceSamples/giab/data/ChineseTrio/HG007_NA24695-hu38168_mother/NA24695_Mother_HiSeq100x/NHGRI_Illumina100X_Chinesetrio_novoalign_bams,https://ftp-trace.ncbi.nlm.nih.gov/ReferenceSamples/giab/data/ChineseTrio/HG007_NA24695-hu38168_mother/NA24695_Mother_HiSeq100x/NHGRI_Illumina100X_Chinesetrio_novoalign_bams/HG007.GRCh38_full_plus_hs38d1_analysis_set_minus_alts.100x.bam,HG007.GRCh38_full_plus_hs38d1_analysis_set_minus_alts.100x.bam.bai,https://ftp-trace.ncbi.nlm.nih.gov/ReferenceSamples/giab/data/ChineseTrio/HG007_NA24695-hu38168_mother/NA24695_Mother_HiSeq100x/NHGRI_Illumina100X_Chinesetrio_novoalign_bams/README
HG007,HAN_CHINESE,ILLUMINA,hs37d5,76,novoalign,V3.02.07,1.0,227.13,https://ftp-trace.ncbi.nlm.nih.gov/ReferenceSamples/giab/data/ChineseTrio/HG007_NA24695-hu38168_mother/NA24695_Mother_HiSeq100x/NHGRI_Illumina100X_Chinesetrio_novoalign_bams,https://ftp-trace.ncbi.nlm.nih.gov/ReferenceSamples/giab/data/ChineseTrio/HG007_NA24695-hu38168_mother/NA24695_Mother_HiSeq100x/NHGRI_Illumina100X_Chinesetrio_novoalign_bams/HG007.hs37d5.100x.bam,HG007.hs37d5.100x.bam.bai,https://ftp-trace.ncbi.nlm.nih.gov/ReferenceSamples/giab/data/ChineseTrio/HG007_NA24695-hu38168_mother/NA24695_Mother_HiSeq100x/NHGRI_Illumina100X_Chinesetrio_novoalign_bams/README
HG007,HAN_CHINESE,ILLUMINA,GRCh37,11,bwa,0.7.7-r441,1.3,33.81,https://ftp-trace.ncbi.nlm.nih.gov/ReferenceSamples/giab/data/ChineseTrio/HG007_NA24695-hu38168_mother/NIST_Stanford_Illumina_6kb_matepair/bams,https://ftp-trace.ncbi.nlm.nih.gov/ReferenceSamples/giab/data/ChineseTrio/HG007_NA24695-hu38168_mother/NIST_Stanford_Illumina_6kb_matepair/bams/HG007.mate_pair.sorted.bam,HG007.mate_pair.sorted.bam.bai,https://ftp-trace.ncbi.nlm.nih.gov/ReferenceSamples/giab/data/ChineseTrio/HG007_NA24695-hu38168_mother/NIST_Stanford_Illumina_6kb_matepair/README.NIST_Stanford_Illumina_6kb_matepair
HG007,HAN_CHINESE,ILLUMINA,GRCh38,12,bwa,0.7.13-r1126,1.3,34.5,https://ftp-trace.ncbi.nlm.nih.gov/ReferenceSamples/giab/data/ChineseTrio/HG007_NA24695-hu38168_mother/NIST_Stanford_Illumina_6kb_matepair/bams/GRCh38,https://ftp-trace.ncbi.nlm.nih.gov/ReferenceSamples/giab/data/ChineseTrio/HG007_NA24695-hu38168_mother/NIST_Stanford_Illumina_6kb_matepair/bams/GRCh38/HG007.sorted.bam,HG007.sorted.bam.bai,Not available in parent or current directory
HG007,HAN_CHINESE,PACBIO,CHM13,31,pbmm2,1.4.0 (commit 1.4.0),1.5,91.66,https://ftp-trace.ncbi.nlm.nih.gov/ReferenceSamples/giab/data/ChineseTrio/HG007_NA24695-hu38168_mother/PacBio_CCS_15kb_20kb_chemistry2/CHM13v2.0/GIAB_5mC_CpG,https://ftp-trace.ncbi.nlm.nih.gov/ReferenceSamples/giab/data/ChineseTrio/HG007_NA24695-hu38168_mother/PacBio_CCS_15kb_20kb_chemistry2/CHM13v2.0/GIAB_5mC_CpG/HG007.chm13.deepvariant.haplotagged.bam,HG007.chm13.deepvariant.haplotagged.bam.bai,Not available in parent or current directory
HG007,HAN_CHINESE,PACBIO,GRCh38,32,pbmm2,1.4.0 (commit 1.4.0),1.5,95.18,https://ftp-trace.ncbi.nlm.nih.gov/ReferenceSamples/giab/data/ChineseTrio/HG007_NA24695-hu38168_mother/PacBio_CCS_15kb_20kb_chemistry2/GRCh38/GIAB_5mC_CpG,https://ftp-trace.ncbi.nlm.nih.gov/ReferenceSamples/giab/data/ChineseTrio/HG007_NA24695-hu38168_mother/PacBio_CCS_15kb_20kb_chemistry2/GRCh38/GIAB_5mC_CpG/HG007.GRCh38.deepvariant.haplotagged.bam,HG007.GRCh38.deepvariant.haplotagged.bam.bai,Not available in parent or current directory
HG007,HAN_CHINESE,PACBIO,hs37d5,15,minimap2,2.11-r797,1.3,45.46,https://ftp-trace.ncbi.nlm.nih.gov/ReferenceSamples/giab/data/ChineseTrio/HG007_NA24695-hu38168_mother/PacBio_MtSinai/PacBio_minimap2_bam,https://ftp-trace.ncbi.nlm.nih.gov/ReferenceSamples/giab/data/ChineseTrio/HG007_NA24695-hu38168_mother/PacBio_MtSinai/PacBio_minimap2_bam/HG007_PacBio_GRCh37.bam,HG007_PacBio_GRCh37.bam.bai,https://ftp-trace.ncbi.nlm.nih.gov/ReferenceSamples/giab/data/ChineseTrio/HG007_NA24695-hu38168_mother/PacBio_MtSinai/PacBio_minimap2_bam/README.txt
HG007,HAN_CHINESE,PACBIO,GRCh38,15,minimap2,2.11-r797,1.3,44.96,https://ftp-trace.ncbi.nlm.nih.gov/ReferenceSamples/giab/data/ChineseTrio/HG007_NA24695-hu38168_mother/PacBio_MtSinai/PacBio_minimap2_bam,https://ftp-trace.ncbi.nlm.nih.gov/ReferenceSamples/giab/data/ChineseTrio/HG007_NA24695-hu38168_mother/PacBio_MtSinai/PacBio_minimap2_bam/HG007_PacBio_GRCh38.bam,HG007_PacBio_GRCh38.bam.bai,https://ftp-trace.ncbi.nlm.nih.gov/ReferenceSamples/giab/data/ChineseTrio/HG007_NA24695-hu38168_mother/PacBio_MtSinai/PacBio_minimap2_bam/README.txt
HG007,HAN_CHINESE,ONT,hs37d5,43,minimap2,2.17-r941,1.6,129.92,https://ftp-trace.ncbi.nlm.nih.gov/ReferenceSamples/giab/data/ChineseTrio/HG007_NA24695-hu38168_mother/UCSC_Ultralong_OxfordNanopore_Promethion,https://ftp-trace.ncbi.nlm.nih.gov/ReferenceSamples/giab/data/ChineseTrio/HG007_NA24695-hu38168_mother/UCSC_Ultralong_OxfordNanopore_Promethion/HG007_GRCh37_ONT-UL_UCSC_20200109.phased.bam,HG007_GRCh37_ONT-UL_UCSC_20200109.phased.bam.bai,https://ftp-trace.ncbi.nlm.nih.gov/ReferenceSamples/giab/data/ChineseTrio/HG007_NA24695-hu38168_mother/UCSC_Ultralong_OxfordNanopore_Promethion/README_ONT-UL_UCSC_HG007.md
HG007,HAN_CHINESE,ONT,GRCh38,44,minimap2,2.17-r941,1.6,130.93,https://ftp-trace.ncbi.nlm.nih.gov/ReferenceSamples/giab/data/ChineseTrio/HG007_NA24695-hu38168_mother/UCSC_Ultralong_OxfordNanopore_Promethion,https://ftp-trace.ncbi.nlm.nih.gov/ReferenceSamples/giab/data/ChineseTrio/HG007_NA24695-hu38168_mother/UCSC_Ultralong_OxfordNanopore_Promethion/HG007_GRCh38_ONT-UL_UCSC_20200109.phased.bam,HG007_GRCh38_ONT-UL_UCSC_20200109.phased.bam.bai,https://ftp-trace.ncbi.nlm.nih.gov/ReferenceSamples/giab/data/ChineseTrio/HG007_NA24695-hu38168_mother/UCSC_Ultralong_OxfordNanopore_Promethion/README_ONT-UL_UCSC_HG007.md
HG001,NA12878,10XGenomics,GRCh38,60,longranger,1015.9.1,1.3,180.04,https://ftp-trace.ncbi.nlm.nih.gov/ReferenceSamples/giab/data/NA12878/10Xgenomics_ChromiumGenome_LongRanger2.1_09302016/NA12878_GRCh38,https://ftp-trace.ncbi.nlm.nih.gov/ReferenceSamples/giab/data/NA12878/10Xgenomics_ChromiumGenome_LongRanger2.1_09302016/NA12878_GRCh38/NA12878_GRCh38_phased_possorted_bam.bam,NA12878_GRCh38_phased_possorted_bam.bam.bai,https://ftp-trace.ncbi.nlm.nih.gov/ReferenceSamples/giab/data/NA12878/10Xgenomics_ChromiumGenome_LongRanger2.1_09302016/README
HG001,NA12878,10XGenomics,hg19,60,longranger,1015.9.1,1.3,179.89,https://ftp-trace.ncbi.nlm.nih.gov/ReferenceSamples/giab/data/NA12878/10Xgenomics_ChromiumGenome_LongRanger2.1_09302016/NA12878_hg19,https://ftp-trace.ncbi.nlm.nih.gov/ReferenceSamples/giab/data/NA12878/10Xgenomics_ChromiumGenome_LongRanger2.1_09302016/NA12878_hg19/NA12878_hg19_phased_possorted_bam.bam,NA12878_hg19_phased_possorted_bam.bam.bai,https://ftp-trace.ncbi.nlm.nih.gov/ReferenceSamples/giab/data/NA12878/10Xgenomics_ChromiumGenome_LongRanger2.1_09302016/README
HG001,NA12878,PACBIO,GRCh38,63,pbmm2,1.5.0 (commit v1.5.0-1-gadeb061),1.10.2,189.58,https://ftp-trace.ncbi.nlm.nih.gov/ReferenceSamples/giab/data/NA12878/analysis/PacBio_CCS_15kb_20kb_chemistry2_042021,https://ftp-trace.ncbi.nlm.nih.gov/ReferenceSamples/giab/data/NA12878/analysis/PacBio_CCS_15kb_20kb_chemistry2_042021/HG001.GRCh38.haplotagged.bam,HG001.GRCh38.haplotagged.bam.bai,https://ftp-trace.ncbi.nlm.nih.gov/ReferenceSamples/giab/data/NA12878/analysis/PacBio_CCS_15kb_20kb_chemistry2_042021/README.md
HG001,NA12878,PACBIO,hs37d5,65,pbmm2,1.5.0 (commit v1.5.0-1-gadeb061),1.10.2,193.74,https://ftp-trace.ncbi.nlm.nih.gov/ReferenceSamples/giab/data/NA12878/analysis/PacBio_CCS_15kb_20kb_chemistry2_042021,https://ftp-trace.ncbi.nlm.nih.gov/ReferenceSamples/giab/data/NA12878/analysis/PacBio_CCS_15kb_20kb_chemistry2_042021/HG001.hs37d5.haplotagged.bam,HG001.hs37d5.haplotagged.bam.bai,https://ftp-trace.ncbi.nlm.nih.gov/ReferenceSamples/giab/data/NA12878/analysis/PacBio_CCS_15kb_20kb_chemistry2_042021/README.md
HG001,NA12878,PACBIO,hg19,46,BLASR,1.3.2,1.4,136.78,https://ftp-trace.ncbi.nlm.nih.gov/ReferenceSamples/giab/data/NA12878/NA12878_PacBio_MtSinai,https://ftp-trace.ncbi.nlm.nih.gov/ReferenceSamples/giab/data/NA12878/NA12878_PacBio_MtSinai/sorted_final_merged.bam,sorted_final_merged.bam.bai,https://ftp-trace.ncbi.nlm.nih.gov/ReferenceSamples/giab/data/NA12878/NA12878_PacBio_MtSinai/README.txt
HG001,NA12878,ILLUMINA,GRCh38,183,novoalign,V3.02.07,1.0,549.2,https://ftp-trace.ncbi.nlm.nih.gov/ReferenceSamples/giab/data/NA12878/NIST_NA12878_HG001_HiSeq_300x/NHGRI_Illumina300X_novoalign_bams,https://ftp-trace.ncbi.nlm.nih.gov/ReferenceSamples/giab/data/NA12878/NIST_NA12878_HG001_HiSeq_300x/NHGRI_Illumina300X_novoalign_bams/HG001.GRCh38_full_plus_hs38d1_analysis_set_minus_alts.300x.bam,HG001.GRCh38_full_plus_hs38d1_analysis_set_minus_alts.300x.bam.bai,https://ftp-trace.ncbi.nlm.nih.gov/ReferenceSamples/giab/data/NA12878/NIST_NA12878_HG001_HiSeq_300x/NHGRI_Illumina300X_novoalign_bams/README
HG001,NA12878,ILLUMINA,hs37d5,183,novoalign,V3.02.07,1.0,548.22,https://ftp-trace.ncbi.nlm.nih.gov/ReferenceSamples/giab/data/NA12878/NIST_NA12878_HG001_HiSeq_300x/NHGRI_Illumina300X_novoalign_bams,https://ftp-trace.ncbi.nlm.nih.gov/ReferenceSamples/giab/data/NA12878/NIST_NA12878_HG001_HiSeq_300x/NHGRI_Illumina300X_novoalign_bams/HG001.hs37d5.300x.bam,HG001.hs37d5.300x.bam.bai,https://ftp-trace.ncbi.nlm.nih.gov/ReferenceSamples/giab/data/NA12878/NIST_NA12878_HG001_HiSeq_300x/NHGRI_Illumina300X_novoalign_bams/README
HG001,NA12878,PACBIO,hs37d5,19,pbmm2,1.0.0 (commit v1.0.0-12-g2ba95f5),1.5,55.52,https://ftp-trace.ncbi.nlm.nih.gov/ReferenceSamples/giab/data/NA12878/PacBio_SequelII_CCS_11kb,https://ftp-trace.ncbi.nlm.nih.gov/ReferenceSamples/giab/data/NA12878/PacBio_SequelII_CCS_11kb/HG001.SequelII.pbmm2.hs37d5.whatshap.haplotag.RTG.trio.bam,HG001.SequelII.pbmm2.hs37d5.whatshap.haplotag.RTG.trio.bam.bai,https://ftp-trace.ncbi.nlm.nih.gov/ReferenceSamples/giab/data/NA12878/PacBio_SequelII_CCS_11kb/README.txt
HG001,NA12878,PACBIO,hs37d5,18,pbmm2,1.1.0 (commit v1.0.0-26-g46c7f20),1.9,54.43,https://ftp-trace.ncbi.nlm.nih.gov/ReferenceSamples/giab/data/NA12878/PacBio_SequelII_CCS_11kb/HG001_GRCh38,https://ftp-trace.ncbi.nlm.nih.gov/ReferenceSamples/giab/data/NA12878/PacBio_SequelII_CCS_11kb/HG001_GRCh38/HG001_GRCh38.haplotag.RTG.trio.bam,HG001_GRCh38.haplotag.RTG.trio.bam.bai,https://ftp-trace.ncbi.nlm.nih.gov/ReferenceSamples/giab/data/NA12878/PacBio_SequelII_CCS_11kb/HG001_GRCh38/README.txt
HG001,NA12878,ONT,hs37d5,55,minimap2,2.17-r941,1.6,164.26,https://ftp-trace.ncbi.nlm.nih.gov/ReferenceSamples/giab/data/NA12878/Ultralong_OxfordNanopore,https://ftp-trace.ncbi.nlm.nih.gov/ReferenceSamples/giab/data/NA12878/Ultralong_OxfordNanopore/NA12878-minion-ul_GRCh37.bam,NA12878-minion-ul_GRCh37.bam.bai,https://ftp-trace.ncbi.nlm.nih.gov/ReferenceSamples/giab/data/NA12878/Ultralong_OxfordNanopore/NA12878-minion-ul-README.txt
HG001,NA12878,ONT,GRCh38,55,minimap2,2.17-r941,1.6,164.78,https://ftp-trace.ncbi.nlm.nih.gov/ReferenceSamples/giab/data/NA12878/Ultralong_OxfordNanopore,https://ftp-trace.ncbi.nlm.nih.gov/ReferenceSamples/giab/data/NA12878/Ultralong_OxfordNanopore/NA12878-minion-ul_GRCh38.bam,NA12878-minion-ul_GRCh38.bam.bai,https://ftp-trace.ncbi.nlm.nih.gov/ReferenceSamples/giab/data/NA12878/Ultralong_OxfordNanopore/NA12878-minion-ul-README.txt
