giab_id_cdk,biosample,trio_cdk,reference_genome,ftp_bam_file
HG003,SAMN03283345,ASHKENAZI_JEWISH,NA,https://ftp-trace.ncbi.nlm.nih.gov/ReferenceSamples/giab/data/AshkenazimTrio/HG003_NA24149_father/NIST_Stanford_Moleculo/basespace_bams/008_B_056.bam
HG002,SAMN03283347,ASHKENAZI_JEWISH,NA,https://ftp-trace.ncbi.nlm.nih.gov/ReferenceSamples/giab/data/AshkenazimTrio/HG002_NA24385_son/NIST_Stanford_Moleculo/basespace_bams/007_C_057.bam
HG003,SAMN03283345,ASHKENAZI_JEWISH,NA,https://ftp-trace.ncbi.nlm.nih.gov/ReferenceSamples/giab/data/AshkenazimTrio/HG003_NA24149_father/NIST_Stanford_Moleculo/basespace_bams/008_A_384.bam
HG002,SAMN03283347,ASHKENAZI_JEWISH,NA,https://ftp-trace.ncbi.nlm.nih.gov/ReferenceSamples/giab/data/AshkenazimTrio/HG002_NA24385_son/NIST_Stanford_Moleculo/basespace_bams/007_B_109.bam
HG002,SAMN03283347,ASHKENAZI_JEWISH,NA,https://ftp-trace.ncbi.nlm.nih.gov/ReferenceSamples/giab/data/AshkenazimTrio/HG002_NA24385_son/NIST_Stanford_Moleculo/basespace_bams/007_C_156.bam
Not Available,Not Available,Not Available,hg19,https://ftp-trace.ncbi.nlm.nih.gov/ReferenceSamples/giab/data/AshkenazimTrio/analysis/10XGenomics_ChromiumGenome_LongRanger2.2_Supernova2.0.1_04122018/GRCh37/NA24149_NA24143_10X_70X/HG004_10x_71x_RG_HP10xtrioRTG.bam
HG002,SAMN03283347,ASHKENAZI_JEWISH,NA,https://ftp-trace.ncbi.nlm.nih.gov/ReferenceSamples/giab/data/AshkenazimTrio/HG002_NA24385_son/NIST_Stanford_Moleculo/basespace_bams/007_C_172.bam
HG004,SAMN03283346,ASHKENAZI_JEWISH,NA,https://ftp-trace.ncbi.nlm.nih.gov/ReferenceSamples/giab/data/AshkenazimTrio/HG004_NA24143_mother/CompleteGenomics_normal_RMDNA/mom_NA24143_GS000037262-ASM/BAM/chr8_mapping_sorted_header.bam
HG002,SAMN03283347,ASHKENAZI_JEWISH,NA,https://ftp-trace.ncbi.nlm.nih.gov/ReferenceSamples/giab/data/AshkenazimTrio/HG002_NA24385_son/NIST_Stanford_Moleculo/basespace_bams/007_B_305.bam
HG002,SAMN03283347,ASHKENAZI_JEWISH,NA,https://ftp-trace.ncbi.nlm.nih.gov/ReferenceSamples/giab/data/AshkenazimTrio/HG002_NA24385_son/NIST_Stanford_Moleculo/basespace_bams/007_C_307.bam
HG004,SAMN03283346,ASHKENAZI_JEWISH,GRCh38,https://ftp-trace.ncbi.nlm.nih.gov/ReferenceSamples/giab/data/AshkenazimTrio/HG004_NA24143_mother/PacBio_CCS_15kb_20kb_chemistry2/GRCh38/HG004.SequelII.merged_15kb_20kb.pbmm2.GRCh38.haplotag.10x.bam
HG003,SAMN03283345,ASHKENAZI_JEWISH,NA,https://ftp-trace.ncbi.nlm.nih.gov/ReferenceSamples/giab/data/AshkenazimTrio/HG003_NA24149_father/NIST_Stanford_Moleculo/basespace_bams/008_B_203.bam
HG003,SAMN03283345,ASHKENAZI_JEWISH,NA,https://ftp-trace.ncbi.nlm.nih.gov/ReferenceSamples/giab/data/AshkenazimTrio/HG003_NA24149_father/NIST_Stanford_Moleculo/basespace_bams/008_C_001.bam
HG003,SAMN03283345,ASHKENAZI_JEWISH,NA,https://ftp-trace.ncbi.nlm.nih.gov/ReferenceSamples/giab/data/AshkenazimTrio/HG003_NA24149_father/NIST_Stanford_Moleculo/basespace_bams/008_A_016.bam
HG002,SAMN03283347,ASHKENAZI_JEWISH,NA,https://ftp-trace.ncbi.nlm.nih.gov/ReferenceSamples/giab/data/AshkenazimTrio/HG002_NA24385_son/NIST_Stanford_Moleculo/basespace_bams/007_D_173.bam
HG003,SAMN03283345,ASHKENAZI_JEWISH,GRCh38,https://ftp-trace.ncbi.nlm.nih.gov/ReferenceSamples/giab/data/AshkenazimTrio/HG003_NA24149_father/NIST_Stanford_Illumina_6kb_matepair/bams/GRCh38/HG003.sorted.bam
HG003,SAMN03283345,ASHKENAZI_JEWISH,NA,https://ftp-trace.ncbi.nlm.nih.gov/ReferenceSamples/giab/data/AshkenazimTrio/HG003_NA24149_father/CompleteGenomics_normal_RMDNA/dad_NA24149_GS000037264-ASM/BAM/chr22_mapping_sorted_header.bam
HG003,SAMN03283345,ASHKENAZI_JEWISH,NA,https://ftp-trace.ncbi.nlm.nih.gov/ReferenceSamples/giab/data/AshkenazimTrio/HG003_NA24149_father/NIST_Stanford_Moleculo/basespace_bams/008_B_356.bam
HG003,SAMN03283345,ASHKENAZI_JEWISH,NA,https://ftp-trace.ncbi.nlm.nih.gov/ReferenceSamples/giab/data/AshkenazimTrio/HG003_NA24149_father/NIST_Stanford_Moleculo/basespace_bams/008_C_342.bam
HG002,SAMN03283347,ASHKENAZI_JEWISH,NA,https://ftp-trace.ncbi.nlm.nih.gov/ReferenceSamples/giab/data/AshkenazimTrio/HG002_NA24385_son/NIST_Stanford_Moleculo/basespace_bams/007_A_108.bam
HG003,SAMN03283345,ASHKENAZI_JEWISH,NA,https://ftp-trace.ncbi.nlm.nih.gov/ReferenceSamples/giab/data/AshkenazimTrio/HG003_NA24149_father/NIST_Stanford_Moleculo/basespace_bams/008_D_077.bam
HG002,SAMN03283347,ASHKENAZI_JEWISH,NA,https://ftp-trace.ncbi.nlm.nih.gov/ReferenceSamples/giab/data/AshkenazimTrio/HG002_NA24385_son/NIST_Stanford_Moleculo/basespace_bams/007_A_026.bam
HG003,SAMN03283345,ASHKENAZI_JEWISH,NA,https://ftp-trace.ncbi.nlm.nih.gov/ReferenceSamples/giab/data/AshkenazimTrio/HG003_NA24149_father/NIST_Stanford_Moleculo/basespace_bams/008_D_262.bam
HG004,SAMN03283346,ASHKENAZI_JEWISH,hs37d5,https://ftp-trace.ncbi.nlm.nih.gov/ReferenceSamples/giab/data/AshkenazimTrio/HG004_NA24143_mother/NIST_Illumina_2x250bps/novoalign_bams/HG004.hs37d5.2x250.bam
HG002,SAMN03283347,ASHKENAZI_JEWISH,NA,https://ftp-trace.ncbi.nlm.nih.gov/ReferenceSamples/giab/data/AshkenazimTrio/HG002_NA24385_son/NIST_Stanford_Moleculo/basespace_bams/007_A_358.bam
Not Available,Not Available,Not Available,GRCh38,https://ftp-trace.ncbi.nlm.nih.gov/ReferenceSamples/giab/data/ChineseTrio/analysis/10XGenomics_ChromiumGenome_LongRanger2.2_Supernova2.0.1_04122018/GRCh38/NA24631.GRCh38.phased_possorted_bam.bam
HG003,SAMN03283345,ASHKENAZI_JEWISH,NA,https://ftp-trace.ncbi.nlm.nih.gov/ReferenceSamples/giab/data/AshkenazimTrio/HG003_NA24149_father/NIST_Stanford_Moleculo/basespace_bams/008_A_221.bam
HG003,SAMN03283345,ASHKENAZI_JEWISH,NA,https://ftp-trace.ncbi.nlm.nih.gov/ReferenceSamples/giab/data/AshkenazimTrio/HG003_NA24149_father/NIST_Stanford_Moleculo/basespace_bams/008_C_054.bam
HG004,SAMN03283346,ASHKENAZI_JEWISH,hs37d5,https://ftp-trace.ncbi.nlm.nih.gov/ReferenceSamples/giab/data/AshkenazimTrio/HG004_NA24143_mother/PacBio_MtSinai_NIST/PacBio_minimap2_bam/HG004_PacBio_GRCh37.bam
HG002,SAMN03283347,ASHKENAZI_JEWISH,NA,https://ftp-trace.ncbi.nlm.nih.gov/ReferenceSamples/giab/data/AshkenazimTrio/HG002_NA24385_son/NIST_Stanford_Moleculo/basespace_bams/007_B_350.bam
HG003,SAMN03283345,ASHKENAZI_JEWISH,hs37d5,https://ftp-trace.ncbi.nlm.nih.gov/ReferenceSamples/giab/data/AshkenazimTrio/HG003_NA24149_father/PacBio_MtSinai_NIST/CSHL_bwamem_bam_GRCh37/BWA-MEM_Chr11_HG003_merged_11_12.sort.bam
HG003,SAMN03283345,ASHKENAZI_JEWISH,NA,https://ftp-trace.ncbi.nlm.nih.gov/ReferenceSamples/giab/data/AshkenazimTrio/HG003_NA24149_father/NIST_Stanford_Moleculo/basespace_bams/008_A_067.bam
HG002,SAMN03283347,ASHKENAZI_JEWISH,NA,https://ftp-trace.ncbi.nlm.nih.gov/ReferenceSamples/giab/data/AshkenazimTrio/HG002_NA24385_son/NIST_Stanford_Moleculo/basespace_bams/007_A_051.bam
HG003,SAMN03283345,ASHKENAZI_JEWISH,NA,https://ftp-trace.ncbi.nlm.nih.gov/ReferenceSamples/giab/data/AshkenazimTrio/HG003_NA24149_father/NIST_Stanford_Moleculo/basespace_bams/008_A_332.bam
HG003,SAMN03283345,ASHKENAZI_JEWISH,NA,https://ftp-trace.ncbi.nlm.nih.gov/ReferenceSamples/giab/data/AshkenazimTrio/HG003_NA24149_father/NIST_Stanford_Moleculo/basespace_bams/008_B_242.bam
HG002,SAMN03283347,ASHKENAZI_JEWISH,NA,https://ftp-trace.ncbi.nlm.nih.gov/ReferenceSamples/giab/data/AshkenazimTrio/HG002_NA24385_son/NIST_Stanford_Moleculo/basespace_bams/007_C_134.bam
HG003,SAMN03283345,ASHKENAZI_JEWISH,NA,https://ftp-trace.ncbi.nlm.nih.gov/ReferenceSamples/giab/data/AshkenazimTrio/HG003_NA24149_father/NIST_Stanford_Moleculo/basespace_bams/008_D_094.bam
HG003,SAMN03283345,ASHKENAZI_JEWISH,NA,https://ftp-trace.ncbi.nlm.nih.gov/ReferenceSamples/giab/data/AshkenazimTrio/HG003_NA24149_father/NIST_Stanford_Moleculo/basespace_bams/008_B_364.bam
Not Available,Not Available,Not Available,NA,https://ftp-trace.ncbi.nlm.nih.gov/ReferenceSamples/giab/data/NA12878/Garvan_NA12878_HG001_HiSeq_Exome/project.NIST_NIST7035_H7AP8ADXX_TAAGGCGA_1_NA12878.bwa.markDuplicates.bam
HG002,SAMN03283347,ASHKENAZI_JEWISH,NA,https://ftp-trace.ncbi.nlm.nih.gov/ReferenceSamples/giab/data/AshkenazimTrio/HG002_NA24385_son/NIST_Stanford_Moleculo/basespace_bams/007_B_274.bam
HG003,SAMN03283345,ASHKENAZI_JEWISH,NA,https://ftp-trace.ncbi.nlm.nih.gov/ReferenceSamples/giab/data/AshkenazimTrio/HG003_NA24149_father/NIST_Stanford_Moleculo/basespace_bams/008_D_379.bam
HG002,SAMN03283347,ASHKENAZI_JEWISH,NA,https://ftp-trace.ncbi.nlm.nih.gov/ReferenceSamples/giab/data/AshkenazimTrio/HG002_NA24385_son/NIST_Stanford_Moleculo/basespace_bams/007_A_274.bam
HG002,SAMN03283347,ASHKENAZI_JEWISH,NA,https://ftp-trace.ncbi.nlm.nih.gov/ReferenceSamples/giab/data/AshkenazimTrio/HG002_NA24385_son/NIST_Stanford_Moleculo/basespace_bams/007_A_160.bam
HG003,SAMN03283345,ASHKENAZI_JEWISH,NA,https://ftp-trace.ncbi.nlm.nih.gov/ReferenceSamples/giab/data/AshkenazimTrio/HG003_NA24149_father/NIST_Stanford_Moleculo/basespace_bams/008_A_250.bam
HG002,SAMN03283347,ASHKENAZI_JEWISH,NA,https://ftp-trace.ncbi.nlm.nih.gov/ReferenceSamples/giab/data/AshkenazimTrio/HG002_NA24385_son/NIST_Stanford_Moleculo/basespace_bams/007_A_277.bam
HG002,SAMN03283347,ASHKENAZI_JEWISH,NA,https://ftp-trace.ncbi.nlm.nih.gov/ReferenceSamples/giab/data/AshkenazimTrio/HG002_NA24385_son/NIST_Stanford_Moleculo/basespace_bams/007_A_161.bam
HG003,SAMN03283345,ASHKENAZI_JEWISH,NA,https://ftp-trace.ncbi.nlm.nih.gov/ReferenceSamples/giab/data/AshkenazimTrio/HG003_NA24149_father/CompleteGenomics_normal_RMDNA/dad_NA24149_GS000037264-ASM/BAM/chr19_mapping_sorted_header.bam
HG005,SAMN03283350,HAN_CHINESE,NA,https://ftp-trace.ncbi.nlm.nih.gov/ReferenceSamples/giab/data/ChineseTrio/HG005_NA24631_son/CompleteGenomics_normal_RMDNA/son_NA24631_GS000037265-ASM/BAM/chr6_mapping_sorted_header.bam
HG002,SAMN03283347,ASHKENAZI_JEWISH,NA,https://ftp-trace.ncbi.nlm.nih.gov/ReferenceSamples/giab/data/AshkenazimTrio/HG002_NA24385_son/NIST_Stanford_Moleculo/basespace_bams/007_A_179.bam
HG002,SAMN03283347,ASHKENAZI_JEWISH,NA,https://ftp-trace.ncbi.nlm.nih.gov/ReferenceSamples/giab/data/AshkenazimTrio/HG002_NA24385_son/NIST_Stanford_Moleculo/basespace_bams/007_C_180.bam
HG003,SAMN03283345,ASHKENAZI_JEWISH,NA,https://ftp-trace.ncbi.nlm.nih.gov/ReferenceSamples/giab/data/AshkenazimTrio/HG003_NA24149_father/NIST_Stanford_Moleculo/basespace_bams/008_B_133.bam
HG003,SAMN03283345,ASHKENAZI_JEWISH,NA,https://ftp-trace.ncbi.nlm.nih.gov/ReferenceSamples/giab/data/AshkenazimTrio/HG003_NA24149_father/NIST_Stanford_Moleculo/basespace_bams/008_B_032.bam
HG003,SAMN03283345,ASHKENAZI_JEWISH,NA,https://ftp-trace.ncbi.nlm.nih.gov/ReferenceSamples/giab/data/AshkenazimTrio/HG003_NA24149_father/NIST_Stanford_Moleculo/basespace_bams/008_C_239.bam
HG002,SAMN03283347,ASHKENAZI_JEWISH,NA,https://ftp-trace.ncbi.nlm.nih.gov/ReferenceSamples/giab/data/AshkenazimTrio/HG002_NA24385_son/NIST_Stanford_Moleculo/basespace_bams/007_A_269.bam
HG003,SAMN03283345,ASHKENAZI_JEWISH,NA,https://ftp-trace.ncbi.nlm.nih.gov/ReferenceSamples/giab/data/AshkenazimTrio/HG003_NA24149_father/NIST_Stanford_Moleculo/basespace_bams/008_C_019.bam
HG002,SAMN03283347,ASHKENAZI_JEWISH,NA,https://ftp-trace.ncbi.nlm.nih.gov/ReferenceSamples/giab/data/AshkenazimTrio/HG002_NA24385_son/NIST_Stanford_Moleculo/basespace_bams/007_B_254.bam
HG003,SAMN03283345,ASHKENAZI_JEWISH,NA,https://ftp-trace.ncbi.nlm.nih.gov/ReferenceSamples/giab/data/AshkenazimTrio/HG003_NA24149_father/NIST_Stanford_Moleculo/basespace_bams/008_A_193.bam
HG002,SAMN03283347,ASHKENAZI_JEWISH,NA,https://ftp-trace.ncbi.nlm.nih.gov/ReferenceSamples/giab/data/AshkenazimTrio/HG002_NA24385_son/NIST_Stanford_Moleculo/basespace_bams/007_D_206.bam
HG003,SAMN03283345,ASHKENAZI_JEWISH,NA,https://ftp-trace.ncbi.nlm.nih.gov/ReferenceSamples/giab/data/AshkenazimTrio/HG003_NA24149_father/NIST_Stanford_Moleculo/basespace_bams/008_C_012.bam
HG004,SAMN03283346,ASHKENAZI_JEWISH,NA,https://ftp-trace.ncbi.nlm.nih.gov/ReferenceSamples/giab/data/AshkenazimTrio/HG004_NA24143_mother/PacBio_MtSinai_NIST/MtSinai_blasr_bam_GRCh37/hg004_gr37_3.bam
HG002,SAMN03283347,ASHKENAZI_JEWISH,NA,https://ftp-trace.ncbi.nlm.nih.gov/ReferenceSamples/giab/data/AshkenazimTrio/HG002_NA24385_son/NIST_Stanford_Moleculo/basespace_bams/007_D_270.bam
HG003,SAMN03283345,ASHKENAZI_JEWISH,NA,https://ftp-trace.ncbi.nlm.nih.gov/ReferenceSamples/giab/data/AshkenazimTrio/HG003_NA24149_father/NIST_Stanford_Moleculo/basespace_bams/008_B_332.bam
HG002,SAMN03283347,ASHKENAZI_JEWISH,NA,https://ftp-trace.ncbi.nlm.nih.gov/ReferenceSamples/giab/data/AshkenazimTrio/HG002_NA24385_son/NIST_Stanford_Moleculo/basespace_bams/007_B_053.bam
HG003,SAMN03283345,ASHKENAZI_JEWISH,NA,https://ftp-trace.ncbi.nlm.nih.gov/ReferenceSamples/giab/data/AshkenazimTrio/HG003_NA24149_father/NIST_Stanford_Moleculo/basespace_bams/008_D_020.bam
HG003,SAMN03283345,ASHKENAZI_JEWISH,NA,https://ftp-trace.ncbi.nlm.nih.gov/ReferenceSamples/giab/data/AshkenazimTrio/HG003_NA24149_father/NIST_Stanford_Moleculo/basespace_bams/008_D_259.bam
HG003,SAMN03283345,ASHKENAZI_JEWISH,NA,https://ftp-trace.ncbi.nlm.nih.gov/ReferenceSamples/giab/data/AshkenazimTrio/HG003_NA24149_father/NIST_Stanford_Moleculo/basespace_bams/008_D_038.bam
HG002,SAMN03283347,ASHKENAZI_JEWISH,NA,https://ftp-trace.ncbi.nlm.nih.gov/ReferenceSamples/giab/data/AshkenazimTrio/HG002_NA24385_son/NIST_Stanford_Moleculo/basespace_bams/007_A_231.bam
HG002,SAMN03283347,ASHKENAZI_JEWISH,NA,https://ftp-trace.ncbi.nlm.nih.gov/ReferenceSamples/giab/data/AshkenazimTrio/HG002_NA24385_son/NIST_Stanford_Moleculo/basespace_bams/007_B_066.bam
HG003,SAMN03283345,ASHKENAZI_JEWISH,NA,https://ftp-trace.ncbi.nlm.nih.gov/ReferenceSamples/giab/data/AshkenazimTrio/HG003_NA24149_father/NIST_Stanford_Moleculo/basespace_bams/008_B_325.bam
HG003,SAMN03283345,ASHKENAZI_JEWISH,NA,https://ftp-trace.ncbi.nlm.nih.gov/ReferenceSamples/giab/data/AshkenazimTrio/HG003_NA24149_father/NIST_Stanford_Moleculo/basespace_bams/008_A_018.bam
Not Available,Not Available,Not Available,hg19,https://ftp-trace.ncbi.nlm.nih.gov/ReferenceSamples/giab/data/NA12878/10Xgenomics_ChromiumGenome_LongRanger2.0_06202016/NA12878_GRCh37.bam
HG002,SAMN03283347,ASHKENAZI_JEWISH,NA,https://ftp-trace.ncbi.nlm.nih.gov/ReferenceSamples/giab/data/AshkenazimTrio/HG002_NA24385_son/NIST_Stanford_Moleculo/basespace_bams/007_A_061.bam
HG002,SAMN03283347,ASHKENAZI_JEWISH,NA,https://ftp-trace.ncbi.nlm.nih.gov/ReferenceSamples/giab/data/AshkenazimTrio/HG002_NA24385_son/NIST_Stanford_Moleculo/basespace_bams/007_D_075.bam
HG002,SAMN03283347,ASHKENAZI_JEWISH,NA,https://ftp-trace.ncbi.nlm.nih.gov/ReferenceSamples/giab/data/AshkenazimTrio/HG002_NA24385_son/NIST_Stanford_Moleculo/basespace_bams/007_D_336.bam
HG002,SAMN03283347,ASHKENAZI_JEWISH,NA,https://ftp-trace.ncbi.nlm.nih.gov/ReferenceSamples/giab/data/AshkenazimTrio/HG002_NA24385_son/NIST_Stanford_Moleculo/basespace_bams/007_A_011.bam
HG003,SAMN03283345,ASHKENAZI_JEWISH,NA,https://ftp-trace.ncbi.nlm.nih.gov/ReferenceSamples/giab/data/AshkenazimTrio/HG003_NA24149_father/NIST_Stanford_Moleculo/basespace_bams/008_C_123.bam
HG002,SAMN03283347,ASHKENAZI_JEWISH,NA,https://ftp-trace.ncbi.nlm.nih.gov/ReferenceSamples/giab/data/AshkenazimTrio/HG002_NA24385_son/NIST_Stanford_Moleculo/basespace_bams/007_D_371.bam
HG002,SAMN03283347,ASHKENAZI_JEWISH,NA,https://ftp-trace.ncbi.nlm.nih.gov/ReferenceSamples/giab/data/AshkenazimTrio/HG002_NA24385_son/NIST_Stanford_Moleculo/basespace_bams/007_D_083.bam
HG002,SAMN03283347,ASHKENAZI_JEWISH,NA,https://ftp-trace.ncbi.nlm.nih.gov/ReferenceSamples/giab/data/AshkenazimTrio/HG002_NA24385_son/NIST_Stanford_Moleculo/basespace_bams/007_D_210.bam
HG003,SAMN03283345,ASHKENAZI_JEWISH,NA,https://ftp-trace.ncbi.nlm.nih.gov/ReferenceSamples/giab/data/AshkenazimTrio/HG003_NA24149_father/NIST_Stanford_Moleculo/basespace_bams/008_A_323.bam
HG002,SAMN03283347,ASHKENAZI_JEWISH,NA,https://ftp-trace.ncbi.nlm.nih.gov/ReferenceSamples/giab/data/AshkenazimTrio/HG002_NA24385_son/NIST_Stanford_Moleculo/basespace_bams/007_B_370.bam
HG002,SAMN03283347,ASHKENAZI_JEWISH,NA,https://ftp-trace.ncbi.nlm.nih.gov/ReferenceSamples/giab/data/AshkenazimTrio/HG002_NA24385_son/NIST_Stanford_Moleculo/basespace_bams/007_C_217.bam
HG004,SAMN03283346,ASHKENAZI_JEWISH,hs37d5,https://ftp-trace.ncbi.nlm.nih.gov/ReferenceSamples/giab/data/AshkenazimTrio/HG004_NA24143_mother/NIST_HiSeq_HG004_Homogeneity-14572558/NHGRI_Illumina300X_AJtrio_novoalign_bams/HG004.hs37d5.60x.1.bam
HG003,SAMN03283345,ASHKENAZI_JEWISH,NA,https://ftp-trace.ncbi.nlm.nih.gov/ReferenceSamples/giab/data/AshkenazimTrio/HG003_NA24149_father/NIST_Stanford_Moleculo/basespace_bams/008_A_156.bam
HG003,SAMN03283345,ASHKENAZI_JEWISH,NA,https://ftp-trace.ncbi.nlm.nih.gov/ReferenceSamples/giab/data/AshkenazimTrio/HG003_NA24149_father/NIST_Stanford_Moleculo/basespace_bams/008_C_213.bam
HG002,SAMN03283347,ASHKENAZI_JEWISH,NA,https://ftp-trace.ncbi.nlm.nih.gov/ReferenceSamples/giab/data/AshkenazimTrio/HG002_NA24385_son/NIST_Stanford_Moleculo/basespace_bams/007_D_213.bam
HG002,SAMN03283347,ASHKENAZI_JEWISH,NA,https://ftp-trace.ncbi.nlm.nih.gov/ReferenceSamples/giab/data/AshkenazimTrio/HG002_NA24385_son/NIST_Stanford_Moleculo/basespace_bams/007_A_113.bam
HG002,SAMN03283347,ASHKENAZI_JEWISH,NA,https://ftp-trace.ncbi.nlm.nih.gov/ReferenceSamples/giab/data/AshkenazimTrio/HG002_NA24385_son/NIST_Stanford_Moleculo/basespace_bams/007_D_137.bam
HG002,SAMN03283347,ASHKENAZI_JEWISH,NA,https://ftp-trace.ncbi.nlm.nih.gov/ReferenceSamples/giab/data/AshkenazimTrio/HG002_NA24385_son/NIST_Stanford_Moleculo/basespace_bams/007_B_011.bam
HG002,SAMN03283347,ASHKENAZI_JEWISH,NA,https://ftp-trace.ncbi.nlm.nih.gov/ReferenceSamples/giab/data/AshkenazimTrio/HG002_NA24385_son/NIST_Stanford_Moleculo/basespace_bams/007_C_248.bam
HG002,SAMN03283347,ASHKENAZI_JEWISH,NA,https://ftp-trace.ncbi.nlm.nih.gov/ReferenceSamples/giab/data/AshkenazimTrio/HG002_NA24385_son/NIST_Stanford_Moleculo/basespace_bams/007_B_155.bam
HG002,SAMN03283347,ASHKENAZI_JEWISH,NA,https://ftp-trace.ncbi.nlm.nih.gov/ReferenceSamples/giab/data/AshkenazimTrio/HG002_NA24385_son/NIST_Stanford_Moleculo/basespace_bams/007_D_188.bam
HG002,SAMN03283347,ASHKENAZI_JEWISH,NA,https://ftp-trace.ncbi.nlm.nih.gov/ReferenceSamples/giab/data/AshkenazimTrio/HG002_NA24385_son/NIST_Stanford_Moleculo/basespace_bams/007_B_256.bam
HG006,SAMN03283348,HAN_CHINESE,hs37d5,https://ftp-trace.ncbi.nlm.nih.gov/ReferenceSamples/giab/data/ChineseTrio/HG006_NA24694-huCA017E_father/stLFR/stLFR_NA24694.sort.rmdup.bam
HG002,SAMN03283347,ASHKENAZI_JEWISH,NA,https://ftp-trace.ncbi.nlm.nih.gov/ReferenceSamples/giab/data/AshkenazimTrio/HG002_NA24385_son/NIST_Stanford_Moleculo/basespace_bams/007_C_025.bam
HG002,SAMN03283347,ASHKENAZI_JEWISH,NA,https://ftp-trace.ncbi.nlm.nih.gov/ReferenceSamples/giab/data/AshkenazimTrio/HG002_NA24385_son/NIST_Stanford_Moleculo/basespace_bams/007_A_118.bam
HG003,SAMN03283345,ASHKENAZI_JEWISH,NA,https://ftp-trace.ncbi.nlm.nih.gov/ReferenceSamples/giab/data/AshkenazimTrio/HG003_NA24149_father/NIST_Stanford_Moleculo/basespace_bams/008_C_124.bam
HG003,SAMN03283345,ASHKENAZI_JEWISH,NA,https://ftp-trace.ncbi.nlm.nih.gov/ReferenceSamples/giab/data/AshkenazimTrio/HG003_NA24149_father/NIST_Stanford_Moleculo/basespace_bams/008_B_313.bam
HG002,SAMN03283347,ASHKENAZI_JEWISH,NA,https://ftp-trace.ncbi.nlm.nih.gov/ReferenceSamples/giab/data/AshkenazimTrio/HG002_NA24385_son/NIST_Stanford_Moleculo/basespace_bams/007_C_049.bam
HG003,SAMN03283345,ASHKENAZI_JEWISH,NA,https://ftp-trace.ncbi.nlm.nih.gov/ReferenceSamples/giab/data/AshkenazimTrio/HG003_NA24149_father/NIST_Stanford_Moleculo/basespace_bams/008_B_328.bam
HG002,SAMN03283347,ASHKENAZI_JEWISH,NA,https://ftp-trace.ncbi.nlm.nih.gov/ReferenceSamples/giab/data/AshkenazimTrio/HG002_NA24385_son/NIST_Stanford_Moleculo/basespace_bams/007_D_183.bam
HG002,SAMN03283347,ASHKENAZI_JEWISH,NA,https://ftp-trace.ncbi.nlm.nih.gov/ReferenceSamples/giab/data/AshkenazimTrio/HG002_NA24385_son/NIST_Stanford_Moleculo/basespace_bams/007_C_075.bam
HG003,SAMN03283345,ASHKENAZI_JEWISH,NA,https://ftp-trace.ncbi.nlm.nih.gov/ReferenceSamples/giab/data/AshkenazimTrio/HG003_NA24149_father/NIST_Stanford_Moleculo/basespace_bams/008_D_359.bam
HG006,SAMN03283348,HAN_CHINESE,NA,https://ftp-trace.ncbi.nlm.nih.gov/ReferenceSamples/giab/data/ChineseTrio/HG006_NA24694-huCA017E_father/CompleteGenomics_normal_cellsDNA/dad_NA24694_GS000037476-ASM/BAM/chr2_mapping_sorted_header.bam
HG003,SAMN03283345,ASHKENAZI_JEWISH,NA,https://ftp-trace.ncbi.nlm.nih.gov/ReferenceSamples/giab/data/AshkenazimTrio/HG003_NA24149_father/NIST_Stanford_Moleculo/basespace_bams/008_D_152.bam
HG003,SAMN03283345,ASHKENAZI_JEWISH,NA,https://ftp-trace.ncbi.nlm.nih.gov/ReferenceSamples/giab/data/AshkenazimTrio/HG003_NA24149_father/CompleteGenomics_normal_RMDNA/dad_NA24149_GS000037264-ASM/BAM/chr10_mapping_sorted_header.bam
HG003,SAMN03283345,ASHKENAZI_JEWISH,hs37d5,https://ftp-trace.ncbi.nlm.nih.gov/ReferenceSamples/giab/data/AshkenazimTrio/HG003_NA24149_father/PacBio_MtSinai_NIST/CSHL_bwamem_bam_GRCh37/BWA-MEM_ChrY_HG003_merged_11_12.sort.bam
HG002,SAMN03283347,ASHKENAZI_JEWISH,NA,https://ftp-trace.ncbi.nlm.nih.gov/ReferenceSamples/giab/data/AshkenazimTrio/HG002_NA24385_son/NIST_Stanford_Moleculo/basespace_bams/007_C_230.bam
HG003,SAMN03283345,ASHKENAZI_JEWISH,NA,https://ftp-trace.ncbi.nlm.nih.gov/ReferenceSamples/giab/data/AshkenazimTrio/HG003_NA24149_father/NIST_Stanford_Moleculo/basespace_bams/008_B_050.bam
HG003,SAMN03283345,ASHKENAZI_JEWISH,NA,https://ftp-trace.ncbi.nlm.nih.gov/ReferenceSamples/giab/data/AshkenazimTrio/HG003_NA24149_father/NIST_Stanford_Moleculo/basespace_bams/008_A_291.bam
HG002,SAMN03283347,ASHKENAZI_JEWISH,NA,https://ftp-trace.ncbi.nlm.nih.gov/ReferenceSamples/giab/data/AshkenazimTrio/HG002_NA24385_son/NIST_Stanford_Moleculo/basespace_bams/007_D_171.bam
HG004,SAMN03283346,ASHKENAZI_JEWISH,NA,https://ftp-trace.ncbi.nlm.nih.gov/ReferenceSamples/giab/data/AshkenazimTrio/HG004_NA24143_mother/NIST_Stanford_Illumina_6kb_matepair/bams/HG004.mate_pair.bam
HG003,SAMN03283345,ASHKENAZI_JEWISH,NA,https://ftp-trace.ncbi.nlm.nih.gov/ReferenceSamples/giab/data/AshkenazimTrio/HG003_NA24149_father/NIST_Stanford_Moleculo/basespace_bams/008_C_006.bam
HG002,SAMN03283347,ASHKENAZI_JEWISH,NA,https://ftp-trace.ncbi.nlm.nih.gov/ReferenceSamples/giab/data/AshkenazimTrio/HG002_NA24385_son/NIST_Stanford_Moleculo/basespace_bams/007_D_067.bam
HG003,SAMN03283345,ASHKENAZI_JEWISH,NA,https://ftp-trace.ncbi.nlm.nih.gov/ReferenceSamples/giab/data/AshkenazimTrio/HG003_NA24149_father/NIST_Stanford_Moleculo/basespace_bams/008_D_074.bam
HG005,SAMN03283350,HAN_CHINESE,NA,https://ftp-trace.ncbi.nlm.nih.gov/ReferenceSamples/giab/data/ChineseTrio/HG005_NA24631_son/CompleteGenomics_normal_cellsDNA/son_NA24631_GS000037475-ASM/BAM/notMapped_mapping_sorted_header.bam
HG003,SAMN03283345,ASHKENAZI_JEWISH,NA,https://ftp-trace.ncbi.nlm.nih.gov/ReferenceSamples/giab/data/AshkenazimTrio/HG003_NA24149_father/NIST_Stanford_Moleculo/basespace_bams/008_C_337.bam
HG002,SAMN03283347,ASHKENAZI_JEWISH,NA,https://ftp-trace.ncbi.nlm.nih.gov/ReferenceSamples/giab/data/AshkenazimTrio/HG002_NA24385_son/NIST_Stanford_Moleculo/basespace_bams/007_B_087.bam
HG003,SAMN03283345,ASHKENAZI_JEWISH,NA,https://ftp-trace.ncbi.nlm.nih.gov/ReferenceSamples/giab/data/AshkenazimTrio/HG003_NA24149_father/NIST_Stanford_Moleculo/basespace_bams/008_D_168.bam
HG002,SAMN03283347,ASHKENAZI_JEWISH,NA,https://ftp-trace.ncbi.nlm.nih.gov/ReferenceSamples/giab/data/AshkenazimTrio/HG002_NA24385_son/NIST_Stanford_Moleculo/basespace_bams/007_B_124.bam
HG002,SAMN03283347,ASHKENAZI_JEWISH,hs37d5,https://ftp-trace.ncbi.nlm.nih.gov/ReferenceSamples/giab/data/AshkenazimTrio/HG002_NA24385_son/NIST_Illumina_2x250bps/novoalign_bams/HG002.hs37d5.2x250.bam
HG003,SAMN03283345,ASHKENAZI_JEWISH,NA,https://ftp-trace.ncbi.nlm.nih.gov/ReferenceSamples/giab/data/AshkenazimTrio/HG003_NA24149_father/NIST_Stanford_Moleculo/basespace_bams/008_D_306.bam
HG002,SAMN03283347,ASHKENAZI_JEWISH,NA,https://ftp-trace.ncbi.nlm.nih.gov/ReferenceSamples/giab/data/AshkenazimTrio/HG002_NA24385_son/NIST_Stanford_Moleculo/basespace_bams/007_B_339.bam
HG003,SAMN03283345,ASHKENAZI_JEWISH,NA,https://ftp-trace.ncbi.nlm.nih.gov/ReferenceSamples/giab/data/AshkenazimTrio/HG003_NA24149_father/NIST_Stanford_Moleculo/basespace_bams/008_A_227.bam
HG003,SAMN03283345,ASHKENAZI_JEWISH,NA,https://ftp-trace.ncbi.nlm.nih.gov/ReferenceSamples/giab/data/AshkenazimTrio/HG003_NA24149_father/NIST_Stanford_Moleculo/basespace_bams/008_B_209.bam
HG002,SAMN03283347,ASHKENAZI_JEWISH,NA,https://ftp-trace.ncbi.nlm.nih.gov/ReferenceSamples/giab/data/AshkenazimTrio/HG002_NA24385_son/NIST_Stanford_Moleculo/basespace_bams/007_B_091.bam
HG002,SAMN03283347,ASHKENAZI_JEWISH,NA,https://ftp-trace.ncbi.nlm.nih.gov/ReferenceSamples/giab/data/AshkenazimTrio/HG002_NA24385_son/NIST_Stanford_Moleculo/basespace_bams/007_C_097.bam
HG002,SAMN03283347,ASHKENAZI_JEWISH,NA,https://ftp-trace.ncbi.nlm.nih.gov/ReferenceSamples/giab/data/AshkenazimTrio/HG002_NA24385_son/NIST_Stanford_Moleculo/basespace_bams/007_D_265.bam
HG003,SAMN03283345,ASHKENAZI_JEWISH,NA,https://ftp-trace.ncbi.nlm.nih.gov/ReferenceSamples/giab/data/AshkenazimTrio/HG003_NA24149_father/NIST_Stanford_Moleculo/basespace_bams/008_C_154.bam
HG006,SAMN03283348,HAN_CHINESE,NA,https://ftp-trace.ncbi.nlm.nih.gov/ReferenceSamples/giab/data/ChineseTrio/HG006_NA24694-huCA017E_father/CompleteGenomics_normal_cellsDNA/dad_NA24694_GS000037476-ASM/BAM/chr12_mapping_sorted_header.bam
HG003,SAMN03283345,ASHKENAZI_JEWISH,NA,https://ftp-trace.ncbi.nlm.nih.gov/ReferenceSamples/giab/data/AshkenazimTrio/HG003_NA24149_father/NIST_Stanford_Moleculo/basespace_bams/008_C_221.bam
HG002,SAMN03283347,ASHKENAZI_JEWISH,NA,https://ftp-trace.ncbi.nlm.nih.gov/ReferenceSamples/giab/data/AshkenazimTrio/HG002_NA24385_son/NIST_Stanford_Moleculo/basespace_bams/007_C_275.bam
HG003,SAMN03283345,ASHKENAZI_JEWISH,NA,https://ftp-trace.ncbi.nlm.nih.gov/ReferenceSamples/giab/data/AshkenazimTrio/HG003_NA24149_father/NIST_Stanford_Moleculo/basespace_bams/008_B_230.bam
HG003,SAMN03283345,ASHKENAZI_JEWISH,NA,https://ftp-trace.ncbi.nlm.nih.gov/ReferenceSamples/giab/data/AshkenazimTrio/HG003_NA24149_father/NIST_Stanford_Moleculo/basespace_bams/008_B_304.bam
Not Available,Not Available,Not Available,NA,https://ftp-trace.ncbi.nlm.nih.gov/ReferenceSamples/giab/data/AshkenazimTrio/analysis/DNANEXUS_Parliament_SVs_11062015/HG002.assembled.bam
HG002,SAMN03283347,ASHKENAZI_JEWISH,NA,https://ftp-trace.ncbi.nlm.nih.gov/ReferenceSamples/giab/data/AshkenazimTrio/HG002_NA24385_son/NIST_Stanford_Moleculo/basespace_bams/007_A_267.bam
HG003,SAMN03283345,ASHKENAZI_JEWISH,NA,https://ftp-trace.ncbi.nlm.nih.gov/ReferenceSamples/giab/data/AshkenazimTrio/HG003_NA24149_father/NIST_Stanford_Moleculo/basespace_bams/008_A_033.bam
HG003,SAMN03283345,ASHKENAZI_JEWISH,NA,https://ftp-trace.ncbi.nlm.nih.gov/ReferenceSamples/giab/data/AshkenazimTrio/HG003_NA24149_father/NIST_Stanford_Moleculo/basespace_bams/008_B_023.bam
HG002,SAMN03283347,ASHKENAZI_JEWISH,NA,https://ftp-trace.ncbi.nlm.nih.gov/ReferenceSamples/giab/data/AshkenazimTrio/HG002_NA24385_son/NIST_Stanford_Moleculo/basespace_bams/007_A_001.bam
HG003,SAMN03283345,ASHKENAZI_JEWISH,NA,https://ftp-trace.ncbi.nlm.nih.gov/ReferenceSamples/giab/data/AshkenazimTrio/HG003_NA24149_father/NIST_Stanford_Moleculo/basespace_bams/008_B_346.bam
HG002,SAMN03283347,ASHKENAZI_JEWISH,NA,https://ftp-trace.ncbi.nlm.nih.gov/ReferenceSamples/giab/data/AshkenazimTrio/HG002_NA24385_son/NIST_Stanford_Moleculo/basespace_bams/007_C_373.bam
HG003,SAMN03283345,ASHKENAZI_JEWISH,NA,https://ftp-trace.ncbi.nlm.nih.gov/ReferenceSamples/giab/data/AshkenazimTrio/HG003_NA24149_father/NIST_Stanford_Moleculo/basespace_bams/008_B_004.bam
HG003,SAMN03283345,ASHKENAZI_JEWISH,NA,https://ftp-trace.ncbi.nlm.nih.gov/ReferenceSamples/giab/data/AshkenazimTrio/HG003_NA24149_father/NIST_Stanford_Moleculo/basespace_bams/008_A_279.bam
Not Available,Not Available,Not Available,GRCh38,https://ftp-trace.ncbi.nlm.nih.gov/ReferenceSamples/giab/data/AshkenazimTrio/analysis/T2T-HG002-XY-v2.7/20220324_v0.005_HG002XYvsGRCh38/dipcall-output/GRCh38_T2T-XY-v2.7_dipcall-z2k.hap1.bam
HG002,SAMN03283347,ASHKENAZI_JEWISH,NA,https://ftp-trace.ncbi.nlm.nih.gov/ReferenceSamples/giab/data/AshkenazimTrio/HG002_NA24385_son/NIST_Stanford_Moleculo/basespace_bams/007_B_163.bam
HG003,SAMN03283345,ASHKENAZI_JEWISH,NA,https://ftp-trace.ncbi.nlm.nih.gov/ReferenceSamples/giab/data/AshkenazimTrio/HG003_NA24149_father/NIST_Stanford_Moleculo/basespace_bams/008_A_161.bam
HG002,SAMN03283347,ASHKENAZI_JEWISH,NA,https://ftp-trace.ncbi.nlm.nih.gov/ReferenceSamples/giab/data/AshkenazimTrio/HG002_NA24385_son/NIST_Stanford_Moleculo/basespace_bams/007_A_205.bam
HG002,SAMN03283347,ASHKENAZI_JEWISH,NA,https://ftp-trace.ncbi.nlm.nih.gov/ReferenceSamples/giab/data/AshkenazimTrio/HG002_NA24385_son/NIST_Stanford_Moleculo/basespace_bams/007_A_077.bam
HG002,SAMN03283347,ASHKENAZI_JEWISH,NA,https://ftp-trace.ncbi.nlm.nih.gov/ReferenceSamples/giab/data/AshkenazimTrio/HG002_NA24385_son/NIST_Stanford_Moleculo/basespace_bams/007_C_340.bam
HG003,SAMN03283345,ASHKENAZI_JEWISH,NA,https://ftp-trace.ncbi.nlm.nih.gov/ReferenceSamples/giab/data/AshkenazimTrio/HG003_NA24149_father/NIST_Stanford_Moleculo/basespace_bams/008_C_119.bam
HG003,SAMN03283345,ASHKENAZI_JEWISH,hs37d5,https://ftp-trace.ncbi.nlm.nih.gov/ReferenceSamples/giab/data/AshkenazimTrio/HG003_NA24149_father/UCSC_Ultralong_OxfordNanopore_Promethion/HG003_GRCh37_ONT-UL_UCSC_20200508.bam
HG002,SAMN03283347,ASHKENAZI_JEWISH,NA,https://ftp-trace.ncbi.nlm.nih.gov/ReferenceSamples/giab/data/AshkenazimTrio/HG002_NA24385_son/NIST_Stanford_Moleculo/basespace_bams/007_A_295.bam
HG002,SAMN03283347,ASHKENAZI_JEWISH,NA,https://ftp-trace.ncbi.nlm.nih.gov/ReferenceSamples/giab/data/AshkenazimTrio/HG002_NA24385_son/NIST_Stanford_Moleculo/basespace_bams/007_A_016.bam
HG002,SAMN03283347,ASHKENAZI_JEWISH,NA,https://ftp-trace.ncbi.nlm.nih.gov/ReferenceSamples/giab/data/AshkenazimTrio/HG002_NA24385_son/NIST_Stanford_Moleculo/basespace_bams/007_D_169.bam
HG003,SAMN03283345,ASHKENAZI_JEWISH,NA,https://ftp-trace.ncbi.nlm.nih.gov/ReferenceSamples/giab/data/AshkenazimTrio/HG003_NA24149_father/NIST_Stanford_Moleculo/basespace_bams/008_C_284.bam
HG002,SAMN03283347,ASHKENAZI_JEWISH,NA,https://ftp-trace.ncbi.nlm.nih.gov/ReferenceSamples/giab/data/AshkenazimTrio/HG002_NA24385_son/NIST_Stanford_Moleculo/basespace_bams/007_B_179.bam
HG002,SAMN03283347,ASHKENAZI_JEWISH,NA,https://ftp-trace.ncbi.nlm.nih.gov/ReferenceSamples/giab/data/AshkenazimTrio/HG002_NA24385_son/NIST_Stanford_Moleculo/basespace_bams/007_A_170.bam
HG003,SAMN03283345,ASHKENAZI_JEWISH,NA,https://ftp-trace.ncbi.nlm.nih.gov/ReferenceSamples/giab/data/AshkenazimTrio/HG003_NA24149_father/NIST_Stanford_Moleculo/basespace_bams/008_D_157.bam
HG002,SAMN03283347,ASHKENAZI_JEWISH,NA,https://ftp-trace.ncbi.nlm.nih.gov/ReferenceSamples/giab/data/AshkenazimTrio/HG002_NA24385_son/NIST_Stanford_Moleculo/basespace_bams/007_B_298.bam
HG002,SAMN03283347,ASHKENAZI_JEWISH,NA,https://ftp-trace.ncbi.nlm.nih.gov/ReferenceSamples/giab/data/AshkenazimTrio/HG002_NA24385_son/NIST_Stanford_Moleculo/basespace_bams/007_A_147.bam
HG003,SAMN03283345,ASHKENAZI_JEWISH,NA,https://ftp-trace.ncbi.nlm.nih.gov/ReferenceSamples/giab/data/AshkenazimTrio/HG003_NA24149_father/NIST_Stanford_Moleculo/basespace_bams/008_C_144.bam
HG002,SAMN03283347,ASHKENAZI_JEWISH,NA,https://ftp-trace.ncbi.nlm.nih.gov/ReferenceSamples/giab/data/AshkenazimTrio/HG002_NA24385_son/NIST_Stanford_Moleculo/basespace_bams/007_C_017.bam
HG003,SAMN03283345,ASHKENAZI_JEWISH,NA,https://ftp-trace.ncbi.nlm.nih.gov/ReferenceSamples/giab/data/AshkenazimTrio/HG003_NA24149_father/NIST_Stanford_Moleculo/basespace_bams/008_C_086.bam
Not Available,Not Available,Not Available,hg19,https://ftp-trace.ncbi.nlm.nih.gov/ReferenceSamples/giab/data/ChineseTrio/analysis/10XGenomics_ChromiumGenome_LongRanger2.1_06202017/GM24631_ChineseTrioSon_hg19/GM24631_ChineseTrioSon_hg19_phased_possorted_bam.bam
HG003,SAMN03283345,ASHKENAZI_JEWISH,NA,https://ftp-trace.ncbi.nlm.nih.gov/ReferenceSamples/giab/data/AshkenazimTrio/HG003_NA24149_father/NIST_Stanford_Moleculo/basespace_bams/008_B_141.bam
HG002,SAMN03283347,ASHKENAZI_JEWISH,NA,https://ftp-trace.ncbi.nlm.nih.gov/ReferenceSamples/giab/data/AshkenazimTrio/HG002_NA24385_son/NIST_Stanford_Moleculo/basespace_bams/007_B_357.bam
HG003,SAMN03283345,ASHKENAZI_JEWISH,NA,https://ftp-trace.ncbi.nlm.nih.gov/ReferenceSamples/giab/data/AshkenazimTrio/HG003_NA24149_father/NIST_Stanford_Moleculo/basespace_bams/008_D_128.bam
HG003,SAMN03283345,ASHKENAZI_JEWISH,NA,https://ftp-trace.ncbi.nlm.nih.gov/ReferenceSamples/giab/data/AshkenazimTrio/HG003_NA24149_father/NIST_Stanford_Moleculo/basespace_bams/008_A_112.bam
HG003,SAMN03283345,ASHKENAZI_JEWISH,NA,https://ftp-trace.ncbi.nlm.nih.gov/ReferenceSamples/giab/data/AshkenazimTrio/HG003_NA24149_father/PacBio_MtSinai_NIST/MtSinai_blasr_bam_GRCh37/hg003_gr37_1.bam
HG003,SAMN03283345,ASHKENAZI_JEWISH,NA,https://ftp-trace.ncbi.nlm.nih.gov/ReferenceSamples/giab/data/AshkenazimTrio/HG003_NA24149_father/NIST_Stanford_Moleculo/basespace_bams/008_A_237.bam
HG003,SAMN03283345,ASHKENAZI_JEWISH,NA,https://ftp-trace.ncbi.nlm.nih.gov/ReferenceSamples/giab/data/AshkenazimTrio/HG003_NA24149_father/NIST_Stanford_Moleculo/basespace_bams/008_C_229.bam
HG002,SAMN03283347,ASHKENAZI_JEWISH,NA,https://ftp-trace.ncbi.nlm.nih.gov/ReferenceSamples/giab/data/AshkenazimTrio/HG002_NA24385_son/NIST_Stanford_Moleculo/basespace_bams/007_A_031.bam
HG002,SAMN03283347,ASHKENAZI_JEWISH,NA,https://ftp-trace.ncbi.nlm.nih.gov/ReferenceSamples/giab/data/AshkenazimTrio/HG002_NA24385_son/NIST_Stanford_Moleculo/basespace_bams/007_B_332.bam
Not Available,Not Available,Not Available,hg19,https://ftp-trace.ncbi.nlm.nih.gov/ReferenceSamples/giab/data/AshkenazimTrio/analysis/10XGenomics_ChromiumGenome_LongRanger2.2_Supernova2.0.1_04122018/GRCh37/NA24385_300G/NA24385.GRCh37.phased_possorted_bam.bam
HG003,SAMN03283345,ASHKENAZI_JEWISH,NA,https://ftp-trace.ncbi.nlm.nih.gov/ReferenceSamples/giab/data/AshkenazimTrio/HG003_NA24149_father/NIST_Stanford_Moleculo/basespace_bams/008_B_027.bam
HG002,SAMN03283347,ASHKENAZI_JEWISH,NA,https://ftp-trace.ncbi.nlm.nih.gov/ReferenceSamples/giab/data/AshkenazimTrio/HG002_NA24385_son/NIST_Stanford_Moleculo/basespace_bams/007_D_155.bam
HG002,SAMN03283347,ASHKENAZI_JEWISH,NA,https://ftp-trace.ncbi.nlm.nih.gov/ReferenceSamples/giab/data/AshkenazimTrio/HG002_NA24385_son/NIST_Stanford_Moleculo/basespace_bams/007_C_129.bam
HG002,SAMN03283347,ASHKENAZI_JEWISH,NA,https://ftp-trace.ncbi.nlm.nih.gov/ReferenceSamples/giab/data/AshkenazimTrio/HG002_NA24385_son/NIST_Stanford_Moleculo/basespace_bams/007_C_242.bam
HG002,SAMN03283347,ASHKENAZI_JEWISH,NA,https://ftp-trace.ncbi.nlm.nih.gov/ReferenceSamples/giab/data/AshkenazimTrio/HG002_NA24385_son/NIST_Stanford_Moleculo/basespace_bams/007_D_096.bam
HG003,SAMN03283345,ASHKENAZI_JEWISH,NA,https://ftp-trace.ncbi.nlm.nih.gov/ReferenceSamples/giab/data/AshkenazimTrio/HG003_NA24149_father/NIST_Stanford_Moleculo/basespace_bams/008_C_118.bam
HG005,SAMN03283350,HAN_CHINESE,NA,https://ftp-trace.ncbi.nlm.nih.gov/ReferenceSamples/giab/data/ChineseTrio/HG005_NA24631_son/CompleteGenomics_normal_cellsDNA/son_NA24631_GS000037475-ASM/BAM/chr17_mapping_sorted_header.bam
HG004,SAMN03283346,ASHKENAZI_JEWISH,NA,https://ftp-trace.ncbi.nlm.nih.gov/ReferenceSamples/giab/data/AshkenazimTrio/HG004_NA24143_mother/CompleteGenomics_normal_RMDNA/mom_NA24143_GS000037262-ASM/BAM/chr17_mapping_sorted_header.bam
Not Available,Not Available,Not Available,hg19,https://ftp-trace.ncbi.nlm.nih.gov/ReferenceSamples/giab/data/NA12878/BGISEQ500/standard_library/BGISEQ_PE50_NA12878.sorted.bam
HG002,SAMN03283347,ASHKENAZI_JEWISH,NA,https://ftp-trace.ncbi.nlm.nih.gov/ReferenceSamples/giab/data/AshkenazimTrio/HG002_NA24385_son/NIST_Stanford_Moleculo/basespace_bams/007_C_007.bam
HG002,SAMN03283347,ASHKENAZI_JEWISH,NA,https://ftp-trace.ncbi.nlm.nih.gov/ReferenceSamples/giab/data/AshkenazimTrio/HG002_NA24385_son/NIST_Stanford_Moleculo/basespace_bams/007_A_207.bam
HG003,SAMN03283345,ASHKENAZI_JEWISH,NA,https://ftp-trace.ncbi.nlm.nih.gov/ReferenceSamples/giab/data/AshkenazimTrio/HG003_NA24149_father/NIST_Stanford_Moleculo/basespace_bams/008_C_137.bam
HG003,SAMN03283345,ASHKENAZI_JEWISH,NA,https://ftp-trace.ncbi.nlm.nih.gov/ReferenceSamples/giab/data/AshkenazimTrio/HG003_NA24149_father/NIST_Stanford_Moleculo/basespace_bams/008_A_380.bam
HG002,SAMN03283347,ASHKENAZI_JEWISH,NA,https://ftp-trace.ncbi.nlm.nih.gov/ReferenceSamples/giab/data/AshkenazimTrio/HG002_NA24385_son/NIST_Stanford_Moleculo/basespace_bams/007_C_211.bam
HG003,SAMN03283345,ASHKENAZI_JEWISH,NA,https://ftp-trace.ncbi.nlm.nih.gov/ReferenceSamples/giab/data/AshkenazimTrio/HG003_NA24149_father/NIST_Stanford_Moleculo/basespace_bams/008_B_259.bam
HG002,SAMN03283347,ASHKENAZI_JEWISH,NA,https://ftp-trace.ncbi.nlm.nih.gov/ReferenceSamples/giab/data/AshkenazimTrio/HG002_NA24385_son/NIST_Stanford_Moleculo/basespace_bams/007_B_007.bam
HG002,SAMN03283347,ASHKENAZI_JEWISH,NA,https://ftp-trace.ncbi.nlm.nih.gov/ReferenceSamples/giab/data/AshkenazimTrio/HG002_NA24385_son/NIST_Stanford_Moleculo/basespace_bams/007_A_337.bam
HG003,SAMN03283345,ASHKENAZI_JEWISH,NA,https://ftp-trace.ncbi.nlm.nih.gov/ReferenceSamples/giab/data/AshkenazimTrio/HG003_NA24149_father/NIST_Stanford_Moleculo/basespace_bams/008_B_109.bam
HG002,SAMN03283347,ASHKENAZI_JEWISH,NA,https://ftp-trace.ncbi.nlm.nih.gov/ReferenceSamples/giab/data/AshkenazimTrio/HG002_NA24385_son/NIST_Stanford_Moleculo/basespace_bams/007_A_140.bam
HG003,SAMN03283345,ASHKENAZI_JEWISH,NA,https://ftp-trace.ncbi.nlm.nih.gov/ReferenceSamples/giab/data/AshkenazimTrio/HG003_NA24149_father/NIST_Stanford_Moleculo/basespace_bams/008_A_378.bam
HG003,SAMN03283345,ASHKENAZI_JEWISH,NA,https://ftp-trace.ncbi.nlm.nih.gov/ReferenceSamples/giab/data/AshkenazimTrio/HG003_NA24149_father/NIST_Stanford_Moleculo/basespace_bams/008_B_241.bam
HG002,SAMN03283347,ASHKENAZI_JEWISH,NA,https://ftp-trace.ncbi.nlm.nih.gov/ReferenceSamples/giab/data/AshkenazimTrio/HG002_NA24385_son/NIST_Stanford_Moleculo/basespace_bams/007_A_220.bam
HG003,SAMN03283345,ASHKENAZI_JEWISH,NA,https://ftp-trace.ncbi.nlm.nih.gov/ReferenceSamples/giab/data/AshkenazimTrio/HG003_NA24149_father/NIST_Stanford_Moleculo/basespace_bams/008_C_253.bam
HG002,SAMN03283347,ASHKENAZI_JEWISH,NA,https://ftp-trace.ncbi.nlm.nih.gov/ReferenceSamples/giab/data/AshkenazimTrio/HG002_NA24385_son/NIST_Stanford_Moleculo/basespace_bams/007_D_200.bam
HG003,SAMN03283345,ASHKENAZI_JEWISH,NA,https://ftp-trace.ncbi.nlm.nih.gov/ReferenceSamples/giab/data/AshkenazimTrio/HG003_NA24149_father/NIST_Stanford_Moleculo/basespace_bams/008_A_085.bam
HG003,SAMN03283345,ASHKENAZI_JEWISH,NA,https://ftp-trace.ncbi.nlm.nih.gov/ReferenceSamples/giab/data/AshkenazimTrio/HG003_NA24149_father/NIST_Stanford_Moleculo/basespace_bams/008_D_200.bam
HG006,SAMN03283348,HAN_CHINESE,NA,https://ftp-trace.ncbi.nlm.nih.gov/ReferenceSamples/giab/data/ChineseTrio/HG006_NA24694-huCA017E_father/NIST_Stanford_Illumina_6kb_matepair/bams/HG006.mate_pair.sorted.bam
HG007,SAMN03283349,HAN_CHINESE,hg19,https://ftp-trace.ncbi.nlm.nih.gov/ReferenceSamples/giab/data/ChineseTrio/HG007_NA24695-hu38168_mother/NA24695_Mother_HiSeq100x/NA24695_Mother_HiSeq100x_fastqs/NA24695_Justin-18377364/NA24695_combined-19072106/NA24695-combined_S1.bam
HG002,SAMN03283347,ASHKENAZI_JEWISH,NA,https://ftp-trace.ncbi.nlm.nih.gov/ReferenceSamples/giab/data/AshkenazimTrio/HG002_NA24385_son/NIST_Stanford_Moleculo/basespace_bams/007_B_233.bam
HG004,SAMN03283346,ASHKENAZI_JEWISH,NA,https://ftp-trace.ncbi.nlm.nih.gov/ReferenceSamples/giab/data/AshkenazimTrio/HG004_NA24143_mother/PacBio_MtSinai_NIST/MtSinai_blasr_bam_GRCh37/hg004_gr37_11.bam
HG003,SAMN03283345,ASHKENAZI_JEWISH,NA,https://ftp-trace.ncbi.nlm.nih.gov/ReferenceSamples/giab/data/AshkenazimTrio/HG003_NA24149_father/NIST_Stanford_Moleculo/basespace_bams/008_A_081.bam
HG003,SAMN03283345,ASHKENAZI_JEWISH,NA,https://ftp-trace.ncbi.nlm.nih.gov/ReferenceSamples/giab/data/AshkenazimTrio/HG003_NA24149_father/NIST_Stanford_Moleculo/basespace_bams/008_C_203.bam
HG003,SAMN03283345,ASHKENAZI_JEWISH,hg19,https://ftp-trace.ncbi.nlm.nih.gov/ReferenceSamples/giab/data/AshkenazimTrio/HG003_NA24149_father/NIST_Illumina_2x250bps/HG003_250bp_All_good-29988042/HG003-250bp-All-good_S1.bam
HG003,SAMN03283345,ASHKENAZI_JEWISH,NA,https://ftp-trace.ncbi.nlm.nih.gov/ReferenceSamples/giab/data/AshkenazimTrio/HG003_NA24149_father/NIST_Stanford_Moleculo/basespace_bams/008_C_309.bam
HG003,SAMN03283345,ASHKENAZI_JEWISH,NA,https://ftp-trace.ncbi.nlm.nih.gov/ReferenceSamples/giab/data/AshkenazimTrio/HG003_NA24149_father/NIST_Stanford_Moleculo/basespace_bams/008_A_006.bam
HG002,SAMN03283347,ASHKENAZI_JEWISH,NA,https://ftp-trace.ncbi.nlm.nih.gov/ReferenceSamples/giab/data/AshkenazimTrio/HG002_NA24385_son/NIST_Stanford_Moleculo/basespace_bams/007_D_242.bam
HG003,SAMN03283345,ASHKENAZI_JEWISH,NA,https://ftp-trace.ncbi.nlm.nih.gov/ReferenceSamples/giab/data/AshkenazimTrio/HG003_NA24149_father/NIST_Stanford_Moleculo/basespace_bams/008_C_306.bam
HG002,SAMN03283347,ASHKENAZI_JEWISH,NA,https://ftp-trace.ncbi.nlm.nih.gov/ReferenceSamples/giab/data/AshkenazimTrio/HG002_NA24385_son/NIST_Stanford_Moleculo/basespace_bams/007_D_145.bam
HG003,SAMN03283345,ASHKENAZI_JEWISH,NA,https://ftp-trace.ncbi.nlm.nih.gov/ReferenceSamples/giab/data/AshkenazimTrio/HG003_NA24149_father/NIST_Stanford_Moleculo/basespace_bams/008_B_137.bam
HG002,SAMN03283347,ASHKENAZI_JEWISH,NA,https://ftp-trace.ncbi.nlm.nih.gov/ReferenceSamples/giab/data/AshkenazimTrio/HG002_NA24385_son/NIST_Stanford_Moleculo/basespace_bams/007_A_276.bam
HG002,SAMN03283347,ASHKENAZI_JEWISH,NA,https://ftp-trace.ncbi.nlm.nih.gov/ReferenceSamples/giab/data/AshkenazimTrio/HG002_NA24385_son/NIST_Stanford_Moleculo/basespace_bams/007_B_126.bam
HG003,SAMN03283345,ASHKENAZI_JEWISH,NA,https://ftp-trace.ncbi.nlm.nih.gov/ReferenceSamples/giab/data/AshkenazimTrio/HG003_NA24149_father/NIST_Stanford_Moleculo/basespace_bams/008_B_148.bam
HG002,SAMN03283347,ASHKENAZI_JEWISH,NA,https://ftp-trace.ncbi.nlm.nih.gov/ReferenceSamples/giab/data/AshkenazimTrio/HG002_NA24385_son/NIST_Stanford_Moleculo/basespace_bams/007_C_056.bam
HG002,SAMN03283347,ASHKENAZI_JEWISH,NA,https://ftp-trace.ncbi.nlm.nih.gov/ReferenceSamples/giab/data/AshkenazimTrio/HG002_NA24385_son/NIST_Stanford_Moleculo/basespace_bams/007_C_048.bam
HG002,SAMN03283347,ASHKENAZI_JEWISH,NA,https://ftp-trace.ncbi.nlm.nih.gov/ReferenceSamples/giab/data/AshkenazimTrio/HG002_NA24385_son/NIST_Stanford_Moleculo/basespace_bams/007_C_123.bam
HG003,SAMN03283345,ASHKENAZI_JEWISH,NA,https://ftp-trace.ncbi.nlm.nih.gov/ReferenceSamples/giab/data/AshkenazimTrio/HG003_NA24149_father/NIST_Stanford_Moleculo/basespace_bams/008_D_033.bam
HG002,SAMN03283347,ASHKENAZI_JEWISH,NA,https://ftp-trace.ncbi.nlm.nih.gov/ReferenceSamples/giab/data/AshkenazimTrio/HG002_NA24385_son/NIST_Stanford_Moleculo/basespace_bams/007_A_318.bam
HG003,SAMN03283345,ASHKENAZI_JEWISH,NA,https://ftp-trace.ncbi.nlm.nih.gov/ReferenceSamples/giab/data/AshkenazimTrio/HG003_NA24149_father/NIST_Stanford_Moleculo/basespace_bams/008_C_093.bam
HG002,SAMN03283347,ASHKENAZI_JEWISH,NA,https://ftp-trace.ncbi.nlm.nih.gov/ReferenceSamples/giab/data/AshkenazimTrio/HG002_NA24385_son/NIST_Stanford_Moleculo/basespace_bams/007_A_175.bam
HG003,SAMN03283345,ASHKENAZI_JEWISH,hs37d5,https://ftp-trace.ncbi.nlm.nih.gov/ReferenceSamples/giab/data/AshkenazimTrio/HG003_NA24149_father/PacBio_MtSinai_NIST/CSHL_bwamem_bam_GRCh37/BWA-MEM_Chr4_HG003_merged_11_12.sort.bam
HG003,SAMN03283345,ASHKENAZI_JEWISH,NA,https://ftp-trace.ncbi.nlm.nih.gov/ReferenceSamples/giab/data/AshkenazimTrio/HG003_NA24149_father/NIST_Stanford_Moleculo/basespace_bams/008_D_226.bam
HG005,SAMN03283350,HAN_CHINESE,NA,https://ftp-trace.ncbi.nlm.nih.gov/ReferenceSamples/giab/data/ChineseTrio/HG005_NA24631_son/CompleteGenomics_normal_RMDNA/son_NA24631_GS000037265-ASM/BAM/chr14_mapping_sorted_header.bam
Not Available,Not Available,Not Available,NA,https://ftp-trace.ncbi.nlm.nih.gov/ReferenceSamples/giab/data/NA12878/ion_exome/IonXpress_020_rawlib.hg19.bam
HG003,SAMN03283345,ASHKENAZI_JEWISH,NA,https://ftp-trace.ncbi.nlm.nih.gov/ReferenceSamples/giab/data/AshkenazimTrio/HG003_NA24149_father/NIST_Stanford_Moleculo/basespace_bams/008_B_104.bam
HG003,SAMN03283345,ASHKENAZI_JEWISH,NA,https://ftp-trace.ncbi.nlm.nih.gov/ReferenceSamples/giab/data/AshkenazimTrio/HG003_NA24149_father/NIST_Stanford_Moleculo/basespace_bams/008_A_035.bam
HG003,SAMN03283345,ASHKENAZI_JEWISH,NA,https://ftp-trace.ncbi.nlm.nih.gov/ReferenceSamples/giab/data/AshkenazimTrio/HG003_NA24149_father/NIST_Stanford_Moleculo/basespace_bams/008_D_220.bam
HG007,SAMN03283349,HAN_CHINESE,NA,https://ftp-trace.ncbi.nlm.nih.gov/ReferenceSamples/giab/data/ChineseTrio/HG007_NA24695-hu38168_mother/CompleteGenomics_normal_cellsDNA/mom_NA24695_GS000037477-ASM/BAM/chrX_mapping_sorted_header.bam
HG003,SAMN03283345,ASHKENAZI_JEWISH,NA,https://ftp-trace.ncbi.nlm.nih.gov/ReferenceSamples/giab/data/AshkenazimTrio/HG003_NA24149_father/NIST_Stanford_Moleculo/basespace_bams/008_A_331.bam
HG002,SAMN03283347,ASHKENAZI_JEWISH,NA,https://ftp-trace.ncbi.nlm.nih.gov/ReferenceSamples/giab/data/AshkenazimTrio/HG002_NA24385_son/NIST_Stanford_Moleculo/basespace_bams/007_A_343.bam
HG003,SAMN03283345,ASHKENAZI_JEWISH,NA,https://ftp-trace.ncbi.nlm.nih.gov/ReferenceSamples/giab/data/AshkenazimTrio/HG003_NA24149_father/NIST_Stanford_Moleculo/basespace_bams/008_C_167.bam
HG003,SAMN03283345,ASHKENAZI_JEWISH,NA,https://ftp-trace.ncbi.nlm.nih.gov/ReferenceSamples/giab/data/AshkenazimTrio/HG003_NA24149_father/NIST_Stanford_Moleculo/basespace_bams/008_A_176.bam
HG003,SAMN03283345,ASHKENAZI_JEWISH,NA,https://ftp-trace.ncbi.nlm.nih.gov/ReferenceSamples/giab/data/AshkenazimTrio/HG003_NA24149_father/NIST_Stanford_Moleculo/basespace_bams/008_C_047.bam
HG004,SAMN03283346,ASHKENAZI_JEWISH,NA,https://ftp-trace.ncbi.nlm.nih.gov/ReferenceSamples/giab/data/AshkenazimTrio/HG004_NA24143_mother/NIST_HiSeq_HG004_Homogeneity-14572558/HG004run02-15332344/HG004run02_S1.bam
HG002,SAMN03283347,ASHKENAZI_JEWISH,NA,https://ftp-trace.ncbi.nlm.nih.gov/ReferenceSamples/giab/data/AshkenazimTrio/HG002_NA24385_son/NIST_Stanford_Moleculo/basespace_bams/007_B_147.bam
HG002,SAMN03283347,ASHKENAZI_JEWISH,NA,https://ftp-trace.ncbi.nlm.nih.gov/ReferenceSamples/giab/data/AshkenazimTrio/HG002_NA24385_son/NIST_Stanford_Moleculo/basespace_bams/007_D_243.bam
HG002,SAMN03283347,ASHKENAZI_JEWISH,NA,https://ftp-trace.ncbi.nlm.nih.gov/ReferenceSamples/giab/data/AshkenazimTrio/HG002_NA24385_son/NIST_Stanford_Moleculo/basespace_bams/007_C_158.bam
HG002,SAMN03283347,ASHKENAZI_JEWISH,NA,https://ftp-trace.ncbi.nlm.nih.gov/ReferenceSamples/giab/data/AshkenazimTrio/HG002_NA24385_son/NIST_Stanford_Moleculo/basespace_bams/007_B_322.bam
HG005,SAMN03283350,HAN_CHINESE,NA,https://ftp-trace.ncbi.nlm.nih.gov/ReferenceSamples/giab/data/ChineseTrio/HG005_NA24631_son/CompleteGenomics_normal_cellsDNA/son_NA24631_GS000037475-ASM/BAM/chr8_mapping_sorted_header.bam
HG002,SAMN03283347,ASHKENAZI_JEWISH,NA,https://ftp-trace.ncbi.nlm.nih.gov/ReferenceSamples/giab/data/AshkenazimTrio/HG002_NA24385_son/NIST_Stanford_Moleculo/basespace_bams/007_B_316.bam
HG002,SAMN03283347,ASHKENAZI_JEWISH,NA,https://ftp-trace.ncbi.nlm.nih.gov/ReferenceSamples/giab/data/AshkenazimTrio/HG002_NA24385_son/NIST_Stanford_Moleculo/basespace_bams/007_D_182.bam
HG002,SAMN03283347,ASHKENAZI_JEWISH,NA,https://ftp-trace.ncbi.nlm.nih.gov/ReferenceSamples/giab/data/AshkenazimTrio/HG002_NA24385_son/NIST_Stanford_Moleculo/basespace_bams/007_B_052.bam
HG003,SAMN03283345,ASHKENAZI_JEWISH,NA,https://ftp-trace.ncbi.nlm.nih.gov/ReferenceSamples/giab/data/AshkenazimTrio/HG003_NA24149_father/NIST_Stanford_Moleculo/basespace_bams/008_D_284.bam
Not Available,Not Available,Not Available,hg19,https://ftp-trace.ncbi.nlm.nih.gov/ReferenceSamples/giab/data/NA12878/NA12878_PacBio_MtSinai/merged_ec_output_primary.bam
HG003,SAMN03283345,ASHKENAZI_JEWISH,NA,https://ftp-trace.ncbi.nlm.nih.gov/ReferenceSamples/giab/data/AshkenazimTrio/HG003_NA24149_father/NIST_Stanford_Moleculo/basespace_bams/008_B_237.bam
HG003,SAMN03283345,ASHKENAZI_JEWISH,NA,https://ftp-trace.ncbi.nlm.nih.gov/ReferenceSamples/giab/data/AshkenazimTrio/HG003_NA24149_father/NIST_Stanford_Moleculo/basespace_bams/008_D_032.bam
HG003,SAMN03283345,ASHKENAZI_JEWISH,NA,https://ftp-trace.ncbi.nlm.nih.gov/ReferenceSamples/giab/data/AshkenazimTrio/HG003_NA24149_father/NIST_Stanford_Moleculo/basespace_bams/008_B_049.bam
HG004,SAMN03283346,ASHKENAZI_JEWISH,hs37d5,https://ftp-trace.ncbi.nlm.nih.gov/ReferenceSamples/giab/data/AshkenazimTrio/HG004_NA24143_mother/PacBio_MtSinai_NIST/CSHL_bwamem_bam_GRCh37/BWA-MEM_Chr17_HG004_merged_11_12.sort.bam
HG002,SAMN03283347,ASHKENAZI_JEWISH,NA,https://ftp-trace.ncbi.nlm.nih.gov/ReferenceSamples/giab/data/AshkenazimTrio/HG002_NA24385_son/NIST_Stanford_Moleculo/basespace_bams/007_A_381.bam
HG002,SAMN03283347,ASHKENAZI_JEWISH,NA,https://ftp-trace.ncbi.nlm.nih.gov/ReferenceSamples/giab/data/AshkenazimTrio/HG002_NA24385_son/NIST_Stanford_Moleculo/basespace_bams/007_C_348.bam
HG005,SAMN03283350,HAN_CHINESE,NA,https://ftp-trace.ncbi.nlm.nih.gov/ReferenceSamples/giab/data/ChineseTrio/HG005_NA24631_son/CompleteGenomics_normal_cellsDNA/son_NA24631_GS000037475-ASM/BAM/chr1_mapping_sorted_header.bam
HG003,SAMN03283345,ASHKENAZI_JEWISH,NA,https://ftp-trace.ncbi.nlm.nih.gov/ReferenceSamples/giab/data/AshkenazimTrio/HG003_NA24149_father/NIST_Stanford_Moleculo/basespace_bams/008_A_289.bam
HG002,SAMN03283347,ASHKENAZI_JEWISH,NA,https://ftp-trace.ncbi.nlm.nih.gov/ReferenceSamples/giab/data/AshkenazimTrio/HG002_NA24385_son/NIST_Stanford_Moleculo/basespace_bams/007_C_066.bam
HG002,SAMN03283347,ASHKENAZI_JEWISH,NA,https://ftp-trace.ncbi.nlm.nih.gov/ReferenceSamples/giab/data/AshkenazimTrio/HG002_NA24385_son/NIST_Stanford_Moleculo/basespace_bams/007_A_144.bam
HG003,SAMN03283345,ASHKENAZI_JEWISH,NA,https://ftp-trace.ncbi.nlm.nih.gov/ReferenceSamples/giab/data/AshkenazimTrio/HG003_NA24149_father/NIST_Stanford_Moleculo/basespace_bams/008_B_197.bam
HG007,SAMN03283349,HAN_CHINESE,GRCh38,https://ftp-trace.ncbi.nlm.nih.gov/ReferenceSamples/giab/data/ChineseTrio/HG007_NA24695-hu38168_mother/NA24695_Mother_HiSeq100x/NHGRI_Illumina100X_Chinesetrio_novoalign_bams/HG007.GRCh38_full_plus_hs38d1_analysis_set_minus_alts.100x.bam
HG003,SAMN03283345,ASHKENAZI_JEWISH,NA,https://ftp-trace.ncbi.nlm.nih.gov/ReferenceSamples/giab/data/AshkenazimTrio/HG003_NA24149_father/NIST_Stanford_Moleculo/basespace_bams/008_B_020.bam
HG002,SAMN03283347,ASHKENAZI_JEWISH,NA,https://ftp-trace.ncbi.nlm.nih.gov/ReferenceSamples/giab/data/AshkenazimTrio/HG002_NA24385_son/NIST_Stanford_Moleculo/basespace_bams/007_C_114.bam
HG003,SAMN03283345,ASHKENAZI_JEWISH,NA,https://ftp-trace.ncbi.nlm.nih.gov/ReferenceSamples/giab/data/AshkenazimTrio/HG003_NA24149_father/NIST_Stanford_Moleculo/basespace_bams/008_C_036.bam
HG003,SAMN03283345,ASHKENAZI_JEWISH,NA,https://ftp-trace.ncbi.nlm.nih.gov/ReferenceSamples/giab/data/AshkenazimTrio/HG003_NA24149_father/NIST_Stanford_Moleculo/basespace_bams/008_C_198.bam
HG005,SAMN03283350,HAN_CHINESE,NA,https://ftp-trace.ncbi.nlm.nih.gov/ReferenceSamples/giab/data/ChineseTrio/HG005_NA24631_son/ion_exome/HG005_NA24631_SRR1767455_IonXpress_026_rawlib_24048.bam
HG002,SAMN03283347,ASHKENAZI_JEWISH,NA,https://ftp-trace.ncbi.nlm.nih.gov/ReferenceSamples/giab/data/AshkenazimTrio/HG002_NA24385_son/NIST_Stanford_Moleculo/basespace_bams/007_B_278.bam
HG003,SAMN03283345,ASHKENAZI_JEWISH,NA,https://ftp-trace.ncbi.nlm.nih.gov/ReferenceSamples/giab/data/AshkenazimTrio/HG003_NA24149_father/NIST_Stanford_Moleculo/basespace_bams/008_A_382.bam
HG003,SAMN03283345,ASHKENAZI_JEWISH,NA,https://ftp-trace.ncbi.nlm.nih.gov/ReferenceSamples/giab/data/AshkenazimTrio/HG003_NA24149_father/NIST_Stanford_Moleculo/basespace_bams/008_A_226.bam
HG003,SAMN03283345,ASHKENAZI_JEWISH,NA,https://ftp-trace.ncbi.nlm.nih.gov/ReferenceSamples/giab/data/AshkenazimTrio/HG003_NA24149_father/NIST_Stanford_Moleculo/basespace_bams/008_D_002.bam
HG003,SAMN03283345,ASHKENAZI_JEWISH,NA,https://ftp-trace.ncbi.nlm.nih.gov/ReferenceSamples/giab/data/AshkenazimTrio/HG003_NA24149_father/NIST_Stanford_Moleculo/basespace_bams/008_B_342.bam
HG002,SAMN03283347,ASHKENAZI_JEWISH,NA,https://ftp-trace.ncbi.nlm.nih.gov/ReferenceSamples/giab/data/AshkenazimTrio/HG002_NA24385_son/NIST_Stanford_Moleculo/basespace_bams/007_A_324.bam
HG002,SAMN03283347,ASHKENAZI_JEWISH,NA,https://ftp-trace.ncbi.nlm.nih.gov/ReferenceSamples/giab/data/AshkenazimTrio/HG002_NA24385_son/NIST_Stanford_Moleculo/basespace_bams/007_C_218.bam
HG003,SAMN03283345,ASHKENAZI_JEWISH,NA,https://ftp-trace.ncbi.nlm.nih.gov/ReferenceSamples/giab/data/AshkenazimTrio/HG003_NA24149_father/NIST_Stanford_Moleculo/basespace_bams/008_D_078.bam
HG002,SAMN03283347,ASHKENAZI_JEWISH,NA,https://ftp-trace.ncbi.nlm.nih.gov/ReferenceSamples/giab/data/AshkenazimTrio/HG002_NA24385_son/NIST_Stanford_Moleculo/basespace_bams/007_C_054.bam
HG002,SAMN03283347,ASHKENAZI_JEWISH,NA,https://ftp-trace.ncbi.nlm.nih.gov/ReferenceSamples/giab/data/AshkenazimTrio/HG002_NA24385_son/NIST_Stanford_Moleculo/basespace_bams/007_B_364.bam
HG003,SAMN03283345,ASHKENAZI_JEWISH,NA,https://ftp-trace.ncbi.nlm.nih.gov/ReferenceSamples/giab/data/AshkenazimTrio/HG003_NA24149_father/NIST_Stanford_Moleculo/basespace_bams/008_A_308.bam
HG004,SAMN03283346,ASHKENAZI_JEWISH,NA,https://ftp-trace.ncbi.nlm.nih.gov/ReferenceSamples/giab/data/AshkenazimTrio/HG004_NA24143_mother/NIST_Stanford_Illumina_6kb_matepair/bams/HG004.mate_pair.sorted.bam
HG003,SAMN03283345,ASHKENAZI_JEWISH,NA,https://ftp-trace.ncbi.nlm.nih.gov/ReferenceSamples/giab/data/AshkenazimTrio/HG003_NA24149_father/NIST_Stanford_Moleculo/basespace_bams/008_C_132.bam
HG004,SAMN03283346,ASHKENAZI_JEWISH,NA,https://ftp-trace.ncbi.nlm.nih.gov/ReferenceSamples/giab/data/AshkenazimTrio/HG004_NA24143_mother/CompleteGenomics_normal_RMDNA/mom_NA24143_GS000037262-ASM/BAM/chr13_mapping_sorted_header.bam
HG002,SAMN03283347,ASHKENAZI_JEWISH,NA,https://ftp-trace.ncbi.nlm.nih.gov/ReferenceSamples/giab/data/AshkenazimTrio/HG002_NA24385_son/NIST_Stanford_Moleculo/basespace_bams/007_A_228.bam
HG005,SAMN03283350,HAN_CHINESE,NA,https://ftp-trace.ncbi.nlm.nih.gov/ReferenceSamples/giab/data/ChineseTrio/HG005_NA24631_son/CompleteGenomics_normal_cellsDNA/son_NA24631_GS000037475-ASM/BAM/chr2_mapping_sorted_header.bam
HG003,SAMN03283345,ASHKENAZI_JEWISH,NA,https://ftp-trace.ncbi.nlm.nih.gov/ReferenceSamples/giab/data/AshkenazimTrio/HG003_NA24149_father/NIST_Stanford_Moleculo/basespace_bams/008_D_088.bam
HG006,SAMN03283348,HAN_CHINESE,hs37d5,https://ftp-trace.ncbi.nlm.nih.gov/ReferenceSamples/giab/data/ChineseTrio/HG006_NA24694-huCA017E_father/NA24694_Father_HiSeq100x/NHGRI_Illumina100X_Chinesetrio_novoalign_bams/HG006.hs37d5.100x.bam
HG002,SAMN03283347,ASHKENAZI_JEWISH,NA,https://ftp-trace.ncbi.nlm.nih.gov/ReferenceSamples/giab/data/AshkenazimTrio/HG002_NA24385_son/NIST_Stanford_Moleculo/basespace_bams/007_C_210.bam
HG003,SAMN03283345,ASHKENAZI_JEWISH,NA,https://ftp-trace.ncbi.nlm.nih.gov/ReferenceSamples/giab/data/AshkenazimTrio/HG003_NA24149_father/NIST_Stanford_Moleculo/basespace_bams/008_D_376.bam
HG002,SAMN03283347,ASHKENAZI_JEWISH,NA,https://ftp-trace.ncbi.nlm.nih.gov/ReferenceSamples/giab/data/AshkenazimTrio/HG002_NA24385_son/NIST_Stanford_Moleculo/basespace_bams/007_B_159.bam
HG002,SAMN03283347,ASHKENAZI_JEWISH,NA,https://ftp-trace.ncbi.nlm.nih.gov/ReferenceSamples/giab/data/AshkenazimTrio/HG002_NA24385_son/NIST_Stanford_Moleculo/basespace_bams/007_D_086.bam
HG003,SAMN03283345,ASHKENAZI_JEWISH,NA,https://ftp-trace.ncbi.nlm.nih.gov/ReferenceSamples/giab/data/AshkenazimTrio/HG003_NA24149_father/NIST_Stanford_Moleculo/basespace_bams/008_D_118.bam
HG002,SAMN03283347,ASHKENAZI_JEWISH,NA,https://ftp-trace.ncbi.nlm.nih.gov/ReferenceSamples/giab/data/AshkenazimTrio/HG002_NA24385_son/NIST_Stanford_Moleculo/basespace_bams/007_B_014.bam
HG003,SAMN03283345,ASHKENAZI_JEWISH,NA,https://ftp-trace.ncbi.nlm.nih.gov/ReferenceSamples/giab/data/AshkenazimTrio/HG003_NA24149_father/NIST_Stanford_Moleculo/basespace_bams/008_D_313.bam
HG002,SAMN03283347,ASHKENAZI_JEWISH,NA,https://ftp-trace.ncbi.nlm.nih.gov/ReferenceSamples/giab/data/AshkenazimTrio/HG002_NA24385_son/NIST_Stanford_Moleculo/basespace_bams/007_C_290.bam
HG002,SAMN03283347,ASHKENAZI_JEWISH,NA,https://ftp-trace.ncbi.nlm.nih.gov/ReferenceSamples/giab/data/AshkenazimTrio/HG002_NA24385_son/NIST_Stanford_Moleculo/basespace_bams/007_C_100.bam
HG002,SAMN03283347,ASHKENAZI_JEWISH,NA,https://ftp-trace.ncbi.nlm.nih.gov/ReferenceSamples/giab/data/AshkenazimTrio/HG002_NA24385_son/NIST_Stanford_Moleculo/basespace_bams/007_C_002.bam
Not Available,Not Available,Not Available,hs37d5,https://ftp-trace.ncbi.nlm.nih.gov/ReferenceSamples/giab/data/ChineseTrio/analysis/PacBio_CCS_15kb_20kb_chemistry2_12072020/HG005/HG005.hs37d5.haplotagged_w_10x_reformatted.bam
HG002,SAMN03283347,ASHKENAZI_JEWISH,NA,https://ftp-trace.ncbi.nlm.nih.gov/ReferenceSamples/giab/data/AshkenazimTrio/HG002_NA24385_son/NIST_Stanford_Moleculo/basespace_bams/007_C_269.bam
HG003,SAMN03283345,ASHKENAZI_JEWISH,NA,https://ftp-trace.ncbi.nlm.nih.gov/ReferenceSamples/giab/data/AshkenazimTrio/HG003_NA24149_father/NIST_Stanford_Moleculo/basespace_bams/008_C_005.bam
HG002,SAMN03283347,ASHKENAZI_JEWISH,NA,https://ftp-trace.ncbi.nlm.nih.gov/ReferenceSamples/giab/data/AshkenazimTrio/HG002_NA24385_son/NIST_Stanford_Moleculo/basespace_bams/007_C_241.bam
HG003,SAMN03283345,ASHKENAZI_JEWISH,hs37d5,https://ftp-trace.ncbi.nlm.nih.gov/ReferenceSamples/giab/data/AshkenazimTrio/HG003_NA24149_father/PacBio_MtSinai_NIST/CSHL_bwamem_bam_GRCh37/BWA-MEM_Chr19_HG003_merged_11_12.sort.bam
HG003,SAMN03283345,ASHKENAZI_JEWISH,NA,https://ftp-trace.ncbi.nlm.nih.gov/ReferenceSamples/giab/data/AshkenazimTrio/HG003_NA24149_father/NIST_Stanford_Moleculo/basespace_bams/008_C_285.bam
Not Available,Not Available,Not Available,GRCh38,https://ftp-trace.ncbi.nlm.nih.gov/ReferenceSamples/giab/data/ChineseTrio/analysis/10XGenomics_ChromiumGenome_LongRanger2.2_Supernova2.0.1_04122018/GRCh38/NA24694.GRCh38.phased_possorted_bam.bam
HG002,SAMN03283347,ASHKENAZI_JEWISH,NA,https://ftp-trace.ncbi.nlm.nih.gov/ReferenceSamples/giab/data/AshkenazimTrio/HG002_NA24385_son/NIST_Stanford_Moleculo/basespace_bams/007_C_270.bam
HG002,SAMN03283347,ASHKENAZI_JEWISH,NA,https://ftp-trace.ncbi.nlm.nih.gov/ReferenceSamples/giab/data/AshkenazimTrio/HG002_NA24385_son/NIST_Stanford_Moleculo/basespace_bams/007_B_048.bam
HG002,SAMN03283347,ASHKENAZI_JEWISH,NA,https://ftp-trace.ncbi.nlm.nih.gov/ReferenceSamples/giab/data/AshkenazimTrio/HG002_NA24385_son/NIST_Stanford_Moleculo/basespace_bams/007_D_205.bam
HG002,SAMN03283347,ASHKENAZI_JEWISH,NA,https://ftp-trace.ncbi.nlm.nih.gov/ReferenceSamples/giab/data/AshkenazimTrio/HG002_NA24385_son/NIST_Stanford_Moleculo/basespace_bams/007_D_238.bam
HG002,SAMN03283347,ASHKENAZI_JEWISH,NA,https://ftp-trace.ncbi.nlm.nih.gov/ReferenceSamples/giab/data/AshkenazimTrio/HG002_NA24385_son/NIST_Stanford_Moleculo/basespace_bams/007_C_345.bam
HG003,SAMN03283345,ASHKENAZI_JEWISH,NA,https://ftp-trace.ncbi.nlm.nih.gov/ReferenceSamples/giab/data/AshkenazimTrio/HG003_NA24149_father/NIST_Stanford_Moleculo/basespace_bams/008_C_083.bam
HG003,SAMN03283345,ASHKENAZI_JEWISH,NA,https://ftp-trace.ncbi.nlm.nih.gov/ReferenceSamples/giab/data/AshkenazimTrio/HG003_NA24149_father/NIST_Stanford_Moleculo/basespace_bams/008_C_267.bam
HG002,SAMN03283347,ASHKENAZI_JEWISH,NA,https://ftp-trace.ncbi.nlm.nih.gov/ReferenceSamples/giab/data/AshkenazimTrio/HG002_NA24385_son/NIST_Stanford_Moleculo/basespace_bams/007_D_262.bam
HG002,SAMN03283347,ASHKENAZI_JEWISH,NA,https://ftp-trace.ncbi.nlm.nih.gov/ReferenceSamples/giab/data/AshkenazimTrio/HG002_NA24385_son/NIST_Stanford_Moleculo/basespace_bams/007_A_048.bam
HG003,SAMN03283345,ASHKENAZI_JEWISH,NA,https://ftp-trace.ncbi.nlm.nih.gov/ReferenceSamples/giab/data/AshkenazimTrio/HG003_NA24149_father/NIST_Stanford_Moleculo/basespace_bams/008_D_384.bam
HG002,SAMN03283347,ASHKENAZI_JEWISH,NA,https://ftp-trace.ncbi.nlm.nih.gov/ReferenceSamples/giab/data/AshkenazimTrio/HG002_NA24385_son/NIST_Stanford_Moleculo/basespace_bams/007_B_143.bam
HG002,SAMN03283347,ASHKENAZI_JEWISH,NA,https://ftp-trace.ncbi.nlm.nih.gov/ReferenceSamples/giab/data/AshkenazimTrio/HG002_NA24385_son/NIST_Stanford_Moleculo/basespace_bams/007_B_113.bam
HG002,SAMN03283347,ASHKENAZI_JEWISH,NA,https://ftp-trace.ncbi.nlm.nih.gov/ReferenceSamples/giab/data/AshkenazimTrio/HG002_NA24385_son/NIST_Stanford_Moleculo/basespace_bams/007_B_225.bam
HG004,SAMN03283346,ASHKENAZI_JEWISH,GRCh38,https://ftp-trace.ncbi.nlm.nih.gov/ReferenceSamples/giab/data/AshkenazimTrio/HG004_NA24143_mother/NIST_HiSeq_HG004_Homogeneity-14572558/NHGRI_Illumina300X_AJtrio_novoalign_bams/HG004.GRCh38.60x.1.bam
HG002,SAMN03283347,ASHKENAZI_JEWISH,NA,https://ftp-trace.ncbi.nlm.nih.gov/ReferenceSamples/giab/data/AshkenazimTrio/HG002_NA24385_son/NIST_Stanford_Moleculo/basespace_bams/007_B_309.bam
HG004,SAMN03283346,ASHKENAZI_JEWISH,NA,https://ftp-trace.ncbi.nlm.nih.gov/ReferenceSamples/giab/data/AshkenazimTrio/HG004_NA24143_mother/PacBio_MtSinai_NIST/MtSinai_blasr_bam_GRCh37/hg004_gr37_14.bam
HG006,SAMN03283348,HAN_CHINESE,NA,https://ftp-trace.ncbi.nlm.nih.gov/ReferenceSamples/giab/data/ChineseTrio/HG006_NA24694-huCA017E_father/CompleteGenomics_normal_cellsDNA/dad_NA24694_GS000037476-ASM/BAM/chr4_mapping_sorted_header.bam
HG003,SAMN03283345,ASHKENAZI_JEWISH,NA,https://ftp-trace.ncbi.nlm.nih.gov/ReferenceSamples/giab/data/AshkenazimTrio/HG003_NA24149_father/NIST_Stanford_Moleculo/basespace_bams/008_A_251.bam
HG002,SAMN03283347,ASHKENAZI_JEWISH,NA,https://ftp-trace.ncbi.nlm.nih.gov/ReferenceSamples/giab/data/AshkenazimTrio/HG002_NA24385_son/NIST_Stanford_Moleculo/basespace_bams/007_A_342.bam
HG002,SAMN03283347,ASHKENAZI_JEWISH,NA,https://ftp-trace.ncbi.nlm.nih.gov/ReferenceSamples/giab/data/AshkenazimTrio/HG002_NA24385_son/NIST_Stanford_Moleculo/basespace_bams/007_D_042.bam
HG003,SAMN03283345,ASHKENAZI_JEWISH,NA,https://ftp-trace.ncbi.nlm.nih.gov/ReferenceSamples/giab/data/AshkenazimTrio/HG003_NA24149_father/NIST_Stanford_Moleculo/basespace_bams/008_C_268.bam
HG002,SAMN03283347,ASHKENAZI_JEWISH,NA,https://ftp-trace.ncbi.nlm.nih.gov/ReferenceSamples/giab/data/AshkenazimTrio/HG002_NA24385_son/PacBio_CCS_15kb/alignment/HG002.Sequel.15kb.pbmm2.hs37d5.whatshap.haplotag.RTG.10x.trio.bam
HG003,SAMN03283345,ASHKENAZI_JEWISH,NA,https://ftp-trace.ncbi.nlm.nih.gov/ReferenceSamples/giab/data/AshkenazimTrio/HG003_NA24149_father/NIST_Stanford_Moleculo/basespace_bams/008_B_248.bam
HG002,SAMN03283347,ASHKENAZI_JEWISH,NA,https://ftp-trace.ncbi.nlm.nih.gov/ReferenceSamples/giab/data/AshkenazimTrio/HG002_NA24385_son/CompleteGenomics_normal_RMDNA/son_NA24385_GS000037263-ASM/BAM/chr22_mapping_sorted_header.bam
HG002,SAMN03283347,ASHKENAZI_JEWISH,NA,https://ftp-trace.ncbi.nlm.nih.gov/ReferenceSamples/giab/data/AshkenazimTrio/HG002_NA24385_son/NIST_Stanford_Moleculo/basespace_bams/007_C_186.bam
HG003,SAMN03283345,ASHKENAZI_JEWISH,NA,https://ftp-trace.ncbi.nlm.nih.gov/ReferenceSamples/giab/data/AshkenazimTrio/HG003_NA24149_father/NIST_Stanford_Moleculo/basespace_bams/008_D_291.bam
HG002,SAMN03283347,ASHKENAZI_JEWISH,NA,https://ftp-trace.ncbi.nlm.nih.gov/ReferenceSamples/giab/data/AshkenazimTrio/HG002_NA24385_son/NIST_Stanford_Moleculo/basespace_bams/007_C_280.bam
HG003,SAMN03283345,ASHKENAZI_JEWISH,NA,https://ftp-trace.ncbi.nlm.nih.gov/ReferenceSamples/giab/data/AshkenazimTrio/HG003_NA24149_father/NIST_Stanford_Moleculo/basespace_bams/008_C_025.bam
HG003,SAMN03283345,ASHKENAZI_JEWISH,NA,https://ftp-trace.ncbi.nlm.nih.gov/ReferenceSamples/giab/data/AshkenazimTrio/HG003_NA24149_father/NIST_Stanford_Moleculo/basespace_bams/008_D_303.bam
HG002,SAMN03283347,ASHKENAZI_JEWISH,NA,https://ftp-trace.ncbi.nlm.nih.gov/ReferenceSamples/giab/data/AshkenazimTrio/HG002_NA24385_son/NIST_Stanford_Moleculo/basespace_bams/007_D_079.bam
HG003,SAMN03283345,ASHKENAZI_JEWISH,NA,https://ftp-trace.ncbi.nlm.nih.gov/ReferenceSamples/giab/data/AshkenazimTrio/HG003_NA24149_father/NIST_Stanford_Moleculo/basespace_bams/008_B_326.bam
HG003,SAMN03283345,ASHKENAZI_JEWISH,NA,https://ftp-trace.ncbi.nlm.nih.gov/ReferenceSamples/giab/data/AshkenazimTrio/HG003_NA24149_father/NIST_Stanford_Moleculo/basespace_bams/008_D_185.bam
HG002,SAMN03283347,ASHKENAZI_JEWISH,NA,https://ftp-trace.ncbi.nlm.nih.gov/ReferenceSamples/giab/data/AshkenazimTrio/HG002_NA24385_son/NIST_Stanford_Moleculo/basespace_bams/007_C_196.bam
HG003,SAMN03283345,ASHKENAZI_JEWISH,NA,https://ftp-trace.ncbi.nlm.nih.gov/ReferenceSamples/giab/data/AshkenazimTrio/HG003_NA24149_father/NIST_Stanford_Moleculo/basespace_bams/008_C_324.bam
HG003,SAMN03283345,ASHKENAZI_JEWISH,NA,https://ftp-trace.ncbi.nlm.nih.gov/ReferenceSamples/giab/data/AshkenazimTrio/HG003_NA24149_father/NIST_Stanford_Moleculo/basespace_bams/008_D_331.bam
HG002,SAMN03283347,ASHKENAZI_JEWISH,NA,https://ftp-trace.ncbi.nlm.nih.gov/ReferenceSamples/giab/data/AshkenazimTrio/HG002_NA24385_son/NIST_Stanford_Moleculo/basespace_bams/007_D_122.bam
HG002,SAMN03283347,ASHKENAZI_JEWISH,NA,https://ftp-trace.ncbi.nlm.nih.gov/ReferenceSamples/giab/data/AshkenazimTrio/HG002_NA24385_son/NIST_Stanford_Moleculo/basespace_bams/007_C_038.bam
HG003,SAMN03283345,ASHKENAZI_JEWISH,NA,https://ftp-trace.ncbi.nlm.nih.gov/ReferenceSamples/giab/data/AshkenazimTrio/HG003_NA24149_father/NIST_Stanford_Moleculo/basespace_bams/008_A_173.bam
HG003,SAMN03283345,ASHKENAZI_JEWISH,NA,https://ftp-trace.ncbi.nlm.nih.gov/ReferenceSamples/giab/data/AshkenazimTrio/HG003_NA24149_father/NIST_Stanford_Moleculo/basespace_bams/008_C_018.bam
HG003,SAMN03283345,ASHKENAZI_JEWISH,NA,https://ftp-trace.ncbi.nlm.nih.gov/ReferenceSamples/giab/data/AshkenazimTrio/HG003_NA24149_father/NIST_Stanford_Moleculo/basespace_bams/008_B_066.bam
HG003,SAMN03283345,ASHKENAZI_JEWISH,NA,https://ftp-trace.ncbi.nlm.nih.gov/ReferenceSamples/giab/data/AshkenazimTrio/HG003_NA24149_father/NIST_Stanford_Moleculo/basespace_bams/008_C_106.bam
HG003,SAMN03283345,ASHKENAZI_JEWISH,NA,https://ftp-trace.ncbi.nlm.nih.gov/ReferenceSamples/giab/data/AshkenazimTrio/HG003_NA24149_father/NIST_Stanford_Moleculo/basespace_bams/008_B_321.bam
HG003,SAMN03283345,ASHKENAZI_JEWISH,NA,https://ftp-trace.ncbi.nlm.nih.gov/ReferenceSamples/giab/data/AshkenazimTrio/HG003_NA24149_father/NIST_Stanford_Moleculo/basespace_bams/008_A_042.bam
Not Available,Not Available,Not Available,NA,https://ftp-trace.ncbi.nlm.nih.gov/ReferenceSamples/giab/data/NA12878/NIST_NA12878_HG001_SOLID5500W/131114_HG001_merged.b37.bam
HG002,SAMN03283347,ASHKENAZI_JEWISH,NA,https://ftp-trace.ncbi.nlm.nih.gov/ReferenceSamples/giab/data/AshkenazimTrio/HG002_NA24385_son/NIST_Stanford_Moleculo/basespace_bams/007_D_114.bam
HG002,SAMN03283347,ASHKENAZI_JEWISH,NA,https://ftp-trace.ncbi.nlm.nih.gov/ReferenceSamples/giab/data/AshkenazimTrio/HG002_NA24385_son/NIST_Stanford_Moleculo/basespace_bams/007_D_140.bam
HG003,SAMN03283345,ASHKENAZI_JEWISH,NA,https://ftp-trace.ncbi.nlm.nih.gov/ReferenceSamples/giab/data/AshkenazimTrio/HG003_NA24149_father/NIST_Stanford_Moleculo/basespace_bams/008_C_187.bam
HG003,SAMN03283345,ASHKENAZI_JEWISH,NA,https://ftp-trace.ncbi.nlm.nih.gov/ReferenceSamples/giab/data/AshkenazimTrio/HG003_NA24149_father/NIST_Stanford_Moleculo/basespace_bams/008_A_204.bam
HG002,SAMN03283347,ASHKENAZI_JEWISH,NA,https://ftp-trace.ncbi.nlm.nih.gov/ReferenceSamples/giab/data/AshkenazimTrio/HG002_NA24385_son/NIST_Stanford_Moleculo/basespace_bams/007_C_175.bam
HG003,SAMN03283345,ASHKENAZI_JEWISH,NA,https://ftp-trace.ncbi.nlm.nih.gov/ReferenceSamples/giab/data/AshkenazimTrio/HG003_NA24149_father/NIST_Stanford_Moleculo/basespace_bams/008_B_245.bam
HG003,SAMN03283345,ASHKENAZI_JEWISH,NA,https://ftp-trace.ncbi.nlm.nih.gov/ReferenceSamples/giab/data/AshkenazimTrio/HG003_NA24149_father/NIST_Stanford_Moleculo/basespace_bams/008_D_325.bam
HG004,SAMN03283346,ASHKENAZI_JEWISH,hs37d5,https://ftp-trace.ncbi.nlm.nih.gov/ReferenceSamples/giab/data/AshkenazimTrio/HG004_NA24143_mother/PacBio_MtSinai_NIST/CSHL_bwamem_bam_GRCh37/BWA-MEM_Chr4_HG004_merged_11_12.sort.bam
HG002,SAMN03283347,ASHKENAZI_JEWISH,NA,https://ftp-trace.ncbi.nlm.nih.gov/ReferenceSamples/giab/data/AshkenazimTrio/HG002_NA24385_son/NIST_Stanford_Moleculo/basespace_bams/007_B_019.bam
HG002,SAMN03283347,ASHKENAZI_JEWISH,NA,https://ftp-trace.ncbi.nlm.nih.gov/ReferenceSamples/giab/data/AshkenazimTrio/HG002_NA24385_son/NIST_Stanford_Moleculo/basespace_bams/007_B_258.bam
HG003,SAMN03283345,ASHKENAZI_JEWISH,NA,https://ftp-trace.ncbi.nlm.nih.gov/ReferenceSamples/giab/data/AshkenazimTrio/HG003_NA24149_father/NIST_Stanford_Moleculo/basespace_bams/008_A_038.bam
HG003,SAMN03283345,ASHKENAZI_JEWISH,NA,https://ftp-trace.ncbi.nlm.nih.gov/ReferenceSamples/giab/data/AshkenazimTrio/HG003_NA24149_father/NIST_Stanford_Moleculo/basespace_bams/008_C_087.bam
HG002,SAMN03283347,ASHKENAZI_JEWISH,NA,https://ftp-trace.ncbi.nlm.nih.gov/ReferenceSamples/giab/data/AshkenazimTrio/HG002_NA24385_son/NIST_Stanford_Moleculo/basespace_bams/007_B_328.bam
HG003,SAMN03283345,ASHKENAZI_JEWISH,NA,https://ftp-trace.ncbi.nlm.nih.gov/ReferenceSamples/giab/data/AshkenazimTrio/HG003_NA24149_father/NIST_Stanford_Moleculo/basespace_bams/008_C_294.bam
HG003,SAMN03283345,ASHKENAZI_JEWISH,NA,https://ftp-trace.ncbi.nlm.nih.gov/ReferenceSamples/giab/data/AshkenazimTrio/HG003_NA24149_father/NIST_Stanford_Moleculo/basespace_bams/008_B_130.bam
HG003,SAMN03283345,ASHKENAZI_JEWISH,NA,https://ftp-trace.ncbi.nlm.nih.gov/ReferenceSamples/giab/data/AshkenazimTrio/HG003_NA24149_father/NIST_Stanford_Moleculo/basespace_bams/008_B_278.bam
HG002,SAMN03283347,ASHKENAZI_JEWISH,NA,https://ftp-trace.ncbi.nlm.nih.gov/ReferenceSamples/giab/data/AshkenazimTrio/HG002_NA24385_son/NIST_Stanford_Moleculo/basespace_bams/007_D_366.bam
HG003,SAMN03283345,ASHKENAZI_JEWISH,NA,https://ftp-trace.ncbi.nlm.nih.gov/ReferenceSamples/giab/data/AshkenazimTrio/HG003_NA24149_father/NIST_Stanford_Moleculo/basespace_bams/008_D_008.bam
HG002,SAMN03283347,ASHKENAZI_JEWISH,NA,https://ftp-trace.ncbi.nlm.nih.gov/ReferenceSamples/giab/data/AshkenazimTrio/HG002_NA24385_son/NIST_Stanford_Moleculo/basespace_bams/007_A_182.bam
HG002,SAMN03283347,ASHKENAZI_JEWISH,NA,https://ftp-trace.ncbi.nlm.nih.gov/ReferenceSamples/giab/data/AshkenazimTrio/HG002_NA24385_son/NIST_Stanford_Moleculo/basespace_bams/007_B_297.bam
HG003,SAMN03283345,ASHKENAZI_JEWISH,NA,https://ftp-trace.ncbi.nlm.nih.gov/ReferenceSamples/giab/data/AshkenazimTrio/HG003_NA24149_father/NIST_Stanford_Moleculo/basespace_bams/008_B_210.bam
HG002,SAMN03283347,ASHKENAZI_JEWISH,NA,https://ftp-trace.ncbi.nlm.nih.gov/ReferenceSamples/giab/data/AshkenazimTrio/HG002_NA24385_son/NIST_Stanford_Moleculo/basespace_bams/007_A_271.bam
HG002,SAMN03283347,ASHKENAZI_JEWISH,NA,https://ftp-trace.ncbi.nlm.nih.gov/ReferenceSamples/giab/data/AshkenazimTrio/HG002_NA24385_son/NIST_Stanford_Moleculo/basespace_bams/007_C_168.bam
HG004,SAMN03283346,ASHKENAZI_JEWISH,NA,https://ftp-trace.ncbi.nlm.nih.gov/ReferenceSamples/giab/data/AshkenazimTrio/HG004_NA24143_mother/PacBio_MtSinai_NIST/MtSinai_blasr_bam_GRCh37/hg004_gr37_5.bam
HG003,SAMN03283345,ASHKENAZI_JEWISH,NA,https://ftp-trace.ncbi.nlm.nih.gov/ReferenceSamples/giab/data/AshkenazimTrio/HG003_NA24149_father/NIST_Stanford_Illumina_6kb_matepair/bams/HG003.mate_pair.bam
HG003,SAMN03283345,ASHKENAZI_JEWISH,NA,https://ftp-trace.ncbi.nlm.nih.gov/ReferenceSamples/giab/data/AshkenazimTrio/HG003_NA24149_father/NIST_Stanford_Moleculo/basespace_bams/008_B_296.bam
HG002,SAMN03283347,ASHKENAZI_JEWISH,NA,https://ftp-trace.ncbi.nlm.nih.gov/ReferenceSamples/giab/data/AshkenazimTrio/HG002_NA24385_son/NIST_Stanford_Moleculo/basespace_bams/007_A_359.bam
HG002,SAMN03283347,ASHKENAZI_JEWISH,NA,https://ftp-trace.ncbi.nlm.nih.gov/ReferenceSamples/giab/data/AshkenazimTrio/HG002_NA24385_son/NIST_Stanford_Moleculo/basespace_bams/007_D_141.bam
HG002,SAMN03283347,ASHKENAZI_JEWISH,NA,https://ftp-trace.ncbi.nlm.nih.gov/ReferenceSamples/giab/data/AshkenazimTrio/HG002_NA24385_son/NIST_Stanford_Moleculo/basespace_bams/007_B_260.bam
HG002,SAMN03283347,ASHKENAZI_JEWISH,NA,https://ftp-trace.ncbi.nlm.nih.gov/ReferenceSamples/giab/data/AshkenazimTrio/HG002_NA24385_son/NIST_Stanford_Moleculo/basespace_bams/007_A_242.bam
HG002,SAMN03283347,ASHKENAZI_JEWISH,NA,https://ftp-trace.ncbi.nlm.nih.gov/ReferenceSamples/giab/data/AshkenazimTrio/HG002_NA24385_son/NIST_Stanford_Moleculo/basespace_bams/007_B_128.bam
HG003,SAMN03283345,ASHKENAZI_JEWISH,NA,https://ftp-trace.ncbi.nlm.nih.gov/ReferenceSamples/giab/data/AshkenazimTrio/HG003_NA24149_father/NIST_Stanford_Moleculo/basespace_bams/008_D_273.bam
HG002,SAMN03283347,ASHKENAZI_JEWISH,NA,https://ftp-trace.ncbi.nlm.nih.gov/ReferenceSamples/giab/data/AshkenazimTrio/HG002_NA24385_son/NIST_Stanford_Moleculo/basespace_bams/007_B_252.bam
HG004,SAMN03283346,ASHKENAZI_JEWISH,hg19,https://ftp-trace.ncbi.nlm.nih.gov/ReferenceSamples/giab/data/AshkenazimTrio/HG004_NA24143_mother/NIST_Illumina_2x250bps/HG004_250bp_All-29933060/HG004-250bp-All_S1.bam
HG003,SAMN03283345,ASHKENAZI_JEWISH,NA,https://ftp-trace.ncbi.nlm.nih.gov/ReferenceSamples/giab/data/AshkenazimTrio/HG003_NA24149_father/NIST_Stanford_Moleculo/basespace_bams/008_B_345.bam
HG002,SAMN03283347,ASHKENAZI_JEWISH,NA,https://ftp-trace.ncbi.nlm.nih.gov/ReferenceSamples/giab/data/AshkenazimTrio/HG002_NA24385_son/NIST_Stanford_Moleculo/basespace_bams/007_B_049.bam
HG003,SAMN03283345,ASHKENAZI_JEWISH,NA,https://ftp-trace.ncbi.nlm.nih.gov/ReferenceSamples/giab/data/AshkenazimTrio/HG003_NA24149_father/NIST_Stanford_Moleculo/basespace_bams/008_D_046.bam
HG003,SAMN03283345,ASHKENAZI_JEWISH,NA,https://ftp-trace.ncbi.nlm.nih.gov/ReferenceSamples/giab/data/AshkenazimTrio/HG003_NA24149_father/NIST_Stanford_Moleculo/basespace_bams/008_A_071.bam
HG003,SAMN03283345,ASHKENAZI_JEWISH,NA,https://ftp-trace.ncbi.nlm.nih.gov/ReferenceSamples/giab/data/AshkenazimTrio/HG003_NA24149_father/NIST_Stanford_Moleculo/basespace_bams/008_B_192.bam
HG002,SAMN03283347,ASHKENAZI_JEWISH,NA,https://ftp-trace.ncbi.nlm.nih.gov/ReferenceSamples/giab/data/AshkenazimTrio/HG002_NA24385_son/NIST_Stanford_Moleculo/basespace_bams/007_B_170.bam
HG006,SAMN03283348,HAN_CHINESE,NA,https://ftp-trace.ncbi.nlm.nih.gov/ReferenceSamples/giab/data/ChineseTrio/HG006_NA24694-huCA017E_father/NIST_Stanford_Illumina_6kb_matepair/bams/HG006.mate_pair.bam
HG003,SAMN03283345,ASHKENAZI_JEWISH,NA,https://ftp-trace.ncbi.nlm.nih.gov/ReferenceSamples/giab/data/AshkenazimTrio/HG003_NA24149_father/NIST_Stanford_Moleculo/basespace_bams/008_A_026.bam
HG002,SAMN03283347,ASHKENAZI_JEWISH,NA,https://ftp-trace.ncbi.nlm.nih.gov/ReferenceSamples/giab/data/AshkenazimTrio/HG002_NA24385_son/NIST_Stanford_Moleculo/basespace_bams/007_B_133.bam
HG002,SAMN03283347,ASHKENAZI_JEWISH,NA,https://ftp-trace.ncbi.nlm.nih.gov/ReferenceSamples/giab/data/AshkenazimTrio/HG002_NA24385_son/NIST_Stanford_Moleculo/basespace_bams/007_B_287.bam
HG003,SAMN03283345,ASHKENAZI_JEWISH,NA,https://ftp-trace.ncbi.nlm.nih.gov/ReferenceSamples/giab/data/AshkenazimTrio/HG003_NA24149_father/NIST_Stanford_Moleculo/basespace_bams/008_C_296.bam
HG003,SAMN03283345,ASHKENAZI_JEWISH,NA,https://ftp-trace.ncbi.nlm.nih.gov/ReferenceSamples/giab/data/AshkenazimTrio/HG003_NA24149_father/NIST_Stanford_Moleculo/basespace_bams/008_D_365.bam
HG002,SAMN03283347,ASHKENAZI_JEWISH,NA,https://ftp-trace.ncbi.nlm.nih.gov/ReferenceSamples/giab/data/AshkenazimTrio/HG002_NA24385_son/NIST_Stanford_Moleculo/basespace_bams/007_C_294.bam
HG003,SAMN03283345,ASHKENAZI_JEWISH,NA,https://ftp-trace.ncbi.nlm.nih.gov/ReferenceSamples/giab/data/AshkenazimTrio/HG003_NA24149_father/NIST_Stanford_Moleculo/basespace_bams/008_D_026.bam
HG002,SAMN03283347,ASHKENAZI_JEWISH,NA,https://ftp-trace.ncbi.nlm.nih.gov/ReferenceSamples/giab/data/AshkenazimTrio/HG002_NA24385_son/NIST_Stanford_Moleculo/basespace_bams/007_A_384.bam
HG003,SAMN03283345,ASHKENAZI_JEWISH,NA,https://ftp-trace.ncbi.nlm.nih.gov/ReferenceSamples/giab/data/AshkenazimTrio/HG003_NA24149_father/NIST_Stanford_Moleculo/basespace_bams/008_C_150.bam
HG002,SAMN03283347,ASHKENAZI_JEWISH,NA,https://ftp-trace.ncbi.nlm.nih.gov/ReferenceSamples/giab/data/AshkenazimTrio/HG002_NA24385_son/NIST_Stanford_Moleculo/basespace_bams/007_B_264.bam
HG002,SAMN03283347,ASHKENAZI_JEWISH,NA,https://ftp-trace.ncbi.nlm.nih.gov/ReferenceSamples/giab/data/AshkenazimTrio/HG002_NA24385_son/NIST_Stanford_Moleculo/basespace_bams/007_D_046.bam
HG002,SAMN03283347,ASHKENAZI_JEWISH,NA,https://ftp-trace.ncbi.nlm.nih.gov/ReferenceSamples/giab/data/AshkenazimTrio/HG002_NA24385_son/NIST_Stanford_Moleculo/basespace_bams/007_A_043.bam
HG003,SAMN03283345,ASHKENAZI_JEWISH,NA,https://ftp-trace.ncbi.nlm.nih.gov/ReferenceSamples/giab/data/AshkenazimTrio/HG003_NA24149_father/NIST_Stanford_Moleculo/basespace_bams/008_C_194.bam
HG002,SAMN03283347,ASHKENAZI_JEWISH,NA,https://ftp-trace.ncbi.nlm.nih.gov/ReferenceSamples/giab/data/AshkenazimTrio/HG002_NA24385_son/NIST_Stanford_Moleculo/basespace_bams/007_C_148.bam
Not Available,Not Available,Not Available,GRCh37,https://ftp-trace.ncbi.nlm.nih.gov/ReferenceSamples/giab/data/AshkenazimTrio/analysis/HPRC-HG002.cur.20211005/HPRC-cur.20211005-align2-GRCh37.hap2.bam
HG002,SAMN03283347,ASHKENAZI_JEWISH,NA,https://ftp-trace.ncbi.nlm.nih.gov/ReferenceSamples/giab/data/AshkenazimTrio/HG002_NA24385_son/NIST_Stanford_Moleculo/basespace_bams/007_D_244.bam
HG002,SAMN03283347,ASHKENAZI_JEWISH,NA,https://ftp-trace.ncbi.nlm.nih.gov/ReferenceSamples/giab/data/AshkenazimTrio/HG002_NA24385_son/NIST_Stanford_Moleculo/basespace_bams/007_A_094.bam
HG003,SAMN03283345,ASHKENAZI_JEWISH,NA,https://ftp-trace.ncbi.nlm.nih.gov/ReferenceSamples/giab/data/AshkenazimTrio/HG003_NA24149_father/NIST_Stanford_Moleculo/basespace_bams/008_C_097.bam
HG002,SAMN03283347,ASHKENAZI_JEWISH,NA,https://ftp-trace.ncbi.nlm.nih.gov/ReferenceSamples/giab/data/AshkenazimTrio/HG002_NA24385_son/NIST_Stanford_Moleculo/basespace_bams/007_A_209.bam
HG004,SAMN03283346,ASHKENAZI_JEWISH,GRCh38,https://ftp-trace.ncbi.nlm.nih.gov/ReferenceSamples/giab/data/AshkenazimTrio/HG004_NA24143_mother/NIST_Stanford_Illumina_6kb_matepair/bams/GRCh38/HG004.sorted.bam
HG003,SAMN03283345,ASHKENAZI_JEWISH,NA,https://ftp-trace.ncbi.nlm.nih.gov/ReferenceSamples/giab/data/AshkenazimTrio/HG003_NA24149_father/NIST_Stanford_Moleculo/basespace_bams/008_C_209.bam
HG002,SAMN03283347,ASHKENAZI_JEWISH,NA,https://ftp-trace.ncbi.nlm.nih.gov/ReferenceSamples/giab/data/AshkenazimTrio/HG002_NA24385_son/NIST_Stanford_Moleculo/basespace_bams/007_D_231.bam
HG002,SAMN03283347,ASHKENAZI_JEWISH,NA,https://ftp-trace.ncbi.nlm.nih.gov/ReferenceSamples/giab/data/AshkenazimTrio/HG002_NA24385_son/NIST_Stanford_Moleculo/basespace_bams/007_D_139.bam
HG005,SAMN03283350,HAN_CHINESE,NA,https://ftp-trace.ncbi.nlm.nih.gov/ReferenceSamples/giab/data/ChineseTrio/HG005_NA24631_son/CompleteGenomics_normal_RMDNA/son_NA24631_GS000037265-ASM/BAM/chr12_mapping_sorted_header.bam
HG002,SAMN03283347,ASHKENAZI_JEWISH,NA,https://ftp-trace.ncbi.nlm.nih.gov/ReferenceSamples/giab/data/AshkenazimTrio/HG002_NA24385_son/NIST_Stanford_Moleculo/basespace_bams/007_A_369.bam
HG002,SAMN03283347,ASHKENAZI_JEWISH,NA,https://ftp-trace.ncbi.nlm.nih.gov/ReferenceSamples/giab/data/AshkenazimTrio/HG002_NA24385_son/NIST_Stanford_Moleculo/basespace_bams/007_C_074.bam
HG003,SAMN03283345,ASHKENAZI_JEWISH,NA,https://ftp-trace.ncbi.nlm.nih.gov/ReferenceSamples/giab/data/AshkenazimTrio/HG003_NA24149_father/NIST_Stanford_Moleculo/basespace_bams/008_C_283.bam
HG003,SAMN03283345,ASHKENAZI_JEWISH,NA,https://ftp-trace.ncbi.nlm.nih.gov/ReferenceSamples/giab/data/AshkenazimTrio/HG003_NA24149_father/NIST_Stanford_Moleculo/basespace_bams/008_B_175.bam
HG002,SAMN03283347,ASHKENAZI_JEWISH,NA,https://ftp-trace.ncbi.nlm.nih.gov/ReferenceSamples/giab/data/AshkenazimTrio/HG002_NA24385_son/NIST_Stanford_Moleculo/basespace_bams/007_D_002.bam
HG002,SAMN03283347,ASHKENAZI_JEWISH,NA,https://ftp-trace.ncbi.nlm.nih.gov/ReferenceSamples/giab/data/AshkenazimTrio/HG002_NA24385_son/NIST_Stanford_Moleculo/basespace_bams/007_B_026.bam
HG002,SAMN03283347,ASHKENAZI_JEWISH,NA,https://ftp-trace.ncbi.nlm.nih.gov/ReferenceSamples/giab/data/AshkenazimTrio/HG002_NA24385_son/NIST_Stanford_Moleculo/basespace_bams/007_D_037.bam
HG003,SAMN03283345,ASHKENAZI_JEWISH,NA,https://ftp-trace.ncbi.nlm.nih.gov/ReferenceSamples/giab/data/AshkenazimTrio/HG003_NA24149_father/NIST_Stanford_Moleculo/basespace_bams/008_D_261.bam
HG004,SAMN03283346,ASHKENAZI_JEWISH,NA,https://ftp-trace.ncbi.nlm.nih.gov/ReferenceSamples/giab/data/AshkenazimTrio/HG004_NA24143_mother/CompleteGenomics_normal_RMDNA/mom_NA24143_GS000037262-ASM/BAM/chr18_mapping_sorted_header.bam
HG002,SAMN03283347,ASHKENAZI_JEWISH,NA,https://ftp-trace.ncbi.nlm.nih.gov/ReferenceSamples/giab/data/AshkenazimTrio/HG002_NA24385_son/NIST_Stanford_Moleculo/basespace_bams/007_A_040.bam
HG002,SAMN03283347,ASHKENAZI_JEWISH,NA,https://ftp-trace.ncbi.nlm.nih.gov/ReferenceSamples/giab/data/AshkenazimTrio/HG002_NA24385_son/NIST_Stanford_Moleculo/basespace_bams/007_B_266.bam
HG003,SAMN03283345,ASHKENAZI_JEWISH,NA,https://ftp-trace.ncbi.nlm.nih.gov/ReferenceSamples/giab/data/AshkenazimTrio/HG003_NA24149_father/NIST_Stanford_Moleculo/basespace_bams/008_A_136.bam
HG003,SAMN03283345,ASHKENAZI_JEWISH,NA,https://ftp-trace.ncbi.nlm.nih.gov/ReferenceSamples/giab/data/AshkenazimTrio/HG003_NA24149_father/NIST_Stanford_Moleculo/basespace_bams/008_C_384.bam
HG003,SAMN03283345,ASHKENAZI_JEWISH,NA,https://ftp-trace.ncbi.nlm.nih.gov/ReferenceSamples/giab/data/AshkenazimTrio/HG003_NA24149_father/NIST_Stanford_Moleculo/basespace_bams/008_C_057.bam
HG002,SAMN03283347,ASHKENAZI_JEWISH,NA,https://ftp-trace.ncbi.nlm.nih.gov/ReferenceSamples/giab/data/AshkenazimTrio/HG002_NA24385_son/NIST_Stanford_Moleculo/basespace_bams/007_A_250.bam
HG003,SAMN03283345,ASHKENAZI_JEWISH,NA,https://ftp-trace.ncbi.nlm.nih.gov/ReferenceSamples/giab/data/AshkenazimTrio/HG003_NA24149_father/NIST_Stanford_Moleculo/basespace_bams/008_C_034.bam
HG003,SAMN03283345,ASHKENAZI_JEWISH,NA,https://ftp-trace.ncbi.nlm.nih.gov/ReferenceSamples/giab/data/AshkenazimTrio/HG003_NA24149_father/NIST_Stanford_Moleculo/basespace_bams/008_A_321.bam
HG003,SAMN03283345,ASHKENAZI_JEWISH,NA,https://ftp-trace.ncbi.nlm.nih.gov/ReferenceSamples/giab/data/AshkenazimTrio/HG003_NA24149_father/NIST_Stanford_Moleculo/basespace_bams/008_D_336.bam
HG002,SAMN03283347,ASHKENAZI_JEWISH,NA,https://ftp-trace.ncbi.nlm.nih.gov/ReferenceSamples/giab/data/AshkenazimTrio/HG002_NA24385_son/NIST_Stanford_Moleculo/basespace_bams/007_A_315.bam
HG002,SAMN03283347,ASHKENAZI_JEWISH,NA,https://ftp-trace.ncbi.nlm.nih.gov/ReferenceSamples/giab/data/AshkenazimTrio/HG002_NA24385_son/NIST_Stanford_Moleculo/basespace_bams/007_C_013.bam
HG002,SAMN03283347,ASHKENAZI_JEWISH,NA,https://ftp-trace.ncbi.nlm.nih.gov/ReferenceSamples/giab/data/AshkenazimTrio/HG002_NA24385_son/NIST_Stanford_Moleculo/basespace_bams/007_D_153.bam
HG003,SAMN03283345,ASHKENAZI_JEWISH,NA,https://ftp-trace.ncbi.nlm.nih.gov/ReferenceSamples/giab/data/AshkenazimTrio/HG003_NA24149_father/NIST_Stanford_Moleculo/basespace_bams/008_A_192.bam
HG002,SAMN03283347,ASHKENAZI_JEWISH,NA,https://ftp-trace.ncbi.nlm.nih.gov/ReferenceSamples/giab/data/AshkenazimTrio/HG002_NA24385_son/NIST_Stanford_Moleculo/basespace_bams/007_A_136.bam
HG002,SAMN03283347,ASHKENAZI_JEWISH,NA,https://ftp-trace.ncbi.nlm.nih.gov/ReferenceSamples/giab/data/AshkenazimTrio/HG002_NA24385_son/NIST_Stanford_Moleculo/basespace_bams/007_A_208.bam
HG003,SAMN03283345,ASHKENAZI_JEWISH,NA,https://ftp-trace.ncbi.nlm.nih.gov/ReferenceSamples/giab/data/AshkenazimTrio/HG003_NA24149_father/NIST_Stanford_Moleculo/basespace_bams/008_A_240.bam
HG003,SAMN03283345,ASHKENAZI_JEWISH,NA,https://ftp-trace.ncbi.nlm.nih.gov/ReferenceSamples/giab/data/AshkenazimTrio/HG003_NA24149_father/NIST_Stanford_Moleculo/basespace_bams/008_B_122.bam
HG002,SAMN03283347,ASHKENAZI_JEWISH,NA,https://ftp-trace.ncbi.nlm.nih.gov/ReferenceSamples/giab/data/AshkenazimTrio/HG002_NA24385_son/NIST_Stanford_Moleculo/basespace_bams/007_C_239.bam
HG002,SAMN03283347,ASHKENAZI_JEWISH,NA,https://ftp-trace.ncbi.nlm.nih.gov/ReferenceSamples/giab/data/AshkenazimTrio/HG002_NA24385_son/NIST_Stanford_Moleculo/basespace_bams/007_B_352.bam
HG002,SAMN03283347,ASHKENAZI_JEWISH,NA,https://ftp-trace.ncbi.nlm.nih.gov/ReferenceSamples/giab/data/AshkenazimTrio/HG002_NA24385_son/NIST_Stanford_Moleculo/basespace_bams/007_D_279.bam
HG003,SAMN03283345,ASHKENAZI_JEWISH,NA,https://ftp-trace.ncbi.nlm.nih.gov/ReferenceSamples/giab/data/AshkenazimTrio/HG003_NA24149_father/NIST_Stanford_Moleculo/basespace_bams/008_C_126.bam
HG002,SAMN03283347,ASHKENAZI_JEWISH,NA,https://ftp-trace.ncbi.nlm.nih.gov/ReferenceSamples/giab/data/AshkenazimTrio/HG002_NA24385_son/NIST_Stanford_Moleculo/basespace_bams/007_C_247.bam
HG002,SAMN03283347,ASHKENAZI_JEWISH,NA,https://ftp-trace.ncbi.nlm.nih.gov/ReferenceSamples/giab/data/AshkenazimTrio/HG002_NA24385_son/NIST_Stanford_Moleculo/basespace_bams/007_C_305.bam
HG002,SAMN03283347,ASHKENAZI_JEWISH,NA,https://ftp-trace.ncbi.nlm.nih.gov/ReferenceSamples/giab/data/AshkenazimTrio/HG002_NA24385_son/NIST_Stanford_Moleculo/basespace_bams/007_D_357.bam
HG002,SAMN03283347,ASHKENAZI_JEWISH,NA,https://ftp-trace.ncbi.nlm.nih.gov/ReferenceSamples/giab/data/AshkenazimTrio/HG002_NA24385_son/NIST_Stanford_Moleculo/basespace_bams/007_D_203.bam
HG003,SAMN03283345,ASHKENAZI_JEWISH,NA,https://ftp-trace.ncbi.nlm.nih.gov/ReferenceSamples/giab/data/AshkenazimTrio/HG003_NA24149_father/NIST_Stanford_Moleculo/basespace_bams/008_A_201.bam
HG002,SAMN03283347,ASHKENAZI_JEWISH,NA,https://ftp-trace.ncbi.nlm.nih.gov/ReferenceSamples/giab/data/AshkenazimTrio/HG002_NA24385_son/NIST_Stanford_Moleculo/basespace_bams/007_D_023.bam
HG003,SAMN03283345,ASHKENAZI_JEWISH,NA,https://ftp-trace.ncbi.nlm.nih.gov/ReferenceSamples/giab/data/AshkenazimTrio/HG003_NA24149_father/NIST_Stanford_Moleculo/basespace_bams/008_D_209.bam
HG005,SAMN03283350,HAN_CHINESE,NA,https://ftp-trace.ncbi.nlm.nih.gov/ReferenceSamples/giab/data/ChineseTrio/HG005_NA24631_son/CompleteGenomics_normal_cellsDNA/son_NA24631_GS000037475-ASM/BAM/chr20_mapping_sorted_header.bam
HG002,SAMN03283347,ASHKENAZI_JEWISH,NA,https://ftp-trace.ncbi.nlm.nih.gov/ReferenceSamples/giab/data/AshkenazimTrio/HG002_NA24385_son/NIST_Stanford_Moleculo/basespace_bams/007_B_151.bam
HG003,SAMN03283345,ASHKENAZI_JEWISH,NA,https://ftp-trace.ncbi.nlm.nih.gov/ReferenceSamples/giab/data/AshkenazimTrio/HG003_NA24149_father/NIST_Stanford_Moleculo/basespace_bams/008_C_146.bam
HG003,SAMN03283345,ASHKENAZI_JEWISH,NA,https://ftp-trace.ncbi.nlm.nih.gov/ReferenceSamples/giab/data/AshkenazimTrio/HG003_NA24149_father/NIST_Stanford_Moleculo/basespace_bams/008_C_199.bam
HG003,SAMN03283345,ASHKENAZI_JEWISH,NA,https://ftp-trace.ncbi.nlm.nih.gov/ReferenceSamples/giab/data/AshkenazimTrio/HG003_NA24149_father/NIST_Stanford_Moleculo/basespace_bams/008_B_366.bam
HG002,SAMN03283347,ASHKENAZI_JEWISH,NA,https://ftp-trace.ncbi.nlm.nih.gov/ReferenceSamples/giab/data/AshkenazimTrio/HG002_NA24385_son/NIST_Stanford_Moleculo/basespace_bams/007_C_353.bam
HG003,SAMN03283345,ASHKENAZI_JEWISH,NA,https://ftp-trace.ncbi.nlm.nih.gov/ReferenceSamples/giab/data/AshkenazimTrio/HG003_NA24149_father/NIST_Stanford_Moleculo/basespace_bams/008_D_041.bam
HG002,SAMN03283347,ASHKENAZI_JEWISH,NA,https://ftp-trace.ncbi.nlm.nih.gov/ReferenceSamples/giab/data/AshkenazimTrio/HG002_NA24385_son/NIST_Stanford_Moleculo/basespace_bams/007_C_351.bam
HG002,SAMN03283347,ASHKENAZI_JEWISH,NA,https://ftp-trace.ncbi.nlm.nih.gov/ReferenceSamples/giab/data/AshkenazimTrio/HG002_NA24385_son/NIST_Stanford_Moleculo/basespace_bams/007_C_195.bam
HG003,SAMN03283345,ASHKENAZI_JEWISH,NA,https://ftp-trace.ncbi.nlm.nih.gov/ReferenceSamples/giab/data/AshkenazimTrio/HG003_NA24149_father/NIST_Stanford_Moleculo/basespace_bams/008_D_297.bam
HG002,SAMN03283347,ASHKENAZI_JEWISH,NA,https://ftp-trace.ncbi.nlm.nih.gov/ReferenceSamples/giab/data/AshkenazimTrio/HG002_NA24385_son/NIST_Stanford_Moleculo/basespace_bams/007_C_224.bam
HG003,SAMN03283345,ASHKENAZI_JEWISH,NA,https://ftp-trace.ncbi.nlm.nih.gov/ReferenceSamples/giab/data/AshkenazimTrio/HG003_NA24149_father/NIST_Stanford_Moleculo/basespace_bams/008_D_145.bam
HG003,SAMN03283345,ASHKENAZI_JEWISH,NA,https://ftp-trace.ncbi.nlm.nih.gov/ReferenceSamples/giab/data/AshkenazimTrio/HG003_NA24149_father/NIST_Stanford_Moleculo/basespace_bams/008_A_177.bam
HG002,SAMN03283347,ASHKENAZI_JEWISH,NA,https://ftp-trace.ncbi.nlm.nih.gov/ReferenceSamples/giab/data/AshkenazimTrio/HG002_NA24385_son/NIST_Stanford_Moleculo/basespace_bams/007_A_063.bam
HG003,SAMN03283345,ASHKENAZI_JEWISH,NA,https://ftp-trace.ncbi.nlm.nih.gov/ReferenceSamples/giab/data/AshkenazimTrio/HG003_NA24149_father/NIST_Stanford_Moleculo/basespace_bams/008_B_129.bam
HG003,SAMN03283345,ASHKENAZI_JEWISH,NA,https://ftp-trace.ncbi.nlm.nih.gov/ReferenceSamples/giab/data/AshkenazimTrio/HG003_NA24149_father/NIST_Stanford_Moleculo/basespace_bams/008_C_077.bam
HG002,SAMN03283347,ASHKENAZI_JEWISH,NA,https://ftp-trace.ncbi.nlm.nih.gov/ReferenceSamples/giab/data/AshkenazimTrio/HG002_NA24385_son/NIST_Stanford_Moleculo/basespace_bams/007_D_025.bam
HG003,SAMN03283345,ASHKENAZI_JEWISH,NA,https://ftp-trace.ncbi.nlm.nih.gov/ReferenceSamples/giab/data/AshkenazimTrio/HG003_NA24149_father/NIST_Stanford_Moleculo/basespace_bams/008_D_132.bam
HG003,SAMN03283345,ASHKENAZI_JEWISH,NA,https://ftp-trace.ncbi.nlm.nih.gov/ReferenceSamples/giab/data/AshkenazimTrio/HG003_NA24149_father/NIST_Stanford_Moleculo/basespace_bams/008_D_142.bam
HG003,SAMN03283345,ASHKENAZI_JEWISH,NA,https://ftp-trace.ncbi.nlm.nih.gov/ReferenceSamples/giab/data/AshkenazimTrio/HG003_NA24149_father/NIST_Stanford_Moleculo/basespace_bams/008_A_252.bam
HG003,SAMN03283345,ASHKENAZI_JEWISH,NA,https://ftp-trace.ncbi.nlm.nih.gov/ReferenceSamples/giab/data/AshkenazimTrio/HG003_NA24149_father/NIST_Stanford_Moleculo/basespace_bams/008_C_351.bam
HG002,SAMN03283347,ASHKENAZI_JEWISH,NA,https://ftp-trace.ncbi.nlm.nih.gov/ReferenceSamples/giab/data/AshkenazimTrio/HG002_NA24385_son/NIST_Stanford_Moleculo/basespace_bams/007_D_180.bam
HG003,SAMN03283345,ASHKENAZI_JEWISH,NA,https://ftp-trace.ncbi.nlm.nih.gov/ReferenceSamples/giab/data/AshkenazimTrio/HG003_NA24149_father/NIST_Stanford_Moleculo/basespace_bams/008_D_218.bam
HG003,SAMN03283345,ASHKENAZI_JEWISH,NA,https://ftp-trace.ncbi.nlm.nih.gov/ReferenceSamples/giab/data/AshkenazimTrio/HG003_NA24149_father/NIST_Stanford_Moleculo/basespace_bams/008_B_220.bam
HG003,SAMN03283345,ASHKENAZI_JEWISH,NA,https://ftp-trace.ncbi.nlm.nih.gov/ReferenceSamples/giab/data/AshkenazimTrio/HG003_NA24149_father/NIST_Stanford_Moleculo/basespace_bams/008_A_360.bam
Not Available,Not Available,Not Available,NA,https://ftp-trace.ncbi.nlm.nih.gov/ReferenceSamples/giab/data/NA12878/NIST_NA12878_HG001_HiSeq_300x/RMNISTHS_30xdownsample.bam
HG003,SAMN03283345,ASHKENAZI_JEWISH,NA,https://ftp-trace.ncbi.nlm.nih.gov/ReferenceSamples/giab/data/AshkenazimTrio/HG003_NA24149_father/NIST_Stanford_Moleculo/basespace_bams/008_C_014.bam
HG003,SAMN03283345,ASHKENAZI_JEWISH,NA,https://ftp-trace.ncbi.nlm.nih.gov/ReferenceSamples/giab/data/AshkenazimTrio/HG003_NA24149_father/CompleteGenomics_normal_RMDNA/dad_NA24149_GS000037264-ASM/BAM/chr17_mapping_sorted_header.bam
HG002,SAMN03283347,ASHKENAZI_JEWISH,NA,https://ftp-trace.ncbi.nlm.nih.gov/ReferenceSamples/giab/data/AshkenazimTrio/HG002_NA24385_son/NIST_Stanford_Moleculo/basespace_bams/007_A_148.bam
HG003,SAMN03283345,ASHKENAZI_JEWISH,NA,https://ftp-trace.ncbi.nlm.nih.gov/ReferenceSamples/giab/data/AshkenazimTrio/HG003_NA24149_father/NIST_Stanford_Moleculo/basespace_bams/008_D_061.bam
HG002,SAMN03283347,ASHKENAZI_JEWISH,NA,https://ftp-trace.ncbi.nlm.nih.gov/ReferenceSamples/giab/data/AshkenazimTrio/HG002_NA24385_son/NIST_Stanford_Moleculo/basespace_bams/007_D_014.bam
HG003,SAMN03283345,ASHKENAZI_JEWISH,NA,https://ftp-trace.ncbi.nlm.nih.gov/ReferenceSamples/giab/data/AshkenazimTrio/HG003_NA24149_father/NIST_Stanford_Moleculo/basespace_bams/008_A_198.bam
HG003,SAMN03283345,ASHKENAZI_JEWISH,NA,https://ftp-trace.ncbi.nlm.nih.gov/ReferenceSamples/giab/data/AshkenazimTrio/HG003_NA24149_father/PacBio_MtSinai_NIST/MtSinai_blasr_bam_GRCh37/hg003_gr37_17.bam
HG003,SAMN03283345,ASHKENAZI_JEWISH,NA,https://ftp-trace.ncbi.nlm.nih.gov/ReferenceSamples/giab/data/AshkenazimTrio/HG003_NA24149_father/NIST_Stanford_Moleculo/basespace_bams/008_B_368.bam
HG003,SAMN03283345,ASHKENAZI_JEWISH,NA,https://ftp-trace.ncbi.nlm.nih.gov/ReferenceSamples/giab/data/AshkenazimTrio/HG003_NA24149_father/NIST_Stanford_Moleculo/basespace_bams/008_A_287.bam
HG002,SAMN03283347,ASHKENAZI_JEWISH,NA,https://ftp-trace.ncbi.nlm.nih.gov/ReferenceSamples/giab/data/AshkenazimTrio/HG002_NA24385_son/NIST_HiSeq_HG002_Homogeneity-10953946/HG002Run01-11419412/HG002run1_S1.bam
HG002,SAMN03283347,ASHKENAZI_JEWISH,NA,https://ftp-trace.ncbi.nlm.nih.gov/ReferenceSamples/giab/data/AshkenazimTrio/HG002_NA24385_son/NIST_Stanford_Moleculo/basespace_bams/007_D_212.bam
HG004,SAMN03283346,ASHKENAZI_JEWISH,NA,https://ftp-trace.ncbi.nlm.nih.gov/ReferenceSamples/giab/data/AshkenazimTrio/HG004_NA24143_mother/CompleteGenomics_normal_RMDNA/mom_NA24143_GS000037262-ASM/BAM/chr20_mapping_sorted_header.bam
HG005,SAMN03283350,HAN_CHINESE,NA,https://ftp-trace.ncbi.nlm.nih.gov/ReferenceSamples/giab/data/ChineseTrio/HG005_NA24631_son/CompleteGenomics_normal_cellsDNA/son_NA24631_GS000037475-ASM/BAM/chr10_mapping_sorted_header.bam
HG003,SAMN03283345,ASHKENAZI_JEWISH,NA,https://ftp-trace.ncbi.nlm.nih.gov/ReferenceSamples/giab/data/AshkenazimTrio/HG003_NA24149_father/NIST_Stanford_Moleculo/basespace_bams/008_C_070.bam
HG002,SAMN03283347,ASHKENAZI_JEWISH,NA,https://ftp-trace.ncbi.nlm.nih.gov/ReferenceSamples/giab/data/AshkenazimTrio/HG002_NA24385_son/NIST_Stanford_Moleculo/basespace_bams/007_C_327.bam
HG002,SAMN03283347,ASHKENAZI_JEWISH,NA,https://ftp-trace.ncbi.nlm.nih.gov/ReferenceSamples/giab/data/AshkenazimTrio/HG002_NA24385_son/NIST_Stanford_Moleculo/basespace_bams/007_C_299.bam
HG002,SAMN03283347,ASHKENAZI_JEWISH,NA,https://ftp-trace.ncbi.nlm.nih.gov/ReferenceSamples/giab/data/AshkenazimTrio/HG002_NA24385_son/NIST_Stanford_Moleculo/basespace_bams/007_A_246.bam
HG002,SAMN03283347,ASHKENAZI_JEWISH,NA,https://ftp-trace.ncbi.nlm.nih.gov/ReferenceSamples/giab/data/AshkenazimTrio/HG002_NA24385_son/NIST_Stanford_Moleculo/basespace_bams/007_A_194.bam
HG003,SAMN03283345,ASHKENAZI_JEWISH,NA,https://ftp-trace.ncbi.nlm.nih.gov/ReferenceSamples/giab/data/AshkenazimTrio/HG003_NA24149_father/NIST_Stanford_Moleculo/basespace_bams/008_B_223.bam
HG003,SAMN03283345,ASHKENAZI_JEWISH,NA,https://ftp-trace.ncbi.nlm.nih.gov/ReferenceSamples/giab/data/AshkenazimTrio/HG003_NA24149_father/NIST_Stanford_Moleculo/basespace_bams/008_A_225.bam
HG002,SAMN03283347,ASHKENAZI_JEWISH,NA,https://ftp-trace.ncbi.nlm.nih.gov/ReferenceSamples/giab/data/AshkenazimTrio/HG002_NA24385_son/NIST_Stanford_Moleculo/basespace_bams/007_A_090.bam
HG003,SAMN03283345,ASHKENAZI_JEWISH,NA,https://ftp-trace.ncbi.nlm.nih.gov/ReferenceSamples/giab/data/AshkenazimTrio/HG003_NA24149_father/NIST_Stanford_Moleculo/basespace_bams/008_B_140.bam
HG002,SAMN03283347,ASHKENAZI_JEWISH,NA,https://ftp-trace.ncbi.nlm.nih.gov/ReferenceSamples/giab/data/AshkenazimTrio/HG002_NA24385_son/NIST_Stanford_Moleculo/basespace_bams/007_B_329.bam
HG004,SAMN03283346,ASHKENAZI_JEWISH,NA,https://ftp-trace.ncbi.nlm.nih.gov/ReferenceSamples/giab/data/AshkenazimTrio/HG004_NA24143_mother/PacBio_MtSinai_NIST/MtSinai_blasr_bam_GRCh37/hg004_gr37_2.bam
HG002,SAMN03283347,ASHKENAZI_JEWISH,NA,https://ftp-trace.ncbi.nlm.nih.gov/ReferenceSamples/giab/data/AshkenazimTrio/HG002_NA24385_son/NIST_Stanford_Moleculo/basespace_bams/007_D_294.bam
HG003,SAMN03283345,ASHKENAZI_JEWISH,NA,https://ftp-trace.ncbi.nlm.nih.gov/ReferenceSamples/giab/data/AshkenazimTrio/HG003_NA24149_father/NIST_Stanford_Moleculo/basespace_bams/008_A_324.bam
HG002,SAMN03283347,ASHKENAZI_JEWISH,NA,https://ftp-trace.ncbi.nlm.nih.gov/ReferenceSamples/giab/data/AshkenazimTrio/HG002_NA24385_son/NIST_Stanford_Moleculo/basespace_bams/007_D_337.bam
HG002,SAMN03283347,ASHKENAZI_JEWISH,NA,https://ftp-trace.ncbi.nlm.nih.gov/ReferenceSamples/giab/data/AshkenazimTrio/HG002_NA24385_son/NIST_Stanford_Moleculo/basespace_bams/007_D_174.bam
HG003,SAMN03283345,ASHKENAZI_JEWISH,NA,https://ftp-trace.ncbi.nlm.nih.gov/ReferenceSamples/giab/data/AshkenazimTrio/HG003_NA24149_father/NIST_Stanford_Moleculo/basespace_bams/008_B_233.bam
